#
# A fatal error has been detected by the Java Runtime Environment:
#
#  SIGSEGV (0xb) at pc=0x0000000101448638, pid=9767, tid=27395
#
# JRE version: OpenJDK Runtime Environment Microsoft-10800294 (17.0.14+7) (build 17.0.14+7-LTS)
# Java VM: OpenJDK 64-Bit Server VM Microsoft-10800294 (17.0.14+7-LTS, mixed mode, sharing, tiered, compressed oops, compressed class ptrs, g1 gc, bsd-aarch64)
# Problematic frame:
# V  [libjvm.dylib+0x298638]  Compile::start() const+0xc
#
# No core dump will be written. Core dumps have been disabled. To enable core dumping, try "ulimit -c unlimited" before starting Java again
#
# If you would like to submit a bug report, please visit:
#   https://github.com/microsoft/openjdk/issues
#

---------------  S U M M A R Y ------------

Command Line: --add-opens=java.base/java.lang=ALL-UNNAMED --add-opens=java.base/java.lang.invoke=ALL-UNNAMED --add-opens=java.base/java.util=ALL-UNNAMED --add-opens=java.prefs/java.util.prefs=ALL-UNNAMED --add-exports=jdk.compiler/com.sun.tools.javac.api=ALL-UNNAMED --add-exports=jdk.compiler/com.sun.tools.javac.util=ALL-UNNAMED --add-opens=java.base/java.util=ALL-UNNAMED --add-opens=java.prefs/java.util.prefs=ALL-UNNAMED --add-opens=java.base/java.nio.charset=ALL-UNNAMED --add-opens=java.base/java.net=ALL-UNNAMED --add-opens=java.base/java.util.concurrent.atomic=ALL-UNNAMED --add-opens=java.xml/javax.xml.namespace=ALL-UNNAMED -Xmx2000m -Dfile.encoding=UTF-8 -Duser.country=VN -Duser.language=en -Duser.variant -javaagent:/Users/tanpt/.gradle/wrapper/dists/gradle-8.11.1-bin/bpt9gzteqjrbo1mjrsomdt32c/gradle-8.11.1/lib/agents/gradle-instrumentation-agent-8.11.1.jar org.gradle.launcher.daemon.bootstrap.GradleDaemon 8.11.1

Host: "MacBookPro18,1" arm64, 10 cores, 16G, Darwin 24.0.0, macOS 15.0.1 (24A348)
Time: Sat Apr 12 14:52:13 2025 +07 elapsed time: 101.813969 seconds (0d 0h 1m 41s)

---------------  T H R E A D  ---------------

Current thread (0x0000000126046200):  JavaThread "C2 CompilerThread0" daemon [_thread_in_native, id=27395, stack(0x0000000171734000,0x0000000171937000)]


Current CompileTask:
C2: 101814 54943       4       org.jetbrains.org.objectweb.asm.ClassReader::readElementValue (1237 bytes)

Stack: [0x0000000171734000,0x0000000171937000],  sp=0x0000000171933740,  free space=2045k
Native frames: (J=compiled Java code, j=interpreted, Vv=VM code, C=native code)
V  [libjvm.dylib+0x298638]  Compile::start() const+0xc
V  [libjvm.dylib+0x6f7c4c]  PhaseMacroExpand::value_from_mem(Node*, Node*, BasicType, Type const*, TypeOopPtr const*, AllocateNode*)+0x64
V  [libjvm.dylib+0x6f94cc]  PhaseMacroExpand::create_scalarized_object_description(AllocateNode*, SafePointNode*)+0x450
V  [libjvm.dylib+0x354384]  ConnectionGraph::reduce_phi_on_safepoints(PhiNode*, Unique_Node_List*)+0x434
V  [libjvm.dylib+0x352dc8]  ConnectionGraph::reduce_phi(PhiNode*)+0x17c
V  [libjvm.dylib+0x34f65c]  ConnectionGraph::compute_escape()+0xd10
V  [libjvm.dylib+0x34e8a4]  ConnectionGraph::do_analysis(Compile*, PhaseIterGVN*)+0xd0
V  [libjvm.dylib+0x299260]  Compile::Optimize()+0x9c0
V  [libjvm.dylib+0x297a5c]  Compile::Compile(ciEnv*, ciMethod*, int, bool, bool, bool, bool, bool, bool, bool, DirectiveSet*)+0xb30
V  [libjvm.dylib+0x29a428]  Compile::Compile(ciEnv*, ciMethod*, int, bool, bool, bool, bool, bool, bool, bool, DirectiveSet*)+0x30
V  [libjvm.dylib+0x204e44]  C2Compiler::compile_method(ciEnv*, ciMethod*, int, bool, DirectiveSet*)+0x12c
V  [libjvm.dylib+0x2a9570]  CompileBroker::invoke_compiler_on_method(CompileTask*)+0x548
V  [libjvm.dylib+0x2a8e7c]  CompileBroker::compiler_thread_loop()+0x3f0
V  [libjvm.dylib+0x9bdd98]  JavaThread::thread_main_inner()+0x15c
V  [libjvm.dylib+0x9bc3b4]  Thread::call_run()+0xcc
V  [libjvm.dylib+0x7d8c84]  thread_native_entry(Thread*)+0x158
C  [libsystem_pthread.dylib+0x72e4]  _pthread_start+0x88


siginfo: si_signo: 11 (SIGSEGV), si_code: 2 (SEGV_ACCERR), si_addr: 0x0000000000000020

Registers:
 x0=0x0000000171936078  x1=0x00000001265b1190  x2=0x0000000000000000  x3=0x0000000000000000
 x4=0x000000012606a308  x5=0x00000001265b1190  x6=0x00000003303e6b10  x7=0x0000000000000ca8
 x8=0x0000000000000000  x9=0x000000016a1df410 x10=0x00000001265b3600 x11=0x00000001265b3600
x12=0x0000000000000001 x13=0x0000000000000000 x14=0x0000000126a50740 x15=0x000000011587ed98
x16=0x0000000000000040 x17=0x0000600001d55ce0 x18=0x0000000000000000 x19=0x00000001719338f0
x20=0x00000003303e6b10 x21=0x00000001265b1190 x22=0x00000003303e6b10 x23=0x000000000000000a
x24=0x000000000000000c x25=0x00000003303cac58 x26=0x000000000000003d x27=0x000000012606a308
x28=0x000000000000000c  fp=0x0000000171933740  lr=0x00000001018a7c4c  sp=0x0000000171933740
pc=0x0000000101448638 cpsr=0x0000000060001000

Register to memory mapping:

 x0=0x0000000171936078 is pointing into the stack for thread: 0x0000000126046200
 x1=0x00000001265b1190 points into unknown readable memory: 0x0000000101de3558 | 58 35 de 01 01 00 00 00
 x2=0x0 is NULL
 x3=0x0 is NULL
 x4=0x000000012606a308 points into unknown readable memory: 0x0000000101de3280 | 80 32 de 01 01 00 00 00
 x5=0x00000001265b1190 points into unknown readable memory: 0x0000000101de3558 | 58 35 de 01 01 00 00 00
 x6=0x00000003303e6b10 points into unknown readable memory: 0x0000000101da6df0 | f0 6d da 01 01 00 00 00
 x7=0x0000000000000ca8 is an unknown value
 x8=0x0 is NULL
 x9=0x000000016a1df410 points into unknown readable memory: 0x00000001153edc10 | 10 dc 3e 15 01 00 00 00
x10=0x00000001265b3600 points into unknown readable memory: 0x000000012682cc00 | 00 cc 82 26 01 00 00 00
x11=0x00000001265b3600 points into unknown readable memory: 0x000000012682cc00 | 00 cc 82 26 01 00 00 00
x12=0x0000000000000001 is an unknown value
x13=0x0 is NULL
x14=0x0000000126a50740 points into unknown readable memory: 0x0000000101dd6ef0 | f0 6e dd 01 01 00 00 00
x15=0x000000011587ed98 points into unknown readable memory: 0x0000000101dd9028 | 28 90 dd 01 01 00 00 00
x16=0x0000000000000040 is an unknown value
x17=0x0000600001d55ce0 points into unknown readable memory: 0xfffffffffffffffe | fe ff ff ff ff ff ff ff
x18=0x0 is NULL
x19=0x00000001719338f0 is pointing into the stack for thread: 0x0000000126046200
x20=0x00000003303e6b10 points into unknown readable memory: 0x0000000101da6df0 | f0 6d da 01 01 00 00 00
x21=0x00000001265b1190 points into unknown readable memory: 0x0000000101de3558 | 58 35 de 01 01 00 00 00
x22=0x00000003303e6b10 points into unknown readable memory: 0x0000000101da6df0 | f0 6d da 01 01 00 00 00
x23=0x000000000000000a is an unknown value
x24=0x000000000000000c is an unknown value
x25=0x00000003303cac58 points into unknown readable memory: 0x0000000101dd6ef0 | f0 6e dd 01 01 00 00 00
x26=0x000000000000003d is an unknown value
x27=0x000000012606a308 points into unknown readable memory: 0x0000000101de3280 | 80 32 de 01 01 00 00 00
x28=0x000000000000000c is an unknown value


Top of Stack: (sp=0x0000000171933740)
0x0000000171933740:   0000000171933810 00000001018a7c4c
0x0000000171933750:   0000000126a2bb70 00000001265b1190
0x0000000171933760:   000000012606a308 00000001265b35b0
0x0000000171933770:   0000000171933780 0000000101b82e38
0x0000000171933780:   00000001719337e0 00000001014e89c8
0x0000000171933790:   000000000000000c 000000012606a308
0x00000001719337a0:   00000001265b0e30 000000000000000a
0x00000001719337b0:   0000000333091cf0 00000001719338f0
0x00000001719337c0:   000000000000000c 000000012606a308
0x00000001719337d0:   00000001265b0e30 000000000000000a
0x00000001719337e0:   0000000333091cf0 00000001719338f0
0x00000001719337f0:   00000003303e6b10 0000000000000000
0x0000000171933800:   0000000000000000 0000000126a2b820
0x0000000171933810:   00000001719338b0 00000001018a94cc
0x0000000171933820:   0000000101db8528 00000001163c4188
0x0000000171933830:   0000000126a2b820 00000001900a2c70
0x0000000171933840:   00000001265b0e30 0000000333091cf0
0x0000000171933850:   0000000000000004 0000000000000000
0x0000000171933860:   000000032b14e920 0000000126a2b820
0x0000000171933870:   00000001163c4118 00000003303e6b10
0x0000000171933880:   0000000000000000 0000000000000001
0x0000000171933890:   0000000000000006 0000000171936078
0x00000001719338a0:   0000000123a73350 0000000126ef4c10
0x00000001719338b0:   00000001719339b0 0000000101504384
0x00000001719338c0:   00000001163c3f98 000000033310ef48
0x00000001719338d0:   00000001719339c8 00000001900a2c70
0x00000001719338e0:   00000001163c3e58 0000000000000000
0x00000001719338f0:   000000000000000f 0000000171936078
0x0000000171933900:   0000000171934930 0000000101b8091c
0x0000000171933910:   0000000000000001 0000000147c26780
0x0000000171933920:   0000000000000004 0000000000000020
0x0000000171933930:   0000600003856160 0000000147c26760 

Instructions: (pc=0x0000000101448638)
0x0000000101448538:   b4 0a 00 f9 75 16 04 f9 fd 7b 42 a9 f4 4f 41 a9
0x0000000101448548:   f6 57 c3 a8 c0 03 5f d6 f4 4f be a9 fd 7b 01 a9
0x0000000101448558:   fd 43 00 91 f3 03 01 aa c8 4e 00 f0 08 8d 0c 91
0x0000000101448568:   03 01 40 39 04 00 80 52 8f e2 1c 94 1f 4c 04 a9
0x0000000101448578:   1f 40 01 39 1f 1c 00 f9 fd 7b 41 a9 f4 4f c2 a8
0x0000000101448588:   c0 03 5f d6 fd 7b bf a9 fd 03 00 91 fd 7b c1 a8
0x0000000101448598:   c0 03 5f d6 ff c3 00 d1 f4 4f 01 a9 fd 7b 02 a9
0x00000001014485a8:   fd 83 00 91 f4 03 01 aa f3 03 00 aa 00 b8 40 f9
0x00000001014485b8:   02 00 80 52 9b 4f fe 97 60 c2 40 f9 a0 00 00 b4
0x00000001014485c8:   f4 03 00 f9 21 42 00 d0 21 e8 24 91 b6 43 1f 94
0x00000001014485d8:   68 c6 40 f9 48 00 00 b5 74 c6 00 f9 74 06 40 f9
0x00000001014485e8:   19 b1 fd 97 81 c6 40 f9 3f 00 00 eb 20 01 00 54
0x00000001014485f8:   80 00 00 b4 61 00 00 b4 e1 28 20 94 a0 00 00 34
0x0000000101448608:   60 06 40 f9 21 05 80 52 23 00 80 52 0b 2e 00 94
0x0000000101448618:   7f 6a 01 f9 fd 7b 42 a9 f4 4f 41 a9 ff c3 00 91
0x0000000101448628:   c0 03 5f d6 fd 7b bf a9 fd 03 00 91 08 68 41 f9
0x0000000101448638:   09 21 40 b9 49 01 00 34 08 09 40 f9 09 0d 09 8b
0x0000000101448648:   00 85 40 f8 0a 2c 40 b9 4a 0d 00 12 5f 25 00 71
0x0000000101448658:   80 01 00 54 1f 01 09 eb 43 ff ff 54 21 42 00 d0
0x0000000101448668:   21 0c 1a 91 23 42 00 d0 63 98 1a 91 00 00 bc 52
0x0000000101448678:   02 8a 80 52 21 d8 00 94 55 00 15 94 00 00 80 d2
0x0000000101448688:   fd 7b c1 a8 c0 03 5f d6 ff c3 03 d1 fc 6f 09 a9
0x0000000101448698:   fa 67 0a a9 f8 5f 0b a9 f6 57 0c a9 f4 4f 0d a9
0x00000001014486a8:   fd 7b 0e a9 fd 83 03 91 f4 03 01 aa f3 03 00 aa
0x00000001014486b8:   55 4e 00 f0 b5 e2 36 91 b9 02 40 f9 e0 03 15 aa
0x00000001014486c8:   20 03 3f d6 08 00 40 f9 16 1d 41 f9 d7 6a 41 a9
0x00000001014486d8:   db 62 42 a9 61 ca 43 f9 62 ce 43 f9 e0 03 00 91
0x00000001014486e8:   43 00 80 52 93 e8 15 94 e8 02 40 f9 c8 00 00 b4
0x00000001014486f8:   e0 03 16 aa e1 03 18 aa fd 67 fa 97 e0 03 17 aa
0x0000000101448708:   a6 67 fa 97 c8 0e 40 f9 1f 01 1a eb 60 00 00 54
0x0000000101448718:   d7 6a 01 a9 db 12 00 f9 e0 03 15 aa 20 03 3f d6
0x0000000101448728:   08 00 40 f9 15 1d 41 f9 b6 62 41 a9 b9 5e 42 a9 


Stack slot to memory mapping:
stack at sp + 0 slots: 0x0000000171933810 is pointing into the stack for thread: 0x0000000126046200
stack at sp + 1 slots: 0x00000001018a7c4c: _ZN16PhaseMacroExpand14value_from_memEP4NodeS1_9BasicTypePK4TypePK10TypeOopPtrP12AllocateNode+0x64 in /Users/tanpt/Library/Java/JavaVirtualMachines/ms-17.0.14/Contents/Home/lib/server/libjvm.dylib at 0x00000001011b0000
stack at sp + 2 slots: 0x0000000126a2bb70 points into unknown readable memory: 0x0000000101dabd60 | 60 bd da 01 01 00 00 00
stack at sp + 3 slots: 0x00000001265b1190 points into unknown readable memory: 0x0000000101de3558 | 58 35 de 01 01 00 00 00
stack at sp + 4 slots: 0x000000012606a308 points into unknown readable memory: 0x0000000101de3280 | 80 32 de 01 01 00 00 00
stack at sp + 5 slots: 0x00000001265b35b0 points into unknown readable memory: 0x0000000101de3558 | 58 35 de 01 01 00 00 00
stack at sp + 6 slots: 0x0000000171933780 is pointing into the stack for thread: 0x0000000126046200
stack at sp + 7 slots: 0x0000000101b82e38: _ZN4Type3cmpEPKS_S1_+0x24 in /Users/tanpt/Library/Java/JavaVirtualMachines/ms-17.0.14/Contents/Home/lib/server/libjvm.dylib at 0x00000001011b0000


---------------  P R O C E S S  ---------------

Threads class SMR info:
_java_thread_list=0x0000600003cec900, length=174, elements={
0x000000012600dc00, 0x0000000126040000, 0x0000000126042800, 0x0000000126044e00,
0x0000000116011a00, 0x00000001160c2e00, 0x0000000126046200, 0x000000012681d800,
0x000000012680ea00, 0x0000000126046800, 0x0000000126812c00, 0x00000001167ffa00,
0x0000000126287600, 0x000000011481c000, 0x0000000126374200, 0x00000001269b8400,
0x00000001264caa00, 0x00000001264c9400, 0x00000001264cb000, 0x000000012708aa00,
0x00000001264da200, 0x00000001170d5800, 0x0000000117149000, 0x00000001264be600,
0x00000001264e3200, 0x00000001264e3800, 0x00000001264d8200, 0x0000000114891400,
0x000000011500ee00, 0x000000011517a400, 0x00000001170abc00, 0x00000001170ac200,
0x00000001272ebe00, 0x00000001160c0e00, 0x0000000114280600, 0x000000011452bc00,
0x0000000115822800, 0x0000000116542c00, 0x000000012340d000, 0x0000000114933000,
0x000000012372e200, 0x00000001235c8a00, 0x0000000126bcbc00, 0x0000000123423c00,
0x0000000114591600, 0x0000000126fffa00, 0x0000000122837e00, 0x0000000126f32e00,
0x00000001235b2600, 0x00000001235b2c00, 0x00000001235a2a00, 0x00000001235a3000,
0x0000000126f31200, 0x0000000126f67e00, 0x0000000126f68400, 0x0000000126d9f400,
0x0000000126d9fa00, 0x0000000126f36200, 0x0000000126f36800, 0x0000000122baaa00,
0x0000000122bab000, 0x0000000114429800, 0x000000011653cc00, 0x0000000116186a00,
0x000000012379c800, 0x0000000123880200, 0x0000000123882a00, 0x0000000114574e00,
0x00000001144c0e00, 0x000000012379c000, 0x0000000123883000, 0x00000001148a0c00,
0x000000011442f000, 0x0000000123880800, 0x000000012359fc00, 0x00000001270c5600,
0x000000012684e800, 0x0000000126f30400, 0x0000000126f63200, 0x000000012282d400,
0x0000000126f2a000, 0x0000000126f2a600, 0x0000000122845000, 0x0000000122845600,
0x00000001238d8c00, 0x000000012200c200, 0x000000012200c800, 0x000000012200ce00,
0x0000000122846a00, 0x000000011780e000, 0x000000011780ee00, 0x000000011593cc00,
0x000000011780f400, 0x00000001230b2a00, 0x0000000115839000, 0x0000000115840200,
0x0000000115819600, 0x0000000127267e00, 0x000000011583da00, 0x0000000114824200,
0x000000011481f800, 0x000000011582ee00, 0x0000000114948200, 0x000000012307d200,
0x0000000123676200, 0x00000001235a2000, 0x0000000114938c00, 0x00000001144bb400,
0x00000001151b2400, 0x0000000123673e00, 0x0000000123674400, 0x0000000123674a00,
0x00000001271c5e00, 0x00000001151aaa00, 0x000000011582d000, 0x0000000114513800,
0x0000000115b1c800, 0x0000000115b1d600, 0x0000000123881e00, 0x0000000127239200,
0x0000000127239800, 0x0000000126dc9400, 0x00000001144fb400, 0x0000000126bc0400,
0x00000001146b6000, 0x000000011452aa00, 0x000000011452a400, 0x0000000115195c00,
0x0000000123233000, 0x00000001163b1c00, 0x0000000123235800, 0x0000000123232a00,
0x00000001234a7200, 0x00000001272ca400, 0x0000000115985a00, 0x0000000115114600,
0x0000000114bb4400, 0x00000001163b1600, 0x0000000114bba400, 0x0000000114a17a00,
0x0000000115196200, 0x00000001145c6e00, 0x0000000114bbaa00, 0x0000000114bbee00,
0x000000012705da00, 0x00000001160f7e00, 0x0000000115b1aa00, 0x000000011519c800,
0x0000000126b58000, 0x0000000115b19200, 0x0000000126bb8000, 0x00000001160f8400,
0x000000012703ea00, 0x00000001270d3e00, 0x0000000123690600, 0x0000000123931e00,
0x00000001151a7200, 0x00000001150cd600, 0x0000000115119200, 0x0000000127268400,
0x00000001270f3e00, 0x0000000127068c00, 0x00000001272ce400, 0x0000000126bb8600,
0x0000000126bb8c00, 0x0000000127063400, 0x0000000115b31000, 0x0000000127067400,
0x00000001177fe000, 0x00000001271b0400, 0x0000000123987200, 0x0000000114b28200,
0x00000001271b0a00, 0x0000000114bb5800
}

Java Threads: ( => current thread )
  0x000000012600dc00 JavaThread "main" [_thread_blocked, id=4355, stack(0x000000016fd8c000,0x000000016ff8f000)]
  0x0000000126040000 JavaThread "Reference Handler" daemon [_thread_blocked, id=30979, stack(0x0000000170be0000,0x0000000170de3000)]
  0x0000000126042800 JavaThread "Finalizer" daemon [_thread_blocked, id=30723, stack(0x0000000170dec000,0x0000000170fef000)]
  0x0000000126044e00 JavaThread "Signal Dispatcher" daemon [_thread_blocked, id=28675, stack(0x0000000171110000,0x0000000171313000)]
  0x0000000116011a00 JavaThread "Service Thread" daemon [_thread_blocked, id=28163, stack(0x000000017131c000,0x000000017151f000)]
  0x00000001160c2e00 JavaThread "Monitor Deflation Thread" daemon [_thread_blocked, id=24323, stack(0x0000000171528000,0x000000017172b000)]
=>0x0000000126046200 JavaThread "C2 CompilerThread0" daemon [_thread_in_native, id=27395, stack(0x0000000171734000,0x0000000171937000)]
  0x000000012681d800 JavaThread "C1 CompilerThread0" daemon [_thread_blocked, id=26883, stack(0x0000000171940000,0x0000000171b43000)]
  0x000000012680ea00 JavaThread "Sweeper thread" daemon [_thread_blocked, id=26627, stack(0x0000000171b4c000,0x0000000171d4f000)]
  0x0000000126046800 JavaThread "Common-Cleaner" daemon [_thread_blocked, id=24835, stack(0x0000000171d58000,0x0000000171f5b000)]
  0x0000000126812c00 JavaThread "Notification Thread" daemon [_thread_blocked, id=25091, stack(0x0000000171f64000,0x0000000172167000)]
  0x00000001167ffa00 JavaThread "Daemon health stats" [_thread_blocked, id=41731, stack(0x0000000172db8000,0x0000000172fbb000)]
  0x0000000126287600 JavaThread "Incoming local TCP Connector on port 51342" [_thread_in_native, id=41219, stack(0x0000000172fc4000,0x00000001731c7000)]
  0x000000011481c000 JavaThread "Daemon periodic checks" [_thread_blocked, id=40963, stack(0x00000001731d0000,0x00000001733d3000)]
  0x0000000126374200 JavaThread "Daemon" [_thread_blocked, id=34307, stack(0x00000001733dc000,0x00000001735df000)]
  0x00000001269b8400 JavaThread "Daemon worker" [_thread_blocked, id=35075, stack(0x0000000173a00000,0x0000000173c03000)]
  0x00000001264caa00 JavaThread "Cache worker for journal cache (/Users/tanpt/.gradle/caches/journal-1)" [_thread_blocked, id=36355, stack(0x0000000174230000,0x0000000174433000)]
  0x00000001264c9400 JavaThread "File lock request listener" [_thread_in_native, id=36867, stack(0x000000017443c000,0x000000017463f000)]
  0x00000001264cb000 JavaThread "Cache worker for file hash cache (/Users/tanpt/.gradle/caches/8.11.1/fileHashes)" [_thread_blocked, id=39171, stack(0x0000000174648000,0x000000017484b000)]
  0x000000012708aa00 JavaThread "Cache worker for file content cache (/Users/tanpt/.gradle/caches/8.11.1/fileContent)" [_thread_blocked, id=38915, stack(0x0000000174854000,0x0000000174a57000)]
  0x00000001264da200 JavaThread "File watcher server" daemon [_thread_in_native, id=44803, stack(0x00000001756a8000,0x00000001758ab000)]
  0x00000001170d5800 JavaThread "File watcher consumer" daemon [_thread_blocked, id=45315, stack(0x00000001758b4000,0x0000000175ab7000)]
  0x0000000117149000 JavaThread "jar transforms" [_thread_blocked, id=64259, stack(0x0000000175ac0000,0x0000000175cc3000)]
  0x00000001264be600 JavaThread "jar transforms Thread 2" [_thread_blocked, id=64003, stack(0x0000000175ccc000,0x0000000175ecf000)]
  0x00000001264e3200 JavaThread "jar transforms Thread 3" [_thread_blocked, id=63747, stack(0x0000000175ed8000,0x00000001760db000)]
  0x00000001264e3800 JavaThread "jar transforms Thread 4" [_thread_blocked, id=63235, stack(0x00000001760e4000,0x00000001762e7000)]
  0x00000001264d8200 JavaThread "jar transforms Thread 5" [_thread_blocked, id=46339, stack(0x00000001762f0000,0x00000001764f3000)]
  0x0000000114891400 JavaThread "jar transforms Thread 6" [_thread_blocked, id=46595, stack(0x00000001764fc000,0x00000001766ff000)]
  0x000000011500ee00 JavaThread "jar transforms Thread 7" [_thread_blocked, id=46851, stack(0x0000000176708000,0x000000017690b000)]
  0x000000011517a400 JavaThread "jar transforms Thread 8" [_thread_blocked, id=47107, stack(0x0000000176914000,0x0000000176b17000)]
  0x00000001170abc00 JavaThread "jar transforms Thread 9" [_thread_blocked, id=61955, stack(0x0000000176b20000,0x0000000176d23000)]
  0x00000001170ac200 JavaThread "jar transforms Thread 10" [_thread_blocked, id=47619, stack(0x0000000176d2c000,0x0000000176f2f000)]
  0x00000001272ebe00 JavaThread "Memory manager" [_thread_blocked, id=69379, stack(0x0000000305808000,0x0000000305a0b000)]
  0x00000001160c0e00 JavaThread "Handler for socket connection from /127.0.0.1:51342 to /127.0.0.1:51348" [_thread_in_native, id=40711, stack(0x00000001735e8000,0x00000001737eb000)]
  0x0000000114280600 JavaThread "Cancel handler" [_thread_blocked, id=40455, stack(0x00000001737f4000,0x00000001739f7000)]
  0x000000011452bc00 JavaThread "Asynchronous log dispatcher for DefaultDaemonConnection: socket connection from /127.0.0.1:51342 to /127.0.0.1:51348" [_thread_blocked, id=69899, stack(0x0000000173e18000,0x000000017401b000)]
  0x0000000115822800 JavaThread "Stdin handler" [_thread_blocked, id=35591, stack(0x0000000174024000,0x0000000174227000)]
  0x0000000116542c00 JavaThread "Daemon client event forwarder" [_thread_blocked, id=36103, stack(0x0000000174a60000,0x0000000174c63000)]
  0x000000012340d000 JavaThread "Cache worker for file hash cache (/Users/tanpt/colorcall/.gradle/8.11.1/fileHashes)" [_thread_blocked, id=68103, stack(0x0000000174c6c000,0x0000000174e6f000)]
  0x0000000114933000 JavaThread "Cache worker for Build Output Cleanup Cache (/Users/tanpt/colorcall/.gradle/buildOutputCleanup)" [_thread_blocked, id=98823, stack(0x0000000176f38000,0x000000017713b000)]
  0x000000012372e200 JavaThread "Cache worker for checksums cache (/Users/tanpt/colorcall/.gradle/8.11.1/checksums)" [_thread_blocked, id=96519, stack(0x0000000177144000,0x0000000177347000)]
  0x00000001235c8a00 JavaThread "Cache worker for cache directory md-rule (/Users/tanpt/.gradle/caches/8.11.1/md-rule)" [_thread_blocked, id=119047, stack(0x0000000177350000,0x0000000177553000)]
  0x0000000126bcbc00 JavaThread "Cache worker for cache directory md-supplier (/Users/tanpt/.gradle/caches/8.11.1/md-supplier)" [_thread_blocked, id=51719, stack(0x000000017755c000,0x000000017775f000)]
  0x0000000123423c00 JavaThread "Unconstrained build operations" [_thread_blocked, id=93959, stack(0x0000000177768000,0x000000017796b000)]
  0x0000000114591600 JavaThread "Unconstrained build operations Thread 2" [_thread_blocked, id=124679, stack(0x0000000177974000,0x0000000177b77000)]
  0x0000000126fffa00 JavaThread "Unconstrained build operations Thread 3" [_thread_blocked, id=94215, stack(0x0000000177b80000,0x0000000177d83000)]
  0x0000000122837e00 JavaThread "Unconstrained build operations Thread 4" [_thread_blocked, id=94471, stack(0x0000000177d8c000,0x0000000177f8f000)]
  0x0000000126f32e00 JavaThread "Unconstrained build operations Thread 5" [_thread_blocked, id=82439, stack(0x0000000300004000,0x0000000300207000)]
  0x00000001235b2600 JavaThread "Unconstrained build operations Thread 6" [_thread_blocked, id=56327, stack(0x0000000300210000,0x0000000300413000)]
  0x00000001235b2c00 JavaThread "Unconstrained build operations Thread 7" [_thread_blocked, id=123655, stack(0x000000030041c000,0x000000030061f000)]
  0x00000001235a2a00 JavaThread "Unconstrained build operations Thread 8" [_thread_blocked, id=94983, stack(0x0000000300628000,0x000000030082b000)]
  0x00000001235a3000 JavaThread "Unconstrained build operations Thread 9" [_thread_blocked, id=130567, stack(0x0000000300834000,0x0000000300a37000)]
  0x0000000126f31200 JavaThread "Unconstrained build operations Thread 10" [_thread_blocked, id=79623, stack(0x0000000300a40000,0x0000000300c43000)]
  0x0000000126f67e00 JavaThread "Unconstrained build operations Thread 11" [_thread_blocked, id=95495, stack(0x0000000300c4c000,0x0000000300e4f000)]
  0x0000000126f68400 JavaThread "Unconstrained build operations Thread 12" [_thread_blocked, id=90887, stack(0x0000000300e58000,0x000000030105b000)]
  0x0000000126d9f400 JavaThread "Unconstrained build operations Thread 13" [_thread_blocked, id=53255, stack(0x0000000301064000,0x0000000301267000)]
  0x0000000126d9fa00 JavaThread "Unconstrained build operations Thread 14" [_thread_blocked, id=52999, stack(0x0000000301270000,0x0000000301473000)]
  0x0000000126f36200 JavaThread "Unconstrained build operations Thread 15" [_thread_blocked, id=57095, stack(0x000000030147c000,0x000000030167f000)]
  0x0000000126f36800 JavaThread "Unconstrained build operations Thread 16" [_thread_blocked, id=56839, stack(0x0000000301688000,0x000000030188b000)]
  0x0000000122baaa00 JavaThread "Unconstrained build operations Thread 17" [_thread_blocked, id=124423, stack(0x0000000301894000,0x0000000301a97000)]
  0x0000000122bab000 JavaThread "Unconstrained build operations Thread 18" [_thread_blocked, id=50183, stack(0x0000000301aa0000,0x0000000301ca3000)]
  0x0000000114429800 JavaThread "build event listener" [_thread_blocked, id=97543, stack(0x0000000301cac000,0x0000000301eaf000)]
  0x000000011653cc00 JavaThread "build event listener" [_thread_blocked, id=88839, stack(0x0000000301eb8000,0x00000003020bb000)]
  0x0000000116186a00 JavaThread "Problems report writer" [_thread_blocked, id=125447, stack(0x00000003020c4000,0x00000003022c7000)]
  0x000000012379c800 JavaThread "included builds" [_thread_blocked, id=69127, stack(0x00000003022d0000,0x00000003024d3000)]
  0x0000000123880200 JavaThread "Execution worker" [_thread_blocked, id=80903, stack(0x00000003024dc000,0x00000003026df000)]
  0x0000000123882a00 JavaThread "Execution worker Thread 2" [_thread_blocked, id=118791, stack(0x00000003026e8000,0x00000003028eb000)]
  0x0000000114574e00 JavaThread "Execution worker Thread 3" [_thread_blocked, id=118535, stack(0x00000003028f4000,0x0000000302af7000)]
  0x00000001144c0e00 JavaThread "Execution worker Thread 4" [_thread_blocked, id=89607, stack(0x0000000302b00000,0x0000000302d03000)]
  0x000000012379c000 JavaThread "Execution worker Thread 5" [_thread_blocked, id=67335, stack(0x0000000302d0c000,0x0000000302f0f000)]
  0x0000000123883000 JavaThread "Execution worker Thread 6" [_thread_blocked, id=67591, stack(0x0000000302f18000,0x000000030311b000)]
  0x00000001148a0c00 JavaThread "Execution worker Thread 7" [_thread_blocked, id=82183, stack(0x0000000303124000,0x0000000303327000)]
  0x000000011442f000 JavaThread "Execution worker Thread 8" [_thread_blocked, id=49415, stack(0x0000000303330000,0x0000000303533000)]
  0x0000000123880800 JavaThread "Execution worker Thread 9" [_thread_blocked, id=92935, stack(0x000000030353c000,0x000000030373f000)]
  0x000000012359fc00 JavaThread "Cache worker for execution history cache (/Users/tanpt/colorcall/.gradle/8.11.1/executionHistory)" [_thread_blocked, id=80135, stack(0x0000000303748000,0x000000030394b000)]
  0x00000001270c5600 JavaThread "Unconstrained build operations Thread 19" [_thread_blocked, id=120583, stack(0x0000000303954000,0x0000000303b57000)]
  0x000000012684e800 JavaThread "Unconstrained build operations Thread 20" [_thread_blocked, id=126983, stack(0x0000000303b60000,0x0000000303d63000)]
  0x0000000126f30400 JavaThread "Unconstrained build operations Thread 21" [_thread_blocked, id=52743, stack(0x0000000303d6c000,0x0000000303f6f000)]
  0x0000000126f63200 JavaThread "Unconstrained build operations Thread 22" [_thread_blocked, id=128263, stack(0x0000000303f78000,0x000000030417b000)]
  0x000000012282d400 JavaThread "Unconstrained build operations Thread 23" [_thread_blocked, id=128007, stack(0x0000000304184000,0x0000000304387000)]
  0x0000000126f2a000 JavaThread "Unconstrained build operations Thread 24" [_thread_blocked, id=129799, stack(0x0000000304390000,0x0000000304593000)]
  0x0000000126f2a600 JavaThread "Unconstrained build operations Thread 25" [_thread_blocked, id=118023, stack(0x000000030459c000,0x000000030479f000)]
  0x0000000122845000 JavaThread "Unconstrained build operations Thread 26" [_thread_blocked, id=84487, stack(0x00000003047a8000,0x00000003049ab000)]
  0x0000000122845600 JavaThread "Unconstrained build operations Thread 27" [_thread_blocked, id=55815, stack(0x00000003049b4000,0x0000000304bb7000)]
  0x00000001238d8c00 JavaThread "Unconstrained build operations Thread 28" [_thread_blocked, id=127495, stack(0x0000000304bc0000,0x0000000304dc3000)]
  0x000000012200c200 JavaThread "Unconstrained build operations Thread 29" [_thread_blocked, id=68871, stack(0x0000000304dcc000,0x0000000304fcf000)]
  0x000000012200c800 JavaThread "Unconstrained build operations Thread 30" [_thread_blocked, id=97287, stack(0x0000000304fd8000,0x00000003051db000)]
  0x000000012200ce00 JavaThread "Unconstrained build operations Thread 31" [_thread_blocked, id=120839, stack(0x00000003051e4000,0x00000003053e7000)]
  0x0000000122846a00 JavaThread "Unconstrained build operations Thread 32" [_thread_blocked, id=122887, stack(0x00000003053f0000,0x00000003055f3000)]
  0x000000011780e000 JavaThread "Unconstrained build operations Thread 33" [_thread_blocked, id=91143, stack(0x00000003055fc000,0x00000003057ff000)]
  0x000000011780ee00 JavaThread "Unconstrained build operations Thread 34" [_thread_blocked, id=128519, stack(0x0000000305a14000,0x0000000305c17000)]
  0x000000011593cc00 JavaThread "Unconstrained build operations Thread 35" [_thread_blocked, id=84231, stack(0x0000000305c20000,0x0000000305e23000)]
  0x000000011780f400 JavaThread "Unconstrained build operations Thread 36" [_thread_blocked, id=119559, stack(0x0000000306038000,0x000000030623b000)]
  0x00000001230b2a00 JavaThread "WorkerExecutor Queue" [_thread_blocked, id=98055, stack(0x0000000306244000,0x0000000306447000)]
  0x0000000115839000 JavaThread "Unconstrained build operations Thread 37" [_thread_in_Java, id=87303, stack(0x000000030665c000,0x000000030685f000)]
  0x0000000115840200 JavaThread "Unconstrained build operations Thread 38" [_thread_blocked, id=50695, stack(0x0000000306868000,0x0000000306a6b000)]
  0x0000000115819600 JavaThread "Unconstrained build operations Thread 39" [_thread_blocked, id=55559, stack(0x0000000306a74000,0x0000000306c77000)]
  0x0000000127267e00 JavaThread "WorkerExecutor Queue Thread 2" [_thread_blocked, id=49671, stack(0x0000000307ad4000,0x0000000307cd7000)]
  0x000000011583da00 JavaThread "Unconstrained build operations Thread 40" [_thread_blocked, id=81671, stack(0x0000000307ce0000,0x0000000307ee3000)]
  0x0000000114824200 JavaThread "Unconstrained build operations Thread 41" [_thread_blocked, id=89863, stack(0x0000000314004000,0x0000000314207000)]
  0x000000011481f800 JavaThread "Unconstrained build operations Thread 42" [_thread_blocked, id=129287, stack(0x0000000314210000,0x0000000314413000)]
  0x000000011582ee00 JavaThread "Unconstrained build operations Thread 43" [_thread_blocked, id=48647, stack(0x000000031441c000,0x000000031461f000)]
  0x0000000114948200 JavaThread "Unconstrained build operations Thread 44" [_thread_blocked, id=90119, stack(0x0000000314628000,0x000000031482b000)]
  0x000000012307d200 JavaThread "Unconstrained build operations Thread 45" [_thread_blocked, id=58887, stack(0x0000000314834000,0x0000000314a37000)]
  0x0000000123676200 JavaThread "Unconstrained build operations Thread 46" [_thread_blocked, id=66055, stack(0x0000000314a40000,0x0000000314c43000)]
  0x00000001235a2000 JavaThread "Unconstrained build operations Thread 47" [_thread_blocked, id=85511, stack(0x0000000314c4c000,0x0000000314e4f000)]
  0x0000000114938c00 JavaThread "Unconstrained build operations Thread 48" [_thread_blocked, id=91655, stack(0x0000000314e58000,0x000000031505b000)]
  0x00000001144bb400 JavaThread "Unconstrained build operations Thread 49" [_thread_blocked, id=85767, stack(0x0000000315064000,0x0000000315267000)]
  0x00000001151b2400 JavaThread "Unconstrained build operations Thread 50" [_thread_blocked, id=78855, stack(0x0000000315270000,0x0000000315473000)]
  0x0000000123673e00 JavaThread "Unconstrained build operations Thread 51" [_thread_blocked, id=127751, stack(0x000000031547c000,0x000000031567f000)]
  0x0000000123674400 JavaThread "Unconstrained build operations Thread 52" [_thread_blocked, id=122631, stack(0x0000000315688000,0x000000031588b000)]
  0x0000000123674a00 JavaThread "Unconstrained build operations Thread 53" [_thread_blocked, id=96007, stack(0x0000000315894000,0x0000000315a97000)]
  0x00000001271c5e00 JavaThread "Unconstrained build operations Thread 54" [_thread_blocked, id=98311, stack(0x0000000315aa0000,0x0000000315ca3000)]
  0x00000001151aaa00 JavaThread "Unconstrained build operations Thread 55" [_thread_blocked, id=96775, stack(0x0000000315cac000,0x0000000315eaf000)]
  0x000000011582d000 JavaThread "Unconstrained build operations Thread 56" [_thread_blocked, id=85255, stack(0x0000000315eb8000,0x00000003160bb000)]
  0x0000000114513800 JavaThread "Unconstrained build operations Thread 57" [_thread_blocked, id=59399, stack(0x00000003160c4000,0x00000003162c7000)]
  0x0000000115b1c800 JavaThread "Unconstrained build operations Thread 58" [_thread_blocked, id=130311, stack(0x00000003162d0000,0x00000003164d3000)]
  0x0000000115b1d600 JavaThread "Unconstrained build operations Thread 59" [_thread_blocked, id=52231, stack(0x00000003164dc000,0x00000003166df000)]
  0x0000000123881e00 JavaThread "Unconstrained build operations Thread 60" [_thread_blocked, id=56071, stack(0x00000003166e8000,0x00000003168eb000)]
  0x0000000127239200 JavaThread "WorkerExecutor Queue Thread 3" [_thread_blocked, id=126471, stack(0x00000003168f4000,0x0000000316af7000)]
  0x0000000127239800 JavaThread "WorkerExecutor Queue Thread 4" [_thread_blocked, id=90375, stack(0x0000000316b00000,0x0000000316d03000)]
  0x0000000126dc9400 JavaThread "WorkerExecutor Queue Thread 5" [_thread_blocked, id=90631, stack(0x0000000316d0c000,0x0000000316f0f000)]
  0x00000001144fb400 JavaThread "WorkerExecutor Queue Thread 6" [_thread_blocked, id=93191, stack(0x0000000316f18000,0x000000031711b000)]
  0x0000000126bc0400 JavaThread "Unconstrained build operations Thread 61" [_thread_blocked, id=87815, stack(0x0000000317124000,0x0000000317327000)]
  0x00000001146b6000 JavaThread "Unconstrained build operations Thread 62" [_thread_blocked, id=61447, stack(0x000000031753c000,0x000000031773f000)]
  0x000000011452aa00 JavaThread "Unconstrained build operations Thread 63" [_thread_blocked, id=38407, stack(0x0000000317748000,0x000000031794b000)]
  0x000000011452a400 JavaThread "Unconstrained build operations Thread 64" [_thread_blocked, id=76807, stack(0x0000000317954000,0x0000000317b57000)]
  0x0000000115195c00 JavaThread "Unconstrained build operations Thread 65" [_thread_blocked, id=76551, stack(0x0000000317b60000,0x0000000317d63000)]
  0x0000000123233000 JavaThread "Unconstrained build operations Thread 66" [_thread_blocked, id=70407, stack(0x0000000317d6c000,0x0000000317f6f000)]
  0x00000001163b1c00 JavaThread "Unconstrained build operations Thread 67" [_thread_blocked, id=70919, stack(0x0000000320004000,0x0000000320207000)]
  0x0000000123235800 JavaThread "Unconstrained build operations Thread 68" [_thread_blocked, id=76039, stack(0x0000000320210000,0x0000000320413000)]
  0x0000000123232a00 JavaThread "Unconstrained build operations Thread 69" [_thread_blocked, id=70663, stack(0x000000032041c000,0x000000032061f000)]
  0x00000001234a7200 JavaThread "Unconstrained build operations Thread 70" [_thread_blocked, id=74503, stack(0x0000000320628000,0x000000032082b000)]
  0x00000001272ca400 JavaThread "WorkerExecutor Queue Thread 8" [_thread_blocked, id=74247, stack(0x0000000320834000,0x0000000320a37000)]
  0x0000000115985a00 JavaThread "WorkerExecutor Queue Thread 9" [_thread_blocked, id=61191, stack(0x0000000320a40000,0x0000000320c43000)]
  0x0000000115114600 JavaThread "WorkerExecutor Queue Thread 11" [_thread_blocked, id=37639, stack(0x0000000320e58000,0x000000032105b000)]
  0x0000000114bb4400 JavaThread "Unconstrained build operations Thread 71" [_thread_blocked, id=48135, stack(0x0000000321064000,0x0000000321267000)]
  0x00000001163b1600 JavaThread "Unconstrained build operations Thread 72" [_thread_blocked, id=23819, stack(0x0000000321270000,0x0000000321473000)]
  0x0000000114bba400 JavaThread "Unconstrained build operations Thread 73" [_thread_blocked, id=78343, stack(0x000000032147c000,0x000000032167f000)]
  0x0000000114a17a00 JavaThread "Unconstrained build operations Thread 74" [_thread_blocked, id=73479, stack(0x0000000321688000,0x000000032188b000)]
  0x0000000115196200 JavaThread "Unconstrained build operations Thread 75" [_thread_blocked, id=99843, stack(0x0000000321894000,0x0000000321a97000)]
  0x00000001145c6e00 JavaThread "Unconstrained build operations Thread 76" [_thread_blocked, id=100099, stack(0x0000000321aa0000,0x0000000321ca3000)]
  0x0000000114bbaa00 JavaThread "Unconstrained build operations Thread 77" [_thread_blocked, id=117251, stack(0x0000000321cac000,0x0000000321eaf000)]
  0x0000000114bbee00 JavaThread "Unconstrained build operations Thread 78" [_thread_blocked, id=116995, stack(0x0000000321eb8000,0x00000003220bb000)]
  0x000000012705da00 JavaThread "Unconstrained build operations Thread 79" [_thread_blocked, id=116483, stack(0x00000003220c4000,0x00000003222c7000)]
  0x00000001160f7e00 JavaThread "pool-5-thread-1" [_thread_blocked, id=115971, stack(0x00000003222d0000,0x00000003224d3000)]
  0x0000000115b1aa00 JavaThread "process reaper (pid 9803)" daemon [_thread_in_native, id=115459, stack(0x0000000171084000,0x00000001710bb000)]
  0x000000011519c800 JavaThread "stderr" [_thread_in_native, id=115203, stack(0x00000003224dc000,0x00000003226df000)]
  0x0000000126b58000 JavaThread "stdout" [_thread_in_native, id=114691, stack(0x00000003226e8000,0x00000003228eb000)]
  0x0000000115b19200 JavaThread "Unconstrained build operations Thread 80" [_thread_blocked, id=100867, stack(0x00000003228f4000,0x0000000322af7000)]
  0x0000000126bb8000 JavaThread "Unconstrained build operations Thread 81" [_thread_in_Java, id=114179, stack(0x0000000322b00000,0x0000000322d03000)]
  0x00000001160f8400 JavaThread "File lock release action executor" [_thread_blocked, id=88331, stack(0x0000000317330000,0x0000000317533000)]
  0x000000012703ea00 JavaThread "Unconstrained build operations Thread 82" [_thread_in_Java, id=113923, stack(0x0000000322d0c000,0x0000000322f0f000)]
  0x00000001270d3e00 JavaThread "Unconstrained build operations Thread 83" [_thread_blocked, id=101891, stack(0x0000000322f18000,0x000000032311b000)]
  0x0000000123690600 JavaThread "Unconstrained build operations Thread 84" [_thread_blocked, id=113667, stack(0x0000000323124000,0x0000000323327000)]
  0x0000000123931e00 JavaThread "Unconstrained build operations Thread 85" [_thread_blocked, id=102659, stack(0x0000000323330000,0x0000000323533000)]
  0x00000001151a7200 JavaThread "Unconstrained build operations Thread 86" [_thread_blocked, id=102915, stack(0x000000032353c000,0x000000032373f000)]
  0x00000001150cd600 JavaThread "Unconstrained build operations Thread 87" [_thread_blocked, id=103171, stack(0x0000000323748000,0x000000032394b000)]
  0x0000000115119200 JavaThread "Unconstrained build operations Thread 88" [_thread_blocked, id=103683, stack(0x0000000323954000,0x0000000323b57000)]
  0x0000000127268400 JavaThread "Unconstrained build operations Thread 89" [_thread_blocked, id=103939, stack(0x0000000323b60000,0x0000000323d63000)]
  0x00000001270f3e00 JavaThread "Unconstrained build operations Thread 90" [_thread_blocked, id=104451, stack(0x0000000323d6c000,0x0000000323f6f000)]
  0x0000000127068c00 JavaThread "Unconstrained build operations Thread 91" [_thread_blocked, id=112387, stack(0x0000000323f78000,0x000000032417b000)]
  0x00000001272ce400 JavaThread "Unconstrained build operations Thread 92" [_thread_blocked, id=104963, stack(0x0000000324184000,0x0000000324387000)]
  0x0000000126bb8600 JavaThread "Unconstrained build operations Thread 93" [_thread_blocked, id=105219, stack(0x0000000324390000,0x0000000324593000)]
  0x0000000126bb8c00 JavaThread "Unconstrained build operations Thread 94" [_thread_blocked, id=111619, stack(0x000000032459c000,0x000000032479f000)]
  0x0000000127063400 JavaThread "Unconstrained build operations Thread 95" [_thread_blocked, id=111363, stack(0x00000003247a8000,0x00000003249ab000)]
  0x0000000115b31000 JavaThread "Unconstrained build operations Thread 96" [_thread_blocked, id=110851, stack(0x00000003249b4000,0x0000000324bb7000)]
  0x0000000127067400 JavaThread "Unconstrained build operations Thread 97" [_thread_blocked, id=105731, stack(0x0000000324bc0000,0x0000000324dc3000)]
  0x00000001177fe000 JavaThread "Unconstrained build operations Thread 98" [_thread_blocked, id=106243, stack(0x0000000324dcc000,0x0000000324fcf000)]
  0x00000001271b0400 JavaThread "Unconstrained build operations Thread 99" [_thread_blocked, id=110339, stack(0x0000000324fd8000,0x00000003251db000)]
  0x0000000123987200 JavaThread "AppKit Thread" daemon [_thread_in_native, id=259, stack(0x000000016f504000,0x000000016fd00000)]
  0x0000000114b28200 JavaThread "Java2D Disposer" daemon [_thread_blocked, id=108547, stack(0x00000003251e4000,0x00000003253e7000)]
  0x00000001271b0a00 JavaThread "Unconstrained build operations Thread 100" [_thread_blocked, id=108803, stack(0x00000003253f0000,0x00000003255f3000)]
  0x0000000114bb5800 JavaThread "WorkerExecutor Queue Thread 12" [_thread_blocked, id=131075, stack(0x00000003255fc000,0x00000003257ff000)]

Other Threads:
  0x000000010fc06dc0 VMThread "VM Thread" [stack: 0x00000001709d4000,0x0000000170bd7000] [id=19459]
  0x0000000127818f60 WatcherThread [stack: 0x0000000172170000,0x0000000172373000] [id=25603]
  0x0000000125e08a50 GCTaskThread "GC Thread#0" [stack: 0x000000016ff98000,0x000000017019b000] [id=14083]
  0x000000010fe04d90 GCTaskThread "GC Thread#1" [stack: 0x000000017237c000,0x000000017257f000] [id=32771]
  0x000000010fe053d0 GCTaskThread "GC Thread#2" [stack: 0x0000000172588000,0x000000017278b000] [id=43011]
  0x0000000125e1d000 GCTaskThread "GC Thread#3" [stack: 0x0000000172794000,0x0000000172997000] [id=42499]
  0x0000000125e1d870 GCTaskThread "GC Thread#4" [stack: 0x00000001729a0000,0x0000000172ba3000] [id=33283]
  0x0000000125e1e0e0 GCTaskThread "GC Thread#5" [stack: 0x0000000172bac000,0x0000000172daf000] [id=42243]
  0x0000000125f48a60 GCTaskThread "GC Thread#6" [stack: 0x0000000174e78000,0x000000017507b000] [id=43523]
  0x0000000125f49140 GCTaskThread "GC Thread#7" [stack: 0x0000000175084000,0x0000000175287000] [id=43779]
  0x0000000125f495c0 GCTaskThread "GC Thread#8" [stack: 0x0000000175290000,0x0000000175493000] [id=65027]
  0x0000000125e09100 ConcurrentGCThread "G1 Main Marker" [stack: 0x00000001701a4000,0x00000001703a7000] [id=12547]
  0x0000000125f04880 ConcurrentGCThread "G1 Conc#0" [stack: 0x00000001703b0000,0x00000001705b3000] [id=13059]
  0x00000001278511b0 ConcurrentGCThread "G1 Conc#1" [stack: 0x000000017549c000,0x000000017569f000] [id=44291]
  0x0000000125f067e0 ConcurrentGCThread "G1 Refine#0" [stack: 0x00000001705bc000,0x00000001707bf000] [id=21507]
  0x000000010fc703c0 ConcurrentGCThread "G1 Refine#1" [stack: 0x00000003078c8000,0x0000000307acb000] [id=72451]
  0x000000010fe7b140 ConcurrentGCThread "G1 Refine#2" [stack: 0x0000000306450000,0x0000000306653000] [id=55047]
  0x0000000116cbe120 ConcurrentGCThread "G1 Refine#3" [stack: 0x0000000306c80000,0x0000000306e83000] [id=92679]
  0x0000000116e27910 ConcurrentGCThread "G1 Refine#4" [stack: 0x0000000306e8c000,0x000000030708f000] [id=86023]
  0x0000000116cbbb30 ConcurrentGCThread "G1 Refine#5" [stack: 0x0000000307098000,0x000000030729b000] [id=125703]
  0x0000000116b093f0 ConcurrentGCThread "G1 Refine#6" [stack: 0x00000003072a4000,0x00000003074a7000] [id=58375]
  0x000000010fc9eed0 ConcurrentGCThread "G1 Refine#7" [stack: 0x00000003074b0000,0x00000003076b3000] [id=58119]
  0x0000000116824d00 ConcurrentGCThread "G1 Refine#8" [stack: 0x00000003076bc000,0x00000003078bf000] [id=80647]
  0x0000000125f07080 ConcurrentGCThread "G1 Service" [stack: 0x00000001707c8000,0x00000001709cb000] [id=16643]

Threads with active compile tasks:
C2 CompilerThread0   101825 54943       4       org.jetbrains.org.objectweb.asm.ClassReader::readElementValue (1237 bytes)

VM state: not at safepoint (normal execution)

VM Mutex/Monitor currently owned by a thread: None

Heap address: 0x0000000783000000, size: 2000 MB, Compressed Oops mode: Zero based, Oop shift amount: 3

CDS archive(s) mapped at: [0x000000e000000000-0x000000e000bc0000-0x000000e000bc0000), size 12320768, SharedBaseAddress: 0x000000e000000000, ArchiveRelocationMode: 1.
Compressed class space mapped at: 0x000000e001000000-0x000000e041000000, reserved size: 1073741824
Narrow klass base: 0x000000e000000000, Narrow klass shift: 0, Narrow klass range: 0x100000000

GC Precious Log:
 CPUs: 10 total, 10 available
 Memory: 16384M
 Large Page Support: Disabled
 NUMA Support: Disabled
 Compressed Oops: Enabled (Zero based)
 Heap Region Size: 1M
 Heap Min Capacity: 8M
 Heap Initial Capacity: 256M
 Heap Max Capacity: 2000M
 Pre-touch: Disabled
 Parallel Workers: 9
 Concurrent Workers: 2
 Concurrent Refinement Workers: 9
 Periodic GC: Disabled

Heap:
 garbage-first heap   total 2048000K, used 896394K [0x0000000783000000, 0x0000000800000000)
  region size 1024K, 156 young (159744K), 18 survivors (18432K)
 Metaspace       used 174773K, committed 176320K, reserved 1245184K
  class space    used 23198K, committed 24000K, reserved 1048576K

Heap Regions: E=young(eden), S=young(survivor), O=old, HS=humongous(starts), HC=humongous(continues), CS=collection set, F=free, OA=open archive, CA=closed archive, TAMS=top-at-mark-start (previous, next)
|   0|0x0000000783000000, 0x0000000783100000, 0x0000000783100000|100%|HS|  |TAMS 0x0000000783100000, 0x0000000783000000| Complete 
|   1|0x0000000783100000, 0x0000000783200000, 0x0000000783200000|100%|HC|  |TAMS 0x0000000783200000, 0x0000000783100000| Complete 
|   2|0x0000000783200000, 0x0000000783300000, 0x0000000783300000|100%|HC|  |TAMS 0x0000000783300000, 0x0000000783200000| Complete 
|   3|0x0000000783300000, 0x0000000783400000, 0x0000000783400000|100%| O|  |TAMS 0x0000000783400000, 0x0000000783300000| Untracked 
|   4|0x0000000783400000, 0x0000000783500000, 0x0000000783500000|100%| O|  |TAMS 0x0000000783500000, 0x0000000783400000| Untracked 
|   5|0x0000000783500000, 0x0000000783600000, 0x0000000783600000|100%| O|  |TAMS 0x0000000783600000, 0x0000000783500000| Untracked 
|   6|0x0000000783600000, 0x0000000783700000, 0x0000000783700000|100%| O|  |TAMS 0x0000000783700000, 0x0000000783600000| Untracked 
|   7|0x0000000783700000, 0x0000000783800000, 0x0000000783800000|100%| O|  |TAMS 0x0000000783800000, 0x0000000783700000| Untracked 
|   8|0x0000000783800000, 0x0000000783900000, 0x0000000783900000|100%| O|  |TAMS 0x0000000783900000, 0x0000000783800000| Updating 
|   9|0x0000000783900000, 0x0000000783a00000, 0x0000000783a00000|100%|HS|  |TAMS 0x0000000783a00000, 0x0000000783900000| Complete 
|  10|0x0000000783a00000, 0x0000000783b00000, 0x0000000783b00000|100%|HS|  |TAMS 0x0000000783b00000, 0x0000000783a00000| Complete 
|  11|0x0000000783b00000, 0x0000000783c00000, 0x0000000783c00000|100%|HC|  |TAMS 0x0000000783c00000, 0x0000000783b00000| Complete 
|  12|0x0000000783c00000, 0x0000000783d00000, 0x0000000783d00000|100%|HC|  |TAMS 0x0000000783d00000, 0x0000000783c00000| Complete 
|  13|0x0000000783d00000, 0x0000000783e00000, 0x0000000783e00000|100%|HC|  |TAMS 0x0000000783e00000, 0x0000000783d00000| Complete 
|  14|0x0000000783e00000, 0x0000000783f00000, 0x0000000783f00000|100%|HC|  |TAMS 0x0000000783f00000, 0x0000000783e00000| Complete 
|  15|0x0000000783f00000, 0x0000000784000000, 0x0000000784000000|100%|HC|  |TAMS 0x0000000784000000, 0x0000000783f00000| Complete 
|  16|0x0000000784000000, 0x0000000784100000, 0x0000000784100000|100%|HS|  |TAMS 0x0000000784100000, 0x0000000784000000| Complete 
|  17|0x0000000784100000, 0x0000000784200000, 0x0000000784200000|100%|HS|  |TAMS 0x0000000784200000, 0x0000000784100000| Complete 
|  18|0x0000000784200000, 0x0000000784300000, 0x0000000784300000|100%|HC|  |TAMS 0x0000000784300000, 0x0000000784200000| Complete 
|  19|0x0000000784300000, 0x0000000784400000, 0x0000000784400000|100%|HC|  |TAMS 0x0000000784400000, 0x0000000784300000| Complete 
|  20|0x0000000784400000, 0x0000000784500000, 0x0000000784500000|100%|HC|  |TAMS 0x0000000784500000, 0x0000000784400000| Complete 
|  21|0x0000000784500000, 0x0000000784600000, 0x0000000784600000|100%|HS|  |TAMS 0x0000000784600000, 0x0000000784500000| Complete 
|  22|0x0000000784600000, 0x0000000784700000, 0x0000000784700000|100%|HC|  |TAMS 0x0000000784700000, 0x0000000784600000| Complete 
|  23|0x0000000784700000, 0x0000000784800000, 0x0000000784800000|100%|HC|  |TAMS 0x0000000784800000, 0x0000000784700000| Complete 
|  24|0x0000000784800000, 0x0000000784900000, 0x0000000784900000|100%|HS|  |TAMS 0x0000000784900000, 0x0000000784800000| Complete 
|  25|0x0000000784900000, 0x0000000784a00000, 0x0000000784a00000|100%| O|  |TAMS 0x0000000784a00000, 0x0000000784900000| Untracked 
|  26|0x0000000784a00000, 0x0000000784b00000, 0x0000000784b00000|100%| O|  |TAMS 0x0000000784b00000, 0x0000000784a00000| Updating 
|  27|0x0000000784b00000, 0x0000000784c00000, 0x0000000784c00000|100%| O|  |TAMS 0x0000000784c00000, 0x0000000784b00000| Updating 
|  28|0x0000000784c00000, 0x0000000784d00000, 0x0000000784d00000|100%| O|  |TAMS 0x0000000784d00000, 0x0000000784c00000| Updating 
|  29|0x0000000784d00000, 0x0000000784e00000, 0x0000000784e00000|100%| O|  |TAMS 0x0000000784e00000, 0x0000000784d00000| Updating 
|  30|0x0000000784e00000, 0x0000000784f00000, 0x0000000784f00000|100%|HS|  |TAMS 0x0000000784f00000, 0x0000000784e00000| Complete 
|  31|0x0000000784f00000, 0x0000000785000000, 0x0000000785000000|100%| O|  |TAMS 0x0000000785000000, 0x0000000784f00000| Untracked 
|  32|0x0000000785000000, 0x0000000785100000, 0x0000000785100000|100%| O|  |TAMS 0x0000000785100000, 0x0000000785000000| Untracked 
|  33|0x0000000785100000, 0x0000000785200000, 0x0000000785200000|100%| O|  |TAMS 0x0000000785200000, 0x0000000785100000| Untracked 
|  34|0x0000000785200000, 0x0000000785300000, 0x0000000785300000|100%| O|  |TAMS 0x0000000785300000, 0x0000000785200000| Untracked 
|  35|0x0000000785300000, 0x0000000785400000, 0x0000000785400000|100%| O|  |TAMS 0x0000000785400000, 0x0000000785300000| Untracked 
|  36|0x0000000785400000, 0x0000000785500000, 0x0000000785500000|100%| O|  |TAMS 0x0000000785500000, 0x0000000785400000| Untracked 
|  37|0x0000000785500000, 0x0000000785600000, 0x0000000785600000|100%|HS|  |TAMS 0x0000000785600000, 0x0000000785500000| Complete 
|  38|0x0000000785600000, 0x0000000785700000, 0x0000000785700000|100%|HS|  |TAMS 0x0000000785700000, 0x0000000785600000| Complete 
|  39|0x0000000785700000, 0x0000000785800000, 0x0000000785800000|100%|HC|  |TAMS 0x0000000785800000, 0x0000000785700000| Complete 
|  40|0x0000000785800000, 0x0000000785900000, 0x0000000785900000|100%|HC|  |TAMS 0x0000000785900000, 0x0000000785800000| Complete 
|  41|0x0000000785900000, 0x0000000785a00000, 0x0000000785a00000|100%|HS|  |TAMS 0x0000000785a00000, 0x0000000785900000| Complete 
|  42|0x0000000785a00000, 0x0000000785b00000, 0x0000000785b00000|100%|HC|  |TAMS 0x0000000785b00000, 0x0000000785a00000| Complete 
|  43|0x0000000785b00000, 0x0000000785c00000, 0x0000000785c00000|100%|HC|  |TAMS 0x0000000785c00000, 0x0000000785b00000| Complete 
|  44|0x0000000785c00000, 0x0000000785d00000, 0x0000000785d00000|100%|HC|  |TAMS 0x0000000785d00000, 0x0000000785c00000| Complete 
|  45|0x0000000785d00000, 0x0000000785e00000, 0x0000000785e00000|100%|HC|  |TAMS 0x0000000785e00000, 0x0000000785d00000| Complete 
|  46|0x0000000785e00000, 0x0000000785f00000, 0x0000000785f00000|100%|HC|  |TAMS 0x0000000785f00000, 0x0000000785e00000| Complete 
|  47|0x0000000785f00000, 0x0000000786000000, 0x0000000786000000|100%|HS|  |TAMS 0x0000000786000000, 0x0000000785f00000| Complete 
|  48|0x0000000786000000, 0x0000000786100000, 0x0000000786100000|100%|HC|  |TAMS 0x0000000786100000, 0x0000000786000000| Complete 
|  49|0x0000000786100000, 0x0000000786200000, 0x0000000786200000|100%|HC|  |TAMS 0x0000000786200000, 0x0000000786100000| Complete 
|  50|0x0000000786200000, 0x0000000786300000, 0x0000000786300000|100%|HC|  |TAMS 0x0000000786300000, 0x0000000786200000| Complete 
|  51|0x0000000786300000, 0x0000000786400000, 0x0000000786400000|100%|HC|  |TAMS 0x0000000786400000, 0x0000000786300000| Complete 
|  52|0x0000000786400000, 0x0000000786500000, 0x0000000786500000|100%|HC|  |TAMS 0x0000000786500000, 0x0000000786400000| Complete 
|  53|0x0000000786500000, 0x0000000786600000, 0x0000000786600000|100%| O|  |TAMS 0x0000000786600000, 0x0000000786500000| Updating 
|  54|0x0000000786600000, 0x0000000786700000, 0x0000000786700000|100%| O|  |TAMS 0x0000000786700000, 0x0000000786600000| Updating 
|  55|0x0000000786700000, 0x0000000786800000, 0x0000000786800000|100%| O|  |TAMS 0x0000000786800000, 0x0000000786700000| Updating 
|  56|0x0000000786800000, 0x0000000786900000, 0x0000000786900000|100%| O|  |TAMS 0x0000000786900000, 0x0000000786800000| Updating 
|  57|0x0000000786900000, 0x0000000786a00000, 0x0000000786a00000|100%| O|  |TAMS 0x0000000786a00000, 0x0000000786900000| Updating 
|  58|0x0000000786a00000, 0x0000000786b00000, 0x0000000786b00000|100%| O|  |TAMS 0x0000000786b00000, 0x0000000786a00000| Updating 
|  59|0x0000000786b00000, 0x0000000786c00000, 0x0000000786c00000|100%| O|  |TAMS 0x0000000786c00000, 0x0000000786b00000| Updating 
|  60|0x0000000786c00000, 0x0000000786d00000, 0x0000000786d00000|100%| O|  |TAMS 0x0000000786d00000, 0x0000000786c00000| Updating 
|  61|0x0000000786d00000, 0x0000000786e00000, 0x0000000786e00000|100%| O|  |TAMS 0x0000000786e00000, 0x0000000786d00000| Updating 
|  62|0x0000000786e00000, 0x0000000786f00000, 0x0000000786f00000|100%| O|  |TAMS 0x0000000786f00000, 0x0000000786e00000| Updating 
|  63|0x0000000786f00000, 0x0000000787000000, 0x0000000787000000|100%|HS|  |TAMS 0x0000000787000000, 0x0000000786f00000| Complete 
|  64|0x0000000787000000, 0x0000000787100000, 0x0000000787100000|100%| O|  |TAMS 0x0000000787100000, 0x0000000787000000| Updating 
|  65|0x0000000787100000, 0x0000000787200000, 0x0000000787200000|100%| O|  |TAMS 0x0000000787200000, 0x0000000787100000| Updating 
|  66|0x0000000787200000, 0x0000000787300000, 0x0000000787300000|100%| O|  |TAMS 0x0000000787300000, 0x0000000787200000| Updating 
|  67|0x0000000787300000, 0x0000000787400000, 0x0000000787400000|100%| O|  |TAMS 0x0000000787400000, 0x0000000787300000| Updating 
|  68|0x0000000787400000, 0x0000000787500000, 0x0000000787500000|100%| O|  |TAMS 0x0000000787500000, 0x0000000787400000| Updating 
|  69|0x0000000787500000, 0x0000000787600000, 0x0000000787600000|100%| O|  |TAMS 0x0000000787600000, 0x0000000787500000| Updating 
|  70|0x0000000787600000, 0x0000000787700000, 0x0000000787700000|100%| O|  |TAMS 0x0000000787700000, 0x0000000787600000| Updating 
|  71|0x0000000787700000, 0x0000000787800000, 0x0000000787800000|100%|HS|  |TAMS 0x0000000787800000, 0x0000000787700000| Complete 
|  72|0x0000000787800000, 0x0000000787900000, 0x0000000787900000|100%|HS|  |TAMS 0x0000000787900000, 0x0000000787800000| Complete 
|  73|0x0000000787900000, 0x0000000787a00000, 0x0000000787a00000|100%|HS|  |TAMS 0x0000000787a00000, 0x0000000787900000| Complete 
|  74|0x0000000787a00000, 0x0000000787b00000, 0x0000000787b00000|100%|HC|  |TAMS 0x0000000787b00000, 0x0000000787a00000| Complete 
|  75|0x0000000787b00000, 0x0000000787c00000, 0x0000000787c00000|100%|HS|  |TAMS 0x0000000787c00000, 0x0000000787b00000| Complete 
|  76|0x0000000787c00000, 0x0000000787d00000, 0x0000000787d00000|100%|HC|  |TAMS 0x0000000787d00000, 0x0000000787c00000| Complete 
|  77|0x0000000787d00000, 0x0000000787e00000, 0x0000000787e00000|100%|HS|  |TAMS 0x0000000787e00000, 0x0000000787d00000| Complete 
|  78|0x0000000787e00000, 0x0000000787f00000, 0x0000000787f00000|100%|HS|  |TAMS 0x0000000787f00000, 0x0000000787e00000| Complete 
|  79|0x0000000787f00000, 0x0000000788000000, 0x0000000788000000|100%|HC|  |TAMS 0x0000000788000000, 0x0000000787f00000| Complete 
|  80|0x0000000788000000, 0x0000000788100000, 0x0000000788100000|100%|HC|  |TAMS 0x0000000788100000, 0x0000000788000000| Complete 
|  81|0x0000000788100000, 0x0000000788200000, 0x0000000788200000|100%|HC|  |TAMS 0x0000000788200000, 0x0000000788100000| Complete 
|  82|0x0000000788200000, 0x0000000788300000, 0x0000000788300000|100%|HS|  |TAMS 0x0000000788300000, 0x0000000788200000| Complete 
|  83|0x0000000788300000, 0x0000000788400000, 0x0000000788400000|100%| O|  |TAMS 0x0000000788400000, 0x0000000788300000| Untracked 
|  84|0x0000000788400000, 0x0000000788500000, 0x0000000788500000|100%|HS|  |TAMS 0x0000000788500000, 0x0000000788400000| Complete 
|  85|0x0000000788500000, 0x0000000788600000, 0x0000000788600000|100%|HS|  |TAMS 0x0000000788600000, 0x0000000788500000| Complete 
|  86|0x0000000788600000, 0x0000000788700000, 0x0000000788700000|100%| O|  |TAMS 0x0000000788700000, 0x0000000788600000| Updating 
|  87|0x0000000788700000, 0x0000000788800000, 0x0000000788800000|100%| O|  |TAMS 0x0000000788800000, 0x0000000788700000| Updating 
|  88|0x0000000788800000, 0x0000000788900000, 0x0000000788900000|100%| O|  |TAMS 0x0000000788900000, 0x0000000788800000| Updating 
|  89|0x0000000788900000, 0x0000000788a00000, 0x0000000788a00000|100%| O|  |TAMS 0x0000000788a00000, 0x0000000788900000| Updating 
|  90|0x0000000788a00000, 0x0000000788b00000, 0x0000000788b00000|100%| O|  |TAMS 0x0000000788b00000, 0x0000000788a00000| Updating 
|  91|0x0000000788b00000, 0x0000000788c00000, 0x0000000788c00000|100%| O|  |TAMS 0x0000000788c00000, 0x0000000788b00000| Untracked 
|  92|0x0000000788c00000, 0x0000000788d00000, 0x0000000788d00000|100%| O|  |TAMS 0x0000000788d00000, 0x0000000788c00000| Updating 
|  93|0x0000000788d00000, 0x0000000788e00000, 0x0000000788e00000|100%| O|  |TAMS 0x0000000788e00000, 0x0000000788d00000| Untracked 
|  94|0x0000000788e00000, 0x0000000788f00000, 0x0000000788f00000|100%| O|  |TAMS 0x0000000788f00000, 0x0000000788e00000| Untracked 
|  95|0x0000000788f00000, 0x0000000789000000, 0x0000000789000000|100%| O|  |TAMS 0x0000000789000000, 0x0000000788f00000| Updating 
|  96|0x0000000789000000, 0x0000000789100000, 0x0000000789100000|100%| O|  |TAMS 0x0000000789100000, 0x0000000789000000| Updating 
|  97|0x0000000789100000, 0x0000000789200000, 0x0000000789200000|100%| O|  |TAMS 0x0000000789200000, 0x0000000789100000| Untracked 
|  98|0x0000000789200000, 0x0000000789300000, 0x0000000789300000|100%| O|  |TAMS 0x0000000789300000, 0x0000000789200000| Untracked 
|  99|0x0000000789300000, 0x0000000789400000, 0x0000000789400000|100%| O|  |TAMS 0x0000000789400000, 0x0000000789300000| Untracked 
| 100|0x0000000789400000, 0x0000000789500000, 0x0000000789500000|100%|HS|  |TAMS 0x0000000789500000, 0x0000000789400000| Complete 
| 101|0x0000000789500000, 0x0000000789600000, 0x0000000789600000|100%|HS|  |TAMS 0x0000000789600000, 0x0000000789500000| Complete 
| 102|0x0000000789600000, 0x0000000789700000, 0x0000000789700000|100%|HC|  |TAMS 0x0000000789700000, 0x0000000789600000| Complete 
| 103|0x0000000789700000, 0x0000000789800000, 0x0000000789800000|100%|HC|  |TAMS 0x0000000789800000, 0x0000000789700000| Complete 
| 104|0x0000000789800000, 0x0000000789900000, 0x0000000789900000|100%|HC|  |TAMS 0x0000000789900000, 0x0000000789800000| Complete 
| 105|0x0000000789900000, 0x0000000789a00000, 0x0000000789a00000|100%| O|  |TAMS 0x0000000789a00000, 0x0000000789900000| Updating 
| 106|0x0000000789a00000, 0x0000000789b00000, 0x0000000789b00000|100%| O|  |TAMS 0x0000000789b00000, 0x0000000789a00000| Untracked 
| 107|0x0000000789b00000, 0x0000000789c00000, 0x0000000789c00000|100%| O|  |TAMS 0x0000000789c00000, 0x0000000789b00000| Updating 
| 108|0x0000000789c00000, 0x0000000789d00000, 0x0000000789d00000|100%| O|  |TAMS 0x0000000789d00000, 0x0000000789c00000| Updating 
| 109|0x0000000789d00000, 0x0000000789e00000, 0x0000000789e00000|100%| O|  |TAMS 0x0000000789e00000, 0x0000000789d00000| Untracked 
| 110|0x0000000789e00000, 0x0000000789f00000, 0x0000000789f00000|100%| O|  |TAMS 0x0000000789f00000, 0x0000000789e00000| Untracked 
| 111|0x0000000789f00000, 0x000000078a000000, 0x000000078a000000|100%| O|  |TAMS 0x000000078a000000, 0x0000000789f00000| Untracked 
| 112|0x000000078a000000, 0x000000078a100000, 0x000000078a100000|100%| O|  |TAMS 0x000000078a100000, 0x000000078a000000| Untracked 
| 113|0x000000078a100000, 0x000000078a200000, 0x000000078a200000|100%|HS|  |TAMS 0x000000078a200000, 0x000000078a100000| Complete 
| 114|0x000000078a200000, 0x000000078a300000, 0x000000078a300000|100%|HC|  |TAMS 0x000000078a300000, 0x000000078a200000| Complete 
| 115|0x000000078a300000, 0x000000078a400000, 0x000000078a400000|100%|HS|  |TAMS 0x000000078a400000, 0x000000078a300000| Complete 
| 116|0x000000078a400000, 0x000000078a500000, 0x000000078a500000|100%|HC|  |TAMS 0x000000078a500000, 0x000000078a400000| Complete 
| 117|0x000000078a500000, 0x000000078a600000, 0x000000078a600000|100%|HC|  |TAMS 0x000000078a600000, 0x000000078a500000| Complete 
| 118|0x000000078a600000, 0x000000078a700000, 0x000000078a700000|100%|HC|  |TAMS 0x000000078a700000, 0x000000078a600000| Complete 
| 119|0x000000078a700000, 0x000000078a800000, 0x000000078a800000|100%|HC|  |TAMS 0x000000078a800000, 0x000000078a700000| Complete 
| 120|0x000000078a800000, 0x000000078a900000, 0x000000078a900000|100%|HC|  |TAMS 0x000000078a900000, 0x000000078a800000| Complete 
| 121|0x000000078a900000, 0x000000078aa00000, 0x000000078aa00000|100%|HS|  |TAMS 0x000000078aa00000, 0x000000078a900000| Complete 
| 122|0x000000078aa00000, 0x000000078ab00000, 0x000000078ab00000|100%|HC|  |TAMS 0x000000078ab00000, 0x000000078aa00000| Complete 
| 123|0x000000078ab00000, 0x000000078ac00000, 0x000000078ac00000|100%|HC|  |TAMS 0x000000078ac00000, 0x000000078ab00000| Complete 
| 124|0x000000078ac00000, 0x000000078ad00000, 0x000000078ad00000|100%|HC|  |TAMS 0x000000078ad00000, 0x000000078ac00000| Complete 
| 125|0x000000078ad00000, 0x000000078ae00000, 0x000000078ae00000|100%|HS|  |TAMS 0x000000078ae00000, 0x000000078ad00000| Complete 
| 126|0x000000078ae00000, 0x000000078af00000, 0x000000078af00000|100%|HC|  |TAMS 0x000000078af00000, 0x000000078ae00000| Complete 
| 127|0x000000078af00000, 0x000000078b000000, 0x000000078b000000|100%|HC|  |TAMS 0x000000078b000000, 0x000000078af00000| Complete 
| 128|0x000000078b000000, 0x000000078b100000, 0x000000078b100000|100%|HS|  |TAMS 0x000000078b100000, 0x000000078b000000| Complete 
| 129|0x000000078b100000, 0x000000078b200000, 0x000000078b200000|100%| O|  |TAMS 0x000000078b200000, 0x000000078b100000| Untracked 
| 130|0x000000078b200000, 0x000000078b300000, 0x000000078b300000|100%| O|  |TAMS 0x000000078b300000, 0x000000078b200000| Updating 
| 131|0x000000078b300000, 0x000000078b400000, 0x000000078b400000|100%| O|  |TAMS 0x000000078b400000, 0x000000078b300000| Updating 
| 132|0x000000078b400000, 0x000000078b500000, 0x000000078b500000|100%| O|  |TAMS 0x000000078b500000, 0x000000078b400000| Updating 
| 133|0x000000078b500000, 0x000000078b600000, 0x000000078b600000|100%| O|  |TAMS 0x000000078b600000, 0x000000078b500000| Updating 
| 134|0x000000078b600000, 0x000000078b700000, 0x000000078b700000|100%| O|  |TAMS 0x000000078b700000, 0x000000078b600000| Untracked 
| 135|0x000000078b700000, 0x000000078b800000, 0x000000078b800000|100%| O|  |TAMS 0x000000078b800000, 0x000000078b700000| Updating 
| 136|0x000000078b800000, 0x000000078b900000, 0x000000078b900000|100%| O|  |TAMS 0x000000078b900000, 0x000000078b800000| Updating 
| 137|0x000000078b900000, 0x000000078ba00000, 0x000000078ba00000|100%| O|  |TAMS 0x000000078ba00000, 0x000000078b900000| Untracked 
| 138|0x000000078ba00000, 0x000000078bb00000, 0x000000078bb00000|100%| O|  |TAMS 0x000000078bb00000, 0x000000078ba00000| Untracked 
| 139|0x000000078bb00000, 0x000000078bc00000, 0x000000078bc00000|100%| O|  |TAMS 0x000000078bc00000, 0x000000078bb00000| Updating 
| 140|0x000000078bc00000, 0x000000078bd00000, 0x000000078bd00000|100%| O|  |TAMS 0x000000078bd00000, 0x000000078bc00000| Updating 
| 141|0x000000078bd00000, 0x000000078be00000, 0x000000078be00000|100%| O|  |TAMS 0x000000078be00000, 0x000000078bd00000| Updating 
| 142|0x000000078be00000, 0x000000078bf00000, 0x000000078bf00000|100%| O|  |TAMS 0x000000078bf00000, 0x000000078be00000| Updating 
| 143|0x000000078bf00000, 0x000000078c000000, 0x000000078c000000|100%| O|  |TAMS 0x000000078c000000, 0x000000078bf00000| Updating 
| 144|0x000000078c000000, 0x000000078c100000, 0x000000078c100000|100%| O|  |TAMS 0x000000078c100000, 0x000000078c000000| Updating 
| 145|0x000000078c100000, 0x000000078c200000, 0x000000078c200000|100%| O|  |TAMS 0x000000078c200000, 0x000000078c100000| Updating 
| 146|0x000000078c200000, 0x000000078c300000, 0x000000078c300000|100%| O|  |TAMS 0x000000078c300000, 0x000000078c200000| Untracked 
| 147|0x000000078c300000, 0x000000078c400000, 0x000000078c400000|100%| O|  |TAMS 0x000000078c400000, 0x000000078c300000| Updating 
| 148|0x000000078c400000, 0x000000078c500000, 0x000000078c500000|100%| O|  |TAMS 0x000000078c500000, 0x000000078c400000| Updating 
| 149|0x000000078c500000, 0x000000078c600000, 0x000000078c600000|100%| O|  |TAMS 0x000000078c600000, 0x000000078c500000| Updating 
| 150|0x000000078c600000, 0x000000078c700000, 0x000000078c700000|100%| O|  |TAMS 0x000000078c700000, 0x000000078c600000| Updating 
| 151|0x000000078c700000, 0x000000078c800000, 0x000000078c800000|100%| O|  |TAMS 0x000000078c800000, 0x000000078c700000| Updating 
| 152|0x000000078c800000, 0x000000078c900000, 0x000000078c900000|100%| O|  |TAMS 0x000000078c900000, 0x000000078c800000| Updating 
| 153|0x000000078c900000, 0x000000078ca00000, 0x000000078ca00000|100%| O|  |TAMS 0x000000078ca00000, 0x000000078c900000| Untracked 
| 154|0x000000078ca00000, 0x000000078cb00000, 0x000000078cb00000|100%| O|  |TAMS 0x000000078cb00000, 0x000000078ca00000| Untracked 
| 155|0x000000078cb00000, 0x000000078cc00000, 0x000000078cc00000|100%| O|  |TAMS 0x000000078cc00000, 0x000000078cb00000| Untracked 
| 156|0x000000078cc00000, 0x000000078cd00000, 0x000000078cd00000|100%| O|  |TAMS 0x000000078cd00000, 0x000000078cc00000| Updating 
| 157|0x000000078cd00000, 0x000000078ce00000, 0x000000078ce00000|100%| O|  |TAMS 0x000000078ce00000, 0x000000078cd00000| Updating 
| 158|0x000000078ce00000, 0x000000078cf00000, 0x000000078cf00000|100%| O|  |TAMS 0x000000078cf00000, 0x000000078ce00000| Updating 
| 159|0x000000078cf00000, 0x000000078d000000, 0x000000078d000000|100%| O|  |TAMS 0x000000078d000000, 0x000000078cf00000| Updating 
| 160|0x000000078d000000, 0x000000078d100000, 0x000000078d100000|100%| O|  |TAMS 0x000000078d100000, 0x000000078d000000| Updating 
| 161|0x000000078d100000, 0x000000078d200000, 0x000000078d200000|100%| O|  |TAMS 0x000000078d200000, 0x000000078d100000| Updating 
| 162|0x000000078d200000, 0x000000078d300000, 0x000000078d300000|100%| O|  |TAMS 0x000000078d300000, 0x000000078d200000| Updating 
| 163|0x000000078d300000, 0x000000078d400000, 0x000000078d400000|100%| O|  |TAMS 0x000000078d400000, 0x000000078d300000| Updating 
| 164|0x000000078d400000, 0x000000078d500000, 0x000000078d500000|100%| O|  |TAMS 0x000000078d500000, 0x000000078d400000| Untracked 
| 165|0x000000078d500000, 0x000000078d600000, 0x000000078d600000|100%| O|  |TAMS 0x000000078d600000, 0x000000078d500000| Updating 
| 166|0x000000078d600000, 0x000000078d700000, 0x000000078d700000|100%| O|  |TAMS 0x000000078d700000, 0x000000078d600000| Updating 
| 167|0x000000078d700000, 0x000000078d800000, 0x000000078d800000|100%| O|  |TAMS 0x000000078d800000, 0x000000078d700000| Updating 
| 168|0x000000078d800000, 0x000000078d900000, 0x000000078d900000|100%| O|  |TAMS 0x000000078d900000, 0x000000078d800000| Untracked 
| 169|0x000000078d900000, 0x000000078da00000, 0x000000078da00000|100%| O|  |TAMS 0x000000078da00000, 0x000000078d900000| Untracked 
| 170|0x000000078da00000, 0x000000078db00000, 0x000000078db00000|100%| O|  |TAMS 0x000000078db00000, 0x000000078da00000| Untracked 
| 171|0x000000078db00000, 0x000000078dc00000, 0x000000078dc00000|100%| O|  |TAMS 0x000000078dc00000, 0x000000078db00000| Updating 
| 172|0x000000078dc00000, 0x000000078dd00000, 0x000000078dd00000|100%| O|  |TAMS 0x000000078dd00000, 0x000000078dc00000| Untracked 
| 173|0x000000078dd00000, 0x000000078de00000, 0x000000078de00000|100%|HS|  |TAMS 0x000000078de00000, 0x000000078dd00000| Complete 
| 174|0x000000078de00000, 0x000000078df00000, 0x000000078df00000|100%|HC|  |TAMS 0x000000078df00000, 0x000000078de00000| Complete 
| 175|0x000000078df00000, 0x000000078e000000, 0x000000078e000000|100%| O|  |TAMS 0x000000078e000000, 0x000000078df00000| Untracked 
| 176|0x000000078e000000, 0x000000078e100000, 0x000000078e100000|100%| O|  |TAMS 0x000000078e100000, 0x000000078e000000| Untracked 
| 177|0x000000078e100000, 0x000000078e200000, 0x000000078e200000|100%| O|  |TAMS 0x000000078e200000, 0x000000078e100000| Untracked 
| 178|0x000000078e200000, 0x000000078e300000, 0x000000078e300000|100%| O|  |TAMS 0x000000078e300000, 0x000000078e200000| Untracked 
| 179|0x000000078e300000, 0x000000078e400000, 0x000000078e400000|100%| O|  |TAMS 0x000000078e400000, 0x000000078e300000| Updating 
| 180|0x000000078e400000, 0x000000078e500000, 0x000000078e500000|100%| O|  |TAMS 0x000000078e500000, 0x000000078e400000| Untracked 
| 181|0x000000078e500000, 0x000000078e600000, 0x000000078e600000|100%| O|  |TAMS 0x000000078e600000, 0x000000078e500000| Untracked 
| 182|0x000000078e600000, 0x000000078e700000, 0x000000078e700000|100%| O|  |TAMS 0x000000078e700000, 0x000000078e600000| Updating 
| 183|0x000000078e700000, 0x000000078e800000, 0x000000078e800000|100%| O|  |TAMS 0x000000078e800000, 0x000000078e700000| Updating 
| 184|0x000000078e800000, 0x000000078e900000, 0x000000078e900000|100%| O|  |TAMS 0x000000078e900000, 0x000000078e800000| Updating 
| 185|0x000000078e900000, 0x000000078ea00000, 0x000000078ea00000|100%| O|  |TAMS 0x000000078ea00000, 0x000000078e900000| Updating 
| 186|0x000000078ea00000, 0x000000078eb00000, 0x000000078eb00000|100%| O|  |TAMS 0x000000078eb00000, 0x000000078ea00000| Untracked 
| 187|0x000000078eb00000, 0x000000078ec00000, 0x000000078ec00000|100%| O|  |TAMS 0x000000078ec00000, 0x000000078eb00000| Updating 
| 188|0x000000078ec00000, 0x000000078ed00000, 0x000000078ed00000|100%| O|  |TAMS 0x000000078ed00000, 0x000000078ec00000| Updating 
| 189|0x000000078ed00000, 0x000000078ee00000, 0x000000078ee00000|100%| O|  |TAMS 0x000000078ee00000, 0x000000078ed00000| Untracked 
| 190|0x000000078ee00000, 0x000000078ef00000, 0x000000078ef00000|100%| O|  |TAMS 0x000000078ef00000, 0x000000078ee00000| Untracked 
| 191|0x000000078ef00000, 0x000000078f000000, 0x000000078f000000|100%| O|  |TAMS 0x000000078f000000, 0x000000078ef00000| Updating 
| 192|0x000000078f000000, 0x000000078f100000, 0x000000078f100000|100%| O|  |TAMS 0x000000078f100000, 0x000000078f000000| Untracked 
| 193|0x000000078f100000, 0x000000078f200000, 0x000000078f200000|100%| O|  |TAMS 0x000000078f200000, 0x000000078f100000| Untracked 
| 194|0x000000078f200000, 0x000000078f300000, 0x000000078f300000|100%| O|  |TAMS 0x000000078f300000, 0x000000078f200000| Untracked 
| 195|0x000000078f300000, 0x000000078f400000, 0x000000078f400000|100%| O|  |TAMS 0x000000078f400000, 0x000000078f300000| Untracked 
| 196|0x000000078f400000, 0x000000078f500000, 0x000000078f500000|100%| O|  |TAMS 0x000000078f500000, 0x000000078f400000| Updating 
| 197|0x000000078f500000, 0x000000078f600000, 0x000000078f600000|100%| O|  |TAMS 0x000000078f600000, 0x000000078f500000| Untracked 
| 198|0x000000078f600000, 0x000000078f700000, 0x000000078f700000|100%| O|  |TAMS 0x000000078f700000, 0x000000078f600000| Untracked 
| 199|0x000000078f700000, 0x000000078f800000, 0x000000078f800000|100%| O|  |TAMS 0x000000078f800000, 0x000000078f700000| Updating 
| 200|0x000000078f800000, 0x000000078f900000, 0x000000078f900000|100%| O|  |TAMS 0x000000078f900000, 0x000000078f800000| Untracked 
| 201|0x000000078f900000, 0x000000078fa00000, 0x000000078fa00000|100%| O|  |TAMS 0x000000078fa00000, 0x000000078f900000| Untracked 
| 202|0x000000078fa00000, 0x000000078fb00000, 0x000000078fb00000|100%| O|  |TAMS 0x000000078fb00000, 0x000000078fa00000| Untracked 
| 203|0x000000078fb00000, 0x000000078fc00000, 0x000000078fc00000|100%| O|  |TAMS 0x000000078fc00000, 0x000000078fb00000| Untracked 
| 204|0x000000078fc00000, 0x000000078fd00000, 0x000000078fd00000|100%| O|  |TAMS 0x000000078fd00000, 0x000000078fc00000| Untracked 
| 205|0x000000078fd00000, 0x000000078fe00000, 0x000000078fe00000|100%| O|  |TAMS 0x000000078fe00000, 0x000000078fd00000| Untracked 
| 206|0x000000078fe00000, 0x000000078ff00000, 0x000000078ff00000|100%| O|  |TAMS 0x000000078ff00000, 0x000000078fe00000| Untracked 
| 207|0x000000078ff00000, 0x0000000790000000, 0x0000000790000000|100%| O|  |TAMS 0x0000000790000000, 0x000000078ff00000| Untracked 
| 208|0x0000000790000000, 0x0000000790100000, 0x0000000790100000|100%| O|  |TAMS 0x0000000790100000, 0x0000000790000000| Untracked 
| 209|0x0000000790100000, 0x0000000790200000, 0x0000000790200000|100%| O|  |TAMS 0x0000000790200000, 0x0000000790100000| Updating 
| 210|0x0000000790200000, 0x0000000790300000, 0x0000000790300000|100%| O|  |TAMS 0x0000000790300000, 0x0000000790200000| Updating 
| 211|0x0000000790300000, 0x0000000790400000, 0x0000000790400000|100%| O|  |TAMS 0x0000000790400000, 0x0000000790300000| Untracked 
| 212|0x0000000790400000, 0x0000000790500000, 0x0000000790500000|100%| O|  |TAMS 0x0000000790500000, 0x0000000790400000| Untracked 
| 213|0x0000000790500000, 0x0000000790600000, 0x0000000790600000|100%| O|  |TAMS 0x0000000790600000, 0x0000000790500000| Updating 
| 214|0x0000000790600000, 0x0000000790700000, 0x0000000790700000|100%| O|  |TAMS 0x0000000790700000, 0x0000000790600000| Updating 
| 215|0x0000000790700000, 0x0000000790800000, 0x0000000790800000|100%| O|  |TAMS 0x0000000790800000, 0x0000000790700000| Updating 
| 216|0x0000000790800000, 0x0000000790900000, 0x0000000790900000|100%| O|  |TAMS 0x0000000790900000, 0x0000000790800000| Updating 
| 217|0x0000000790900000, 0x0000000790a00000, 0x0000000790a00000|100%| O|  |TAMS 0x0000000790a00000, 0x0000000790900000| Untracked 
| 218|0x0000000790a00000, 0x0000000790b00000, 0x0000000790b00000|100%| O|  |TAMS 0x0000000790b00000, 0x0000000790a00000| Untracked 
| 219|0x0000000790b00000, 0x0000000790c00000, 0x0000000790c00000|100%| O|  |TAMS 0x0000000790c00000, 0x0000000790b00000| Updating 
| 220|0x0000000790c00000, 0x0000000790d00000, 0x0000000790d00000|100%| O|  |TAMS 0x0000000790d00000, 0x0000000790c00000| Untracked 
| 221|0x0000000790d00000, 0x0000000790e00000, 0x0000000790e00000|100%| O|  |TAMS 0x0000000790e00000, 0x0000000790d00000| Updating 
| 222|0x0000000790e00000, 0x0000000790f00000, 0x0000000790f00000|100%| O|  |TAMS 0x0000000790f00000, 0x0000000790e00000| Updating 
| 223|0x0000000790f00000, 0x0000000791000000, 0x0000000791000000|100%| O|  |TAMS 0x0000000791000000, 0x0000000790f00000| Updating 
| 224|0x0000000791000000, 0x0000000791100000, 0x0000000791100000|100%| O|  |TAMS 0x0000000791100000, 0x0000000791000000| Untracked 
| 225|0x0000000791100000, 0x0000000791200000, 0x0000000791200000|100%| O|  |TAMS 0x0000000791200000, 0x0000000791100000| Updating 
| 226|0x0000000791200000, 0x0000000791300000, 0x0000000791300000|100%| O|  |TAMS 0x0000000791300000, 0x0000000791200000| Untracked 
| 227|0x0000000791300000, 0x0000000791400000, 0x0000000791400000|100%| O|  |TAMS 0x0000000791400000, 0x0000000791300000| Updating 
| 228|0x0000000791400000, 0x0000000791500000, 0x0000000791500000|100%| O|  |TAMS 0x0000000791500000, 0x0000000791400000| Updating 
| 229|0x0000000791500000, 0x0000000791600000, 0x0000000791600000|100%| O|  |TAMS 0x0000000791600000, 0x0000000791500000| Updating 
| 230|0x0000000791600000, 0x0000000791700000, 0x0000000791700000|100%| O|  |TAMS 0x0000000791700000, 0x0000000791600000| Updating 
| 231|0x0000000791700000, 0x0000000791800000, 0x0000000791800000|100%| O|  |TAMS 0x0000000791800000, 0x0000000791700000| Updating 
| 232|0x0000000791800000, 0x0000000791900000, 0x0000000791900000|100%| O|  |TAMS 0x0000000791900000, 0x0000000791800000| Updating 
| 233|0x0000000791900000, 0x0000000791a00000, 0x0000000791a00000|100%| O|  |TAMS 0x0000000791a00000, 0x0000000791900000| Updating 
| 234|0x0000000791a00000, 0x0000000791b00000, 0x0000000791b00000|100%| O|  |TAMS 0x0000000791b00000, 0x0000000791a00000| Updating 
| 235|0x0000000791b00000, 0x0000000791c00000, 0x0000000791c00000|100%| O|  |TAMS 0x0000000791c00000, 0x0000000791b00000| Updating 
| 236|0x0000000791c00000, 0x0000000791d00000, 0x0000000791d00000|100%| O|  |TAMS 0x0000000791d00000, 0x0000000791c00000| Updating 
| 237|0x0000000791d00000, 0x0000000791e00000, 0x0000000791e00000|100%| O|  |TAMS 0x0000000791e00000, 0x0000000791d00000| Updating 
| 238|0x0000000791e00000, 0x0000000791f00000, 0x0000000791f00000|100%|HS|  |TAMS 0x0000000791f00000, 0x0000000791e00000| Complete 
| 239|0x0000000791f00000, 0x0000000792000000, 0x0000000792000000|100%| O|  |TAMS 0x0000000792000000, 0x0000000791f00000| Updating 
| 240|0x0000000792000000, 0x0000000792100000, 0x0000000792100000|100%| O|  |TAMS 0x0000000792100000, 0x0000000792000000| Updating 
| 241|0x0000000792100000, 0x0000000792200000, 0x0000000792200000|100%| O|  |TAMS 0x0000000792200000, 0x0000000792100000| Updating 
| 242|0x0000000792200000, 0x0000000792300000, 0x0000000792300000|100%| O|  |TAMS 0x0000000792300000, 0x0000000792200000| Updating 
| 243|0x0000000792300000, 0x0000000792400000, 0x0000000792400000|100%| O|  |TAMS 0x0000000792400000, 0x0000000792300000| Updating 
| 244|0x0000000792400000, 0x0000000792500000, 0x0000000792500000|100%| O|  |TAMS 0x0000000792500000, 0x0000000792400000| Updating 
| 245|0x0000000792500000, 0x0000000792600000, 0x0000000792600000|100%| O|  |TAMS 0x0000000792600000, 0x0000000792500000| Updating 
| 246|0x0000000792600000, 0x0000000792700000, 0x0000000792700000|100%| O|  |TAMS 0x0000000792700000, 0x0000000792600000| Untracked 
| 247|0x0000000792700000, 0x0000000792800000, 0x0000000792800000|100%| O|  |TAMS 0x0000000792800000, 0x0000000792700000| Updating 
| 248|0x0000000792800000, 0x0000000792900000, 0x0000000792900000|100%| O|  |TAMS 0x0000000792900000, 0x0000000792800000| Updating 
| 249|0x0000000792900000, 0x0000000792a00000, 0x0000000792a00000|100%| O|  |TAMS 0x0000000792a00000, 0x0000000792900000| Updating 
| 250|0x0000000792a00000, 0x0000000792b00000, 0x0000000792b00000|100%| O|  |TAMS 0x0000000792b00000, 0x0000000792a00000| Updating 
| 251|0x0000000792b00000, 0x0000000792c00000, 0x0000000792c00000|100%| O|  |TAMS 0x0000000792c00000, 0x0000000792b00000| Untracked 
| 252|0x0000000792c00000, 0x0000000792d00000, 0x0000000792d00000|100%| O|  |TAMS 0x0000000792d00000, 0x0000000792c00000| Updating 
| 253|0x0000000792d00000, 0x0000000792e00000, 0x0000000792e00000|100%| O|  |TAMS 0x0000000792e00000, 0x0000000792d00000| Updating 
| 254|0x0000000792e00000, 0x0000000792f00000, 0x0000000792f00000|100%| O|  |TAMS 0x0000000792f00000, 0x0000000792e00000| Untracked 
| 255|0x0000000792f00000, 0x0000000793000000, 0x0000000793000000|100%| O|  |TAMS 0x0000000793000000, 0x0000000792f00000| Untracked 
| 256|0x0000000793000000, 0x0000000793100000, 0x0000000793100000|100%| O|  |TAMS 0x0000000793100000, 0x0000000793000000| Untracked 
| 257|0x0000000793100000, 0x0000000793200000, 0x0000000793200000|100%| O|  |TAMS 0x0000000793200000, 0x0000000793100000| Untracked 
| 258|0x0000000793200000, 0x0000000793300000, 0x0000000793300000|100%| O|  |TAMS 0x0000000793300000, 0x0000000793200000| Updating 
| 259|0x0000000793300000, 0x0000000793400000, 0x0000000793400000|100%| O|  |TAMS 0x0000000793400000, 0x0000000793300000| Updating 
| 260|0x0000000793400000, 0x0000000793500000, 0x0000000793500000|100%| O|  |TAMS 0x0000000793500000, 0x0000000793400000| Updating 
| 261|0x0000000793500000, 0x0000000793600000, 0x0000000793600000|100%| O|  |TAMS 0x0000000793600000, 0x0000000793500000| Updating 
| 262|0x0000000793600000, 0x0000000793700000, 0x0000000793700000|100%| O|  |TAMS 0x0000000793700000, 0x0000000793600000| Updating 
| 263|0x0000000793700000, 0x0000000793800000, 0x0000000793800000|100%| O|  |TAMS 0x0000000793800000, 0x0000000793700000| Updating 
| 264|0x0000000793800000, 0x0000000793900000, 0x0000000793900000|100%| O|  |TAMS 0x0000000793900000, 0x0000000793800000| Updating 
| 265|0x0000000793900000, 0x0000000793a00000, 0x0000000793a00000|100%| O|  |TAMS 0x0000000793a00000, 0x0000000793900000| Untracked 
| 266|0x0000000793a00000, 0x0000000793a00000, 0x0000000793b00000|  0%| F|  |TAMS 0x0000000793a00000, 0x0000000793a00000| Untracked 
| 267|0x0000000793b00000, 0x0000000793c00000, 0x0000000793c00000|100%| O|  |TAMS 0x0000000793c00000, 0x0000000793b00000| Updating 
| 268|0x0000000793c00000, 0x0000000793d00000, 0x0000000793d00000|100%| O|  |TAMS 0x0000000793d00000, 0x0000000793c00000| Updating 
| 269|0x0000000793d00000, 0x0000000793e00000, 0x0000000793e00000|100%| O|  |TAMS 0x0000000793e00000, 0x0000000793d00000| Untracked 
| 270|0x0000000793e00000, 0x0000000793f00000, 0x0000000793f00000|100%| O|  |TAMS 0x0000000793f00000, 0x0000000793e00000| Untracked 
| 271|0x0000000793f00000, 0x0000000794000000, 0x0000000794000000|100%| O|  |TAMS 0x0000000794000000, 0x0000000793f00000| Untracked 
| 272|0x0000000794000000, 0x0000000794100000, 0x0000000794100000|100%| O|  |TAMS 0x0000000794100000, 0x0000000794000000| Untracked 
| 273|0x0000000794100000, 0x0000000794200000, 0x0000000794200000|100%| O|  |TAMS 0x0000000794200000, 0x0000000794100000| Untracked 
| 274|0x0000000794200000, 0x0000000794300000, 0x0000000794300000|100%| O|  |TAMS 0x0000000794300000, 0x0000000794200000| Updating 
| 275|0x0000000794300000, 0x0000000794400000, 0x0000000794400000|100%| O|  |TAMS 0x0000000794400000, 0x0000000794300000| Untracked 
| 276|0x0000000794400000, 0x0000000794500000, 0x0000000794500000|100%| O|  |TAMS 0x0000000794500000, 0x0000000794400000| Updating 
| 277|0x0000000794500000, 0x0000000794600000, 0x0000000794600000|100%| O|  |TAMS 0x0000000794600000, 0x0000000794500000| Updating 
| 278|0x0000000794600000, 0x0000000794700000, 0x0000000794700000|100%| O|  |TAMS 0x0000000794700000, 0x0000000794600000| Updating 
| 279|0x0000000794700000, 0x0000000794800000, 0x0000000794800000|100%| O|  |TAMS 0x0000000794800000, 0x0000000794700000| Updating 
| 280|0x0000000794800000, 0x0000000794900000, 0x0000000794900000|100%| O|  |TAMS 0x0000000794900000, 0x0000000794800000| Updating 
| 281|0x0000000794900000, 0x0000000794a00000, 0x0000000794a00000|100%| O|  |TAMS 0x0000000794a00000, 0x0000000794900000| Updating 
| 282|0x0000000794a00000, 0x0000000794b00000, 0x0000000794b00000|100%| O|  |TAMS 0x0000000794b00000, 0x0000000794a00000| Untracked 
| 283|0x0000000794b00000, 0x0000000794c00000, 0x0000000794c00000|100%| O|  |TAMS 0x0000000794c00000, 0x0000000794b00000| Untracked 
| 284|0x0000000794c00000, 0x0000000794d00000, 0x0000000794d00000|100%| O|  |TAMS 0x0000000794d00000, 0x0000000794c00000| Untracked 
| 285|0x0000000794d00000, 0x0000000794e00000, 0x0000000794e00000|100%| O|  |TAMS 0x0000000794e00000, 0x0000000794d00000| Untracked 
| 286|0x0000000794e00000, 0x0000000794f00000, 0x0000000794f00000|100%| O|  |TAMS 0x0000000794f00000, 0x0000000794e00000| Untracked 
| 287|0x0000000794f00000, 0x0000000795000000, 0x0000000795000000|100%| O|  |TAMS 0x0000000795000000, 0x0000000794f00000| Updating 
| 288|0x0000000795000000, 0x0000000795100000, 0x0000000795100000|100%| O|  |TAMS 0x0000000795100000, 0x0000000795000000| Untracked 
| 289|0x0000000795100000, 0x0000000795200000, 0x0000000795200000|100%| O|  |TAMS 0x0000000795200000, 0x0000000795100000| Untracked 
| 290|0x0000000795200000, 0x0000000795300000, 0x0000000795300000|100%| O|  |TAMS 0x0000000795300000, 0x0000000795200000| Untracked 
| 291|0x0000000795300000, 0x0000000795400000, 0x0000000795400000|100%| O|  |TAMS 0x0000000795400000, 0x0000000795300000| Updating 
| 292|0x0000000795400000, 0x0000000795500000, 0x0000000795500000|100%| O|  |TAMS 0x0000000795500000, 0x0000000795400000| Untracked 
| 293|0x0000000795500000, 0x0000000795600000, 0x0000000795600000|100%| O|  |TAMS 0x0000000795600000, 0x0000000795500000| Updating 
| 294|0x0000000795600000, 0x0000000795700000, 0x0000000795700000|100%| O|  |TAMS 0x0000000795700000, 0x0000000795600000| Updating 
| 295|0x0000000795700000, 0x0000000795800000, 0x0000000795800000|100%| O|  |TAMS 0x0000000795800000, 0x0000000795700000| Updating 
| 296|0x0000000795800000, 0x0000000795900000, 0x0000000795900000|100%| O|  |TAMS 0x0000000795900000, 0x0000000795800000| Updating 
| 297|0x0000000795900000, 0x0000000795a00000, 0x0000000795a00000|100%| O|  |TAMS 0x0000000795a00000, 0x0000000795900000| Untracked 
| 298|0x0000000795a00000, 0x0000000795b00000, 0x0000000795b00000|100%| O|  |TAMS 0x0000000795b00000, 0x0000000795a00000| Untracked 
| 299|0x0000000795b00000, 0x0000000795c00000, 0x0000000795c00000|100%| O|  |TAMS 0x0000000795c00000, 0x0000000795b00000| Updating 
| 300|0x0000000795c00000, 0x0000000795c00000, 0x0000000795d00000|  0%| F|  |TAMS 0x0000000795c00000, 0x0000000795c00000| Untracked 
| 301|0x0000000795d00000, 0x0000000795e00000, 0x0000000795e00000|100%| O|  |TAMS 0x0000000795e00000, 0x0000000795d00000| Updating 
| 302|0x0000000795e00000, 0x0000000795f00000, 0x0000000795f00000|100%| O|  |TAMS 0x0000000795f00000, 0x0000000795e00000| Untracked 
| 303|0x0000000795f00000, 0x0000000796000000, 0x0000000796000000|100%| O|  |TAMS 0x0000000796000000, 0x0000000795f00000| Untracked 
| 304|0x0000000796000000, 0x0000000796100000, 0x0000000796100000|100%| O|  |TAMS 0x0000000796100000, 0x0000000796000000| Updating 
| 305|0x0000000796100000, 0x0000000796200000, 0x0000000796200000|100%| O|  |TAMS 0x0000000796200000, 0x0000000796100000| Untracked 
| 306|0x0000000796200000, 0x0000000796300000, 0x0000000796300000|100%| O|  |TAMS 0x0000000796300000, 0x0000000796200000| Untracked 
| 307|0x0000000796300000, 0x0000000796400000, 0x0000000796400000|100%| O|  |TAMS 0x0000000796400000, 0x0000000796300000| Updating 
| 308|0x0000000796400000, 0x00000007964ffff8, 0x0000000796500000| 99%| O|  |TAMS 0x00000007964ffff8, 0x0000000796400000| Updating 
| 309|0x0000000796500000, 0x0000000796600000, 0x0000000796600000|100%| O|  |TAMS 0x0000000796600000, 0x0000000796500000| Updating 
| 310|0x0000000796600000, 0x0000000796700000, 0x0000000796700000|100%| O|  |TAMS 0x0000000796700000, 0x0000000796600000| Updating 
| 311|0x0000000796700000, 0x0000000796800000, 0x0000000796800000|100%| O|  |TAMS 0x0000000796800000, 0x0000000796700000| Untracked 
| 312|0x0000000796800000, 0x0000000796900000, 0x0000000796900000|100%| O|  |TAMS 0x0000000796900000, 0x0000000796800000| Updating 
| 313|0x0000000796900000, 0x0000000796a00000, 0x0000000796a00000|100%| O|  |TAMS 0x0000000796a00000, 0x0000000796900000| Untracked 
| 314|0x0000000796a00000, 0x0000000796b00000, 0x0000000796b00000|100%| O|  |TAMS 0x0000000796b00000, 0x0000000796a00000| Untracked 
| 315|0x0000000796b00000, 0x0000000796c00000, 0x0000000796c00000|100%| O|  |TAMS 0x0000000796c00000, 0x0000000796b00000| Untracked 
| 316|0x0000000796c00000, 0x0000000796d00000, 0x0000000796d00000|100%| O|  |TAMS 0x0000000796d00000, 0x0000000796c00000| Updating 
| 317|0x0000000796d00000, 0x0000000796e00000, 0x0000000796e00000|100%| O|  |TAMS 0x0000000796e00000, 0x0000000796d00000| Updating 
| 318|0x0000000796e00000, 0x0000000796f00000, 0x0000000796f00000|100%| O|  |TAMS 0x0000000796f00000, 0x0000000796e00000| Updating 
| 319|0x0000000796f00000, 0x0000000797000000, 0x0000000797000000|100%| O|  |TAMS 0x0000000797000000, 0x0000000796f00000| Untracked 
| 320|0x0000000797000000, 0x0000000797100000, 0x0000000797100000|100%| O|  |TAMS 0x0000000797100000, 0x0000000797000000| Untracked 
| 321|0x0000000797100000, 0x0000000797200000, 0x0000000797200000|100%| O|  |TAMS 0x0000000797200000, 0x0000000797100000| Untracked 
| 322|0x0000000797200000, 0x0000000797300000, 0x0000000797300000|100%| O|  |TAMS 0x0000000797300000, 0x0000000797200000| Untracked 
| 323|0x0000000797300000, 0x0000000797400000, 0x0000000797400000|100%| O|  |TAMS 0x0000000797400000, 0x0000000797300000| Updating 
| 324|0x0000000797400000, 0x0000000797500000, 0x0000000797500000|100%| O|  |TAMS 0x0000000797500000, 0x0000000797400000| Untracked 
| 325|0x0000000797500000, 0x0000000797600000, 0x0000000797600000|100%| O|  |TAMS 0x0000000797600000, 0x0000000797500000| Updating 
| 326|0x0000000797600000, 0x0000000797700000, 0x0000000797700000|100%| O|  |TAMS 0x0000000797700000, 0x0000000797600000| Untracked 
| 327|0x0000000797700000, 0x0000000797800000, 0x0000000797800000|100%| O|  |TAMS 0x0000000797800000, 0x0000000797700000| Updating 
| 328|0x0000000797800000, 0x0000000797900000, 0x0000000797900000|100%| O|  |TAMS 0x0000000797900000, 0x0000000797800000| Updating 
| 329|0x0000000797900000, 0x0000000797900000, 0x0000000797a00000|  0%| F|  |TAMS 0x0000000797900000, 0x0000000797900000| Untracked 
| 330|0x0000000797a00000, 0x0000000797b00000, 0x0000000797b00000|100%| O|  |TAMS 0x0000000797b00000, 0x0000000797a00000| Untracked 
| 331|0x0000000797b00000, 0x0000000797c00000, 0x0000000797c00000|100%| O|  |TAMS 0x0000000797c00000, 0x0000000797b00000| Updating 
| 332|0x0000000797c00000, 0x0000000797d00000, 0x0000000797d00000|100%| O|  |TAMS 0x0000000797d00000, 0x0000000797c00000| Updating 
| 333|0x0000000797d00000, 0x0000000797e00000, 0x0000000797e00000|100%| O|  |TAMS 0x0000000797e00000, 0x0000000797d00000| Untracked 
| 334|0x0000000797e00000, 0x0000000797f00000, 0x0000000797f00000|100%| O|  |TAMS 0x0000000797f00000, 0x0000000797e00000| Updating 
| 335|0x0000000797f00000, 0x0000000798000000, 0x0000000798000000|100%| O|  |TAMS 0x0000000798000000, 0x0000000797f00000| Updating 
| 336|0x0000000798000000, 0x0000000798100000, 0x0000000798100000|100%| O|  |TAMS 0x0000000798100000, 0x0000000798000000| Untracked 
| 337|0x0000000798100000, 0x0000000798200000, 0x0000000798200000|100%| O|  |TAMS 0x0000000798200000, 0x0000000798100000| Untracked 
| 338|0x0000000798200000, 0x0000000798300000, 0x0000000798300000|100%| O|  |TAMS 0x0000000798300000, 0x0000000798200000| Updating 
| 339|0x0000000798300000, 0x0000000798400000, 0x0000000798400000|100%| O|  |TAMS 0x0000000798400000, 0x0000000798300000| Updating 
| 340|0x0000000798400000, 0x0000000798500000, 0x0000000798500000|100%| O|  |TAMS 0x0000000798500000, 0x0000000798400000| Untracked 
| 341|0x0000000798500000, 0x0000000798600000, 0x0000000798600000|100%| O|  |TAMS 0x0000000798600000, 0x0000000798500000| Updating 
| 342|0x0000000798600000, 0x0000000798700000, 0x0000000798700000|100%| O|  |TAMS 0x0000000798700000, 0x0000000798600000| Untracked 
| 343|0x0000000798700000, 0x0000000798800000, 0x0000000798800000|100%| O|  |TAMS 0x0000000798800000, 0x0000000798700000| Updating 
| 344|0x0000000798800000, 0x0000000798900000, 0x0000000798900000|100%| O|  |TAMS 0x0000000798900000, 0x0000000798800000| Updating 
| 345|0x0000000798900000, 0x0000000798900000, 0x0000000798a00000|  0%| F|  |TAMS 0x0000000798900000, 0x0000000798900000| Untracked 
| 346|0x0000000798a00000, 0x0000000798b00000, 0x0000000798b00000|100%| O|  |TAMS 0x0000000798b00000, 0x0000000798a00000| Updating 
| 347|0x0000000798b00000, 0x0000000798c00000, 0x0000000798c00000|100%| O|  |TAMS 0x0000000798c00000, 0x0000000798b00000| Untracked 
| 348|0x0000000798c00000, 0x0000000798d00000, 0x0000000798d00000|100%| O|  |TAMS 0x0000000798d00000, 0x0000000798c00000| Untracked 
| 349|0x0000000798d00000, 0x0000000798d00000, 0x0000000798e00000|  0%| F|  |TAMS 0x0000000798d00000, 0x0000000798d00000| Untracked 
| 350|0x0000000798e00000, 0x0000000798f00000, 0x0000000798f00000|100%| O|  |TAMS 0x0000000798f00000, 0x0000000798e00000| Updating 
| 351|0x0000000798f00000, 0x0000000798f00000, 0x0000000799000000|  0%| F|  |TAMS 0x0000000798f00000, 0x0000000798f00000| Untracked 
| 352|0x0000000799000000, 0x0000000799100000, 0x0000000799100000|100%| O|  |TAMS 0x0000000799100000, 0x0000000799000000| Updating 
| 353|0x0000000799100000, 0x0000000799200000, 0x0000000799200000|100%| O|  |TAMS 0x0000000799200000, 0x0000000799100000| Updating 
| 354|0x0000000799200000, 0x0000000799300000, 0x0000000799300000|100%| O|  |TAMS 0x0000000799300000, 0x0000000799200000| Updating 
| 355|0x0000000799300000, 0x0000000799400000, 0x0000000799400000|100%| O|  |TAMS 0x0000000799400000, 0x0000000799300000| Untracked 
| 356|0x0000000799400000, 0x0000000799500000, 0x0000000799500000|100%| O|  |TAMS 0x0000000799500000, 0x0000000799400000| Updating 
| 357|0x0000000799500000, 0x0000000799500000, 0x0000000799600000|  0%| F|  |TAMS 0x0000000799500000, 0x0000000799500000| Untracked 
| 358|0x0000000799600000, 0x0000000799700000, 0x0000000799700000|100%|HS|  |TAMS 0x0000000799600000, 0x0000000799600000| Complete 
| 359|0x0000000799700000, 0x0000000799800000, 0x0000000799800000|100%|HC|  |TAMS 0x0000000799700000, 0x0000000799700000| Complete 
| 360|0x0000000799800000, 0x0000000799800000, 0x0000000799900000|  0%| F|  |TAMS 0x0000000799800000, 0x0000000799800000| Untracked 
| 361|0x0000000799900000, 0x0000000799900000, 0x0000000799a00000|  0%| F|  |TAMS 0x0000000799900000, 0x0000000799900000| Untracked 
| 362|0x0000000799a00000, 0x0000000799b00000, 0x0000000799b00000|100%| O|  |TAMS 0x0000000799b00000, 0x0000000799a00000| Updating 
| 363|0x0000000799b00000, 0x0000000799b00000, 0x0000000799c00000|  0%| F|  |TAMS 0x0000000799b00000, 0x0000000799b00000| Untracked 
| 364|0x0000000799c00000, 0x0000000799d00000, 0x0000000799d00000|100%| O|  |TAMS 0x0000000799d00000, 0x0000000799c00000| Untracked 
| 365|0x0000000799d00000, 0x0000000799d00000, 0x0000000799e00000|  0%| F|  |TAMS 0x0000000799d00000, 0x0000000799d00000| Untracked 
| 366|0x0000000799e00000, 0x0000000799f00000, 0x0000000799f00000|100%| O|  |TAMS 0x0000000799f00000, 0x0000000799e00000| Updating 
| 367|0x0000000799f00000, 0x0000000799f00000, 0x000000079a000000|  0%| F|  |TAMS 0x0000000799f00000, 0x0000000799f00000| Untracked 
| 368|0x000000079a000000, 0x000000079a100000, 0x000000079a100000|100%| O|  |TAMS 0x000000079a100000, 0x000000079a000000| Updating 
| 369|0x000000079a100000, 0x000000079a200000, 0x000000079a200000|100%| O|  |TAMS 0x000000079a200000, 0x000000079a100000| Updating 
| 370|0x000000079a200000, 0x000000079a200000, 0x000000079a300000|  0%| F|  |TAMS 0x000000079a200000, 0x000000079a200000| Untracked 
| 371|0x000000079a300000, 0x000000079a300000, 0x000000079a400000|  0%| F|  |TAMS 0x000000079a300000, 0x000000079a300000| Untracked 
| 372|0x000000079a400000, 0x000000079a400000, 0x000000079a500000|  0%| F|  |TAMS 0x000000079a400000, 0x000000079a400000| Untracked 
| 373|0x000000079a500000, 0x000000079a500000, 0x000000079a600000|  0%| F|  |TAMS 0x000000079a500000, 0x000000079a500000| Untracked 
| 374|0x000000079a600000, 0x000000079a700000, 0x000000079a700000|100%| O|  |TAMS 0x000000079a700000, 0x000000079a600000| Updating 
| 375|0x000000079a700000, 0x000000079a800000, 0x000000079a800000|100%| O|  |TAMS 0x000000079a800000, 0x000000079a700000| Updating 
| 376|0x000000079a800000, 0x000000079a800000, 0x000000079a900000|  0%| F|  |TAMS 0x000000079a800000, 0x000000079a800000| Untracked 
| 377|0x000000079a900000, 0x000000079a900000, 0x000000079aa00000|  0%| F|  |TAMS 0x000000079a900000, 0x000000079a900000| Untracked 
| 378|0x000000079aa00000, 0x000000079aa00000, 0x000000079ab00000|  0%| F|  |TAMS 0x000000079aa00000, 0x000000079aa00000| Untracked 
| 379|0x000000079ab00000, 0x000000079ab00000, 0x000000079ac00000|  0%| F|  |TAMS 0x000000079ab00000, 0x000000079ab00000| Untracked 
| 380|0x000000079ac00000, 0x000000079ad00000, 0x000000079ad00000|100%| O|  |TAMS 0x000000079ad00000, 0x000000079ac00000| Updating 
| 381|0x000000079ad00000, 0x000000079ad00000, 0x000000079ae00000|  0%| F|  |TAMS 0x000000079ad00000, 0x000000079ad00000| Untracked 
| 382|0x000000079ae00000, 0x000000079af00000, 0x000000079af00000|100%| O|  |TAMS 0x000000079af00000, 0x000000079ae00000| Updating 
| 383|0x000000079af00000, 0x000000079af00000, 0x000000079b000000|  0%| F|  |TAMS 0x000000079af00000, 0x000000079af00000| Untracked 
| 384|0x000000079b000000, 0x000000079b000000, 0x000000079b100000|  0%| F|  |TAMS 0x000000079b000000, 0x000000079b000000| Untracked 
| 385|0x000000079b100000, 0x000000079b100000, 0x000000079b200000|  0%| F|  |TAMS 0x000000079b100000, 0x000000079b100000| Untracked 
| 386|0x000000079b200000, 0x000000079b300000, 0x000000079b300000|100%| O|  |TAMS 0x000000079b300000, 0x000000079b200000| Updating 
| 387|0x000000079b300000, 0x000000079b400000, 0x000000079b400000|100%| O|  |TAMS 0x000000079b400000, 0x000000079b300000| Updating 
| 388|0x000000079b400000, 0x000000079b400000, 0x000000079b500000|  0%| F|  |TAMS 0x000000079b400000, 0x000000079b400000| Untracked 
| 389|0x000000079b500000, 0x000000079b500000, 0x000000079b600000|  0%| F|  |TAMS 0x000000079b500000, 0x000000079b500000| Untracked 
| 390|0x000000079b600000, 0x000000079b600000, 0x000000079b700000|  0%| F|  |TAMS 0x000000079b600000, 0x000000079b600000| Untracked 
| 391|0x000000079b700000, 0x000000079b800000, 0x000000079b800000|100%| O|  |TAMS 0x000000079b800000, 0x000000079b700000| Updating 
| 392|0x000000079b800000, 0x000000079b900000, 0x000000079b900000|100%| O|  |TAMS 0x000000079b900000, 0x000000079b800000| Updating 
| 393|0x000000079b900000, 0x000000079ba00000, 0x000000079ba00000|100%| O|  |TAMS 0x000000079ba00000, 0x000000079b900000| Updating 
| 394|0x000000079ba00000, 0x000000079ba00000, 0x000000079bb00000|  0%| F|  |TAMS 0x000000079ba00000, 0x000000079ba00000| Untracked 
| 395|0x000000079bb00000, 0x000000079bc00000, 0x000000079bc00000|100%| O|  |TAMS 0x000000079bc00000, 0x000000079bb00000| Updating 
| 396|0x000000079bc00000, 0x000000079bc00000, 0x000000079bd00000|  0%| F|  |TAMS 0x000000079bc00000, 0x000000079bc00000| Untracked 
| 397|0x000000079bd00000, 0x000000079be00000, 0x000000079be00000|100%| O|  |TAMS 0x000000079be00000, 0x000000079bd00000| Updating 
| 398|0x000000079be00000, 0x000000079bf00000, 0x000000079bf00000|100%| O|  |TAMS 0x000000079bf00000, 0x000000079be00000| Updating 
| 399|0x000000079bf00000, 0x000000079c000000, 0x000000079c000000|100%| O|  |TAMS 0x000000079c000000, 0x000000079bf00000| Updating 
| 400|0x000000079c000000, 0x000000079c100000, 0x000000079c100000|100%| O|  |TAMS 0x000000079c100000, 0x000000079c000000| Updating 
| 401|0x000000079c100000, 0x000000079c200000, 0x000000079c200000|100%| O|  |TAMS 0x000000079c200000, 0x000000079c100000| Updating 
| 402|0x000000079c200000, 0x000000079c300000, 0x000000079c300000|100%| O|  |TAMS 0x000000079c300000, 0x000000079c200000| Updating 
| 403|0x000000079c300000, 0x000000079c400000, 0x000000079c400000|100%| O|  |TAMS 0x000000079c400000, 0x000000079c300000| Updating 
| 404|0x000000079c400000, 0x000000079c500000, 0x000000079c500000|100%| O|  |TAMS 0x000000079c500000, 0x000000079c400000| Updating 
| 405|0x000000079c500000, 0x000000079c600000, 0x000000079c600000|100%| O|  |TAMS 0x000000079c600000, 0x000000079c500000| Untracked 
| 406|0x000000079c600000, 0x000000079c700000, 0x000000079c700000|100%| O|  |TAMS 0x000000079c700000, 0x000000079c600000| Untracked 
| 407|0x000000079c700000, 0x000000079c800000, 0x000000079c800000|100%| O|  |TAMS 0x000000079c800000, 0x000000079c700000| Untracked 
| 408|0x000000079c800000, 0x000000079c900000, 0x000000079c900000|100%| O|  |TAMS 0x000000079c900000, 0x000000079c800000| Untracked 
| 409|0x000000079c900000, 0x000000079ca00000, 0x000000079ca00000|100%| O|  |TAMS 0x000000079ca00000, 0x000000079c900000| Untracked 
| 410|0x000000079ca00000, 0x000000079cb00000, 0x000000079cb00000|100%| O|  |TAMS 0x000000079cb00000, 0x000000079ca00000| Untracked 
| 411|0x000000079cb00000, 0x000000079cc00000, 0x000000079cc00000|100%| O|  |TAMS 0x000000079cc00000, 0x000000079cb00000| Untracked 
| 412|0x000000079cc00000, 0x000000079cd00000, 0x000000079cd00000|100%| O|  |TAMS 0x000000079cd00000, 0x000000079cc00000| Untracked 
| 413|0x000000079cd00000, 0x000000079ce00000, 0x000000079ce00000|100%| O|  |TAMS 0x000000079ce00000, 0x000000079cd00000| Updating 
| 414|0x000000079ce00000, 0x000000079cf00000, 0x000000079cf00000|100%| O|  |TAMS 0x000000079cf00000, 0x000000079ce00000| Untracked 
| 415|0x000000079cf00000, 0x000000079d000000, 0x000000079d000000|100%| O|  |TAMS 0x000000079d000000, 0x000000079cf00000| Untracked 
| 416|0x000000079d000000, 0x000000079d100000, 0x000000079d100000|100%| O|  |TAMS 0x000000079d100000, 0x000000079d000000| Untracked 
| 417|0x000000079d100000, 0x000000079d200000, 0x000000079d200000|100%| O|  |TAMS 0x000000079d200000, 0x000000079d100000| Untracked 
| 418|0x000000079d200000, 0x000000079d300000, 0x000000079d300000|100%| O|  |TAMS 0x000000079d300000, 0x000000079d200000| Untracked 
| 419|0x000000079d300000, 0x000000079d400000, 0x000000079d400000|100%| O|  |TAMS 0x000000079d400000, 0x000000079d300000| Untracked 
| 420|0x000000079d400000, 0x000000079d500000, 0x000000079d500000|100%| O|  |TAMS 0x000000079d500000, 0x000000079d400000| Untracked 
| 421|0x000000079d500000, 0x000000079d600000, 0x000000079d600000|100%| O|  |TAMS 0x000000079d600000, 0x000000079d500000| Untracked 
| 422|0x000000079d600000, 0x000000079d700000, 0x000000079d700000|100%| O|  |TAMS 0x000000079d700000, 0x000000079d600000| Untracked 
| 423|0x000000079d700000, 0x000000079d800000, 0x000000079d800000|100%| O|  |TAMS 0x000000079d800000, 0x000000079d700000| Untracked 
| 424|0x000000079d800000, 0x000000079d900000, 0x000000079d900000|100%| O|  |TAMS 0x000000079d900000, 0x000000079d800000| Untracked 
| 425|0x000000079d900000, 0x000000079da00000, 0x000000079da00000|100%| O|  |TAMS 0x000000079da00000, 0x000000079d900000| Untracked 
| 426|0x000000079da00000, 0x000000079db00000, 0x000000079db00000|100%| O|  |TAMS 0x000000079db00000, 0x000000079da00000| Untracked 
| 427|0x000000079db00000, 0x000000079dc00000, 0x000000079dc00000|100%| O|  |TAMS 0x000000079dc00000, 0x000000079db00000| Untracked 
| 428|0x000000079dc00000, 0x000000079dd00000, 0x000000079dd00000|100%| O|  |TAMS 0x000000079dd00000, 0x000000079dc00000| Untracked 
| 429|0x000000079dd00000, 0x000000079de00000, 0x000000079de00000|100%| O|  |TAMS 0x000000079de00000, 0x000000079dd00000| Untracked 
| 430|0x000000079de00000, 0x000000079df00000, 0x000000079df00000|100%| O|  |TAMS 0x000000079df00000, 0x000000079de00000| Untracked 
| 431|0x000000079df00000, 0x000000079e000000, 0x000000079e000000|100%| O|  |TAMS 0x000000079e000000, 0x000000079df00000| Untracked 
| 432|0x000000079e000000, 0x000000079e100000, 0x000000079e100000|100%| O|  |TAMS 0x000000079e100000, 0x000000079e000000| Untracked 
| 433|0x000000079e100000, 0x000000079e200000, 0x000000079e200000|100%| O|  |TAMS 0x000000079e200000, 0x000000079e100000| Updating 
| 434|0x000000079e200000, 0x000000079e300000, 0x000000079e300000|100%| O|  |TAMS 0x000000079e300000, 0x000000079e200000| Untracked 
| 435|0x000000079e300000, 0x000000079e400000, 0x000000079e400000|100%| O|  |TAMS 0x000000079e400000, 0x000000079e300000| Updating 
| 436|0x000000079e400000, 0x000000079e500000, 0x000000079e500000|100%| O|  |TAMS 0x000000079e500000, 0x000000079e400000| Updating 
| 437|0x000000079e500000, 0x000000079e600000, 0x000000079e600000|100%| O|  |TAMS 0x000000079e600000, 0x000000079e500000| Updating 
| 438|0x000000079e600000, 0x000000079e700000, 0x000000079e700000|100%| O|  |TAMS 0x000000079e700000, 0x000000079e600000| Updating 
| 439|0x000000079e700000, 0x000000079e800000, 0x000000079e800000|100%| O|  |TAMS 0x000000079e800000, 0x000000079e700000| Updating 
| 440|0x000000079e800000, 0x000000079e900000, 0x000000079e900000|100%| O|  |TAMS 0x000000079e900000, 0x000000079e800000| Updating 
| 441|0x000000079e900000, 0x000000079ea00000, 0x000000079ea00000|100%| O|  |TAMS 0x000000079ea00000, 0x000000079e900000| Untracked 
| 442|0x000000079ea00000, 0x000000079eb00000, 0x000000079eb00000|100%| O|  |TAMS 0x000000079eb00000, 0x000000079ea00000| Updating 
| 443|0x000000079eb00000, 0x000000079ec00000, 0x000000079ec00000|100%| O|  |TAMS 0x000000079ec00000, 0x000000079eb00000| Updating 
| 444|0x000000079ec00000, 0x000000079ed00000, 0x000000079ed00000|100%| O|  |TAMS 0x000000079ed00000, 0x000000079ec00000| Updating 
| 445|0x000000079ed00000, 0x000000079ee00000, 0x000000079ee00000|100%| O|  |TAMS 0x000000079ee00000, 0x000000079ed00000| Updating 
| 446|0x000000079ee00000, 0x000000079ef00000, 0x000000079ef00000|100%| O|  |TAMS 0x000000079ef00000, 0x000000079ee00000| Untracked 
| 447|0x000000079ef00000, 0x000000079f000000, 0x000000079f000000|100%| O|  |TAMS 0x000000079f000000, 0x000000079ef00000| Untracked 
| 448|0x000000079f000000, 0x000000079f100000, 0x000000079f100000|100%| O|  |TAMS 0x000000079f100000, 0x000000079f000000| Updating 
| 449|0x000000079f100000, 0x000000079f200000, 0x000000079f200000|100%| O|  |TAMS 0x000000079f200000, 0x000000079f100000| Untracked 
| 450|0x000000079f200000, 0x000000079f300000, 0x000000079f300000|100%| O|  |TAMS 0x000000079f300000, 0x000000079f200000| Updating 
| 451|0x000000079f300000, 0x000000079f400000, 0x000000079f400000|100%| O|  |TAMS 0x000000079f400000, 0x000000079f300000| Updating 
| 452|0x000000079f400000, 0x000000079f500000, 0x000000079f500000|100%| O|  |TAMS 0x000000079f500000, 0x000000079f400000| Updating 
| 453|0x000000079f500000, 0x000000079f600000, 0x000000079f600000|100%| O|  |TAMS 0x000000079f600000, 0x000000079f500000| Updating 
| 454|0x000000079f600000, 0x000000079f700000, 0x000000079f700000|100%| O|  |TAMS 0x000000079f700000, 0x000000079f600000| Untracked 
| 455|0x000000079f700000, 0x000000079f800000, 0x000000079f800000|100%| O|  |TAMS 0x000000079f800000, 0x000000079f700000| Untracked 
| 456|0x000000079f800000, 0x000000079f87aa00, 0x000000079f900000| 47%| O|  |TAMS 0x000000079f87aa00, 0x000000079f800000| Updating 
| 457|0x000000079f900000, 0x000000079fa00000, 0x000000079fa00000|100%| O|  |TAMS 0x000000079fa00000, 0x000000079f900000| Updating 
| 458|0x000000079fa00000, 0x000000079fa00000, 0x000000079fb00000|  0%| F|  |TAMS 0x000000079fa00000, 0x000000079fa00000| Untracked 
| 459|0x000000079fb00000, 0x000000079fb00000, 0x000000079fc00000|  0%| F|  |TAMS 0x000000079fb00000, 0x000000079fb00000| Untracked 
| 460|0x000000079fc00000, 0x000000079fd00000, 0x000000079fd00000|100%| O|  |TAMS 0x000000079fd00000, 0x000000079fc00000| Untracked 
| 461|0x000000079fd00000, 0x000000079fe00000, 0x000000079fe00000|100%| O|  |TAMS 0x000000079fe00000, 0x000000079fd00000| Updating 
| 462|0x000000079fe00000, 0x000000079ff00000, 0x000000079ff00000|100%| O|  |TAMS 0x000000079ff00000, 0x000000079fe00000| Updating 
| 463|0x000000079ff00000, 0x000000079ff00000, 0x00000007a0000000|  0%| F|  |TAMS 0x000000079ff00000, 0x000000079ff00000| Untracked 
| 464|0x00000007a0000000, 0x00000007a0100000, 0x00000007a0100000|100%| O|  |TAMS 0x00000007a0100000, 0x00000007a0000000| Updating 
| 465|0x00000007a0100000, 0x00000007a0100000, 0x00000007a0200000|  0%| F|  |TAMS 0x00000007a0100000, 0x00000007a0100000| Untracked 
| 466|0x00000007a0200000, 0x00000007a0300000, 0x00000007a0300000|100%| O|  |TAMS 0x00000007a0300000, 0x00000007a0200000| Untracked 
| 467|0x00000007a0300000, 0x00000007a0400000, 0x00000007a0400000|100%| O|  |TAMS 0x00000007a0400000, 0x00000007a0300000| Updating 
| 468|0x00000007a0400000, 0x00000007a0400000, 0x00000007a0500000|  0%| F|  |TAMS 0x00000007a0400000, 0x00000007a0400000| Untracked 
| 469|0x00000007a0500000, 0x00000007a0600000, 0x00000007a0600000|100%| O|  |TAMS 0x00000007a0600000, 0x00000007a0500000| Untracked 
| 470|0x00000007a0600000, 0x00000007a0700000, 0x00000007a0700000|100%| O|  |TAMS 0x00000007a0700000, 0x00000007a0600000| Updating 
| 471|0x00000007a0700000, 0x00000007a0700000, 0x00000007a0800000|  0%| F|  |TAMS 0x00000007a0700000, 0x00000007a0700000| Untracked 
| 472|0x00000007a0800000, 0x00000007a0900000, 0x00000007a0900000|100%| O|  |TAMS 0x00000007a0900000, 0x00000007a0800000| Untracked 
| 473|0x00000007a0900000, 0x00000007a0900000, 0x00000007a0a00000|  0%| F|  |TAMS 0x00000007a0900000, 0x00000007a0900000| Untracked 
| 474|0x00000007a0a00000, 0x00000007a0a00000, 0x00000007a0b00000|  0%| F|  |TAMS 0x00000007a0a00000, 0x00000007a0a00000| Untracked 
| 475|0x00000007a0b00000, 0x00000007a0b00000, 0x00000007a0c00000|  0%| F|  |TAMS 0x00000007a0b00000, 0x00000007a0b00000| Untracked 
| 476|0x00000007a0c00000, 0x00000007a0d00000, 0x00000007a0d00000|100%| O|  |TAMS 0x00000007a0d00000, 0x00000007a0c00000| Updating 
| 477|0x00000007a0d00000, 0x00000007a0e00000, 0x00000007a0e00000|100%| O|  |TAMS 0x00000007a0e00000, 0x00000007a0d00000| Updating 
| 478|0x00000007a0e00000, 0x00000007a0e00000, 0x00000007a0f00000|  0%| F|  |TAMS 0x00000007a0e00000, 0x00000007a0e00000| Untracked 
| 479|0x00000007a0f00000, 0x00000007a1000000, 0x00000007a1000000|100%| O|  |TAMS 0x00000007a1000000, 0x00000007a0f00000| Untracked 
| 480|0x00000007a1000000, 0x00000007a1000000, 0x00000007a1100000|  0%| F|  |TAMS 0x00000007a1000000, 0x00000007a1000000| Untracked 
| 481|0x00000007a1100000, 0x00000007a1200000, 0x00000007a1200000|100%| O|  |TAMS 0x00000007a1200000, 0x00000007a1100000| Untracked 
| 482|0x00000007a1200000, 0x00000007a1200000, 0x00000007a1300000|  0%| F|  |TAMS 0x00000007a1200000, 0x00000007a1200000| Untracked 
| 483|0x00000007a1300000, 0x00000007a1400000, 0x00000007a1400000|100%| O|  |TAMS 0x00000007a1400000, 0x00000007a1300000| Updating 
| 484|0x00000007a1400000, 0x00000007a1400000, 0x00000007a1500000|  0%| F|  |TAMS 0x00000007a1400000, 0x00000007a1400000| Untracked 
| 485|0x00000007a1500000, 0x00000007a1500000, 0x00000007a1600000|  0%| F|  |TAMS 0x00000007a1500000, 0x00000007a1500000| Untracked 
| 486|0x00000007a1600000, 0x00000007a1600000, 0x00000007a1700000|  0%| F|  |TAMS 0x00000007a1600000, 0x00000007a1600000| Untracked 
| 487|0x00000007a1700000, 0x00000007a1700000, 0x00000007a1800000|  0%| F|  |TAMS 0x00000007a1700000, 0x00000007a1700000| Untracked 
| 488|0x00000007a1800000, 0x00000007a1900000, 0x00000007a1900000|100%| O|  |TAMS 0x00000007a1900000, 0x00000007a1800000| Untracked 
| 489|0x00000007a1900000, 0x00000007a1a00000, 0x00000007a1a00000|100%| O|  |TAMS 0x00000007a1a00000, 0x00000007a1900000| Untracked 
| 490|0x00000007a1a00000, 0x00000007a1b00000, 0x00000007a1b00000|100%| O|  |TAMS 0x00000007a1b00000, 0x00000007a1a00000| Untracked 
| 491|0x00000007a1b00000, 0x00000007a1c00000, 0x00000007a1c00000|100%| O|  |TAMS 0x00000007a1c00000, 0x00000007a1b00000| Untracked 
| 492|0x00000007a1c00000, 0x00000007a1d00000, 0x00000007a1d00000|100%| O|  |TAMS 0x00000007a1d00000, 0x00000007a1c00000| Untracked 
| 493|0x00000007a1d00000, 0x00000007a1e00000, 0x00000007a1e00000|100%| O|  |TAMS 0x00000007a1e00000, 0x00000007a1d00000| Untracked 
| 494|0x00000007a1e00000, 0x00000007a1f00000, 0x00000007a1f00000|100%| O|  |TAMS 0x00000007a1f00000, 0x00000007a1e00000| Untracked 
| 495|0x00000007a1f00000, 0x00000007a2000000, 0x00000007a2000000|100%| O|  |TAMS 0x00000007a2000000, 0x00000007a1f00000| Untracked 
| 496|0x00000007a2000000, 0x00000007a2100000, 0x00000007a2100000|100%| O|  |TAMS 0x00000007a2100000, 0x00000007a2000000| Untracked 
| 497|0x00000007a2100000, 0x00000007a2200000, 0x00000007a2200000|100%| O|  |TAMS 0x00000007a2200000, 0x00000007a2100000| Untracked 
| 498|0x00000007a2200000, 0x00000007a2300000, 0x00000007a2300000|100%| O|  |TAMS 0x00000007a2300000, 0x00000007a2200000| Untracked 
| 499|0x00000007a2300000, 0x00000007a2400000, 0x00000007a2400000|100%| O|  |TAMS 0x00000007a2400000, 0x00000007a2300000| Updating 
| 500|0x00000007a2400000, 0x00000007a2400000, 0x00000007a2500000|  0%| F|  |TAMS 0x00000007a2400000, 0x00000007a2400000| Untracked 
| 501|0x00000007a2500000, 0x00000007a2500000, 0x00000007a2600000|  0%| F|  |TAMS 0x00000007a2500000, 0x00000007a2500000| Untracked 
| 502|0x00000007a2600000, 0x00000007a2600000, 0x00000007a2700000|  0%| F|  |TAMS 0x00000007a2600000, 0x00000007a2600000| Untracked 
| 503|0x00000007a2700000, 0x00000007a2700000, 0x00000007a2800000|  0%| F|  |TAMS 0x00000007a2700000, 0x00000007a2700000| Untracked 
| 504|0x00000007a2800000, 0x00000007a2800000, 0x00000007a2900000|  0%| F|  |TAMS 0x00000007a2800000, 0x00000007a2800000| Untracked 
| 505|0x00000007a2900000, 0x00000007a2a00000, 0x00000007a2a00000|100%| O|  |TAMS 0x00000007a2a00000, 0x00000007a2900000| Updating 
| 506|0x00000007a2a00000, 0x00000007a2b00000, 0x00000007a2b00000|100%| O|  |TAMS 0x00000007a2b00000, 0x00000007a2a00000| Untracked 
| 507|0x00000007a2b00000, 0x00000007a2b00000, 0x00000007a2c00000|  0%| F|  |TAMS 0x00000007a2b00000, 0x00000007a2b00000| Untracked 
| 508|0x00000007a2c00000, 0x00000007a2d00000, 0x00000007a2d00000|100%| O|  |TAMS 0x00000007a2d00000, 0x00000007a2c00000| Updating 
| 509|0x00000007a2d00000, 0x00000007a2d00000, 0x00000007a2e00000|  0%| F|  |TAMS 0x00000007a2d00000, 0x00000007a2d00000| Untracked 
| 510|0x00000007a2e00000, 0x00000007a2f00000, 0x00000007a2f00000|100%| O|  |TAMS 0x00000007a2f00000, 0x00000007a2e00000| Untracked 
| 511|0x00000007a2f00000, 0x00000007a2f00000, 0x00000007a3000000|  0%| F|  |TAMS 0x00000007a2f00000, 0x00000007a2f00000| Untracked 
| 512|0x00000007a3000000, 0x00000007a3000000, 0x00000007a3100000|  0%| F|  |TAMS 0x00000007a3000000, 0x00000007a3000000| Untracked 
| 513|0x00000007a3100000, 0x00000007a3200000, 0x00000007a3200000|100%| O|  |TAMS 0x00000007a3200000, 0x00000007a3100000| Updating 
| 514|0x00000007a3200000, 0x00000007a3200000, 0x00000007a3300000|  0%| F|  |TAMS 0x00000007a3200000, 0x00000007a3200000| Untracked 
| 515|0x00000007a3300000, 0x00000007a3300000, 0x00000007a3400000|  0%| F|  |TAMS 0x00000007a3300000, 0x00000007a3300000| Untracked 
| 516|0x00000007a3400000, 0x00000007a3400000, 0x00000007a3500000|  0%| F|  |TAMS 0x00000007a3400000, 0x00000007a3400000| Untracked 
| 517|0x00000007a3500000, 0x00000007a3500000, 0x00000007a3600000|  0%| F|  |TAMS 0x00000007a3500000, 0x00000007a3500000| Untracked 
| 518|0x00000007a3600000, 0x00000007a3700000, 0x00000007a3700000|100%| O|  |TAMS 0x00000007a3700000, 0x00000007a3600000| Untracked 
| 519|0x00000007a3700000, 0x00000007a3700000, 0x00000007a3800000|  0%| F|  |TAMS 0x00000007a3700000, 0x00000007a3700000| Untracked 
| 520|0x00000007a3800000, 0x00000007a3800000, 0x00000007a3900000|  0%| F|  |TAMS 0x00000007a3800000, 0x00000007a3800000| Untracked 
| 521|0x00000007a3900000, 0x00000007a3900000, 0x00000007a3a00000|  0%| F|  |TAMS 0x00000007a3900000, 0x00000007a3900000| Untracked 
| 522|0x00000007a3a00000, 0x00000007a3b00000, 0x00000007a3b00000|100%| O|  |TAMS 0x00000007a3b00000, 0x00000007a3a00000| Untracked 
| 523|0x00000007a3b00000, 0x00000007a3c00000, 0x00000007a3c00000|100%| O|  |TAMS 0x00000007a3c00000, 0x00000007a3b00000| Updating 
| 524|0x00000007a3c00000, 0x00000007a3d00000, 0x00000007a3d00000|100%| O|  |TAMS 0x00000007a3d00000, 0x00000007a3c00000| Untracked 
| 525|0x00000007a3d00000, 0x00000007a3e00000, 0x00000007a3e00000|100%| O|  |TAMS 0x00000007a3e00000, 0x00000007a3d00000| Untracked 
| 526|0x00000007a3e00000, 0x00000007a3f00000, 0x00000007a3f00000|100%| O|  |TAMS 0x00000007a3f00000, 0x00000007a3e00000| Updating 
| 527|0x00000007a3f00000, 0x00000007a4000000, 0x00000007a4000000|100%| O|  |TAMS 0x00000007a4000000, 0x00000007a3f00000| Untracked 
| 528|0x00000007a4000000, 0x00000007a4100000, 0x00000007a4100000|100%| O|  |TAMS 0x00000007a4100000, 0x00000007a4000000| Untracked 
| 529|0x00000007a4100000, 0x00000007a4100000, 0x00000007a4200000|  0%| F|  |TAMS 0x00000007a4100000, 0x00000007a4100000| Untracked 
| 530|0x00000007a4200000, 0x00000007a4300000, 0x00000007a4300000|100%| O|  |TAMS 0x00000007a4300000, 0x00000007a4200000| Untracked 
| 531|0x00000007a4300000, 0x00000007a4400000, 0x00000007a4400000|100%| O|  |TAMS 0x00000007a4400000, 0x00000007a4300000| Untracked 
| 532|0x00000007a4400000, 0x00000007a4500000, 0x00000007a4500000|100%| O|  |TAMS 0x00000007a4500000, 0x00000007a4400000| Untracked 
| 533|0x00000007a4500000, 0x00000007a4500000, 0x00000007a4600000|  0%| F|  |TAMS 0x00000007a4500000, 0x00000007a4500000| Untracked 
| 534|0x00000007a4600000, 0x00000007a4600000, 0x00000007a4700000|  0%| F|  |TAMS 0x00000007a4600000, 0x00000007a4600000| Untracked 
| 535|0x00000007a4700000, 0x00000007a4800000, 0x00000007a4800000|100%| O|  |TAMS 0x00000007a4800000, 0x00000007a4700000| Untracked 
| 536|0x00000007a4800000, 0x00000007a4900000, 0x00000007a4900000|100%| O|  |TAMS 0x00000007a4900000, 0x00000007a4800000| Untracked 
| 537|0x00000007a4900000, 0x00000007a4900000, 0x00000007a4a00000|  0%| F|  |TAMS 0x00000007a4900000, 0x00000007a4900000| Untracked 
| 538|0x00000007a4a00000, 0x00000007a4a00000, 0x00000007a4b00000|  0%| F|  |TAMS 0x00000007a4a00000, 0x00000007a4a00000| Untracked 
| 539|0x00000007a4b00000, 0x00000007a4b00000, 0x00000007a4c00000|  0%| F|  |TAMS 0x00000007a4b00000, 0x00000007a4b00000| Untracked 
| 540|0x00000007a4c00000, 0x00000007a4d00000, 0x00000007a4d00000|100%| O|  |TAMS 0x00000007a4d00000, 0x00000007a4c00000| Updating 
| 541|0x00000007a4d00000, 0x00000007a4d00000, 0x00000007a4e00000|  0%| F|  |TAMS 0x00000007a4d00000, 0x00000007a4d00000| Untracked 
| 542|0x00000007a4e00000, 0x00000007a4e00000, 0x00000007a4f00000|  0%| F|  |TAMS 0x00000007a4e00000, 0x00000007a4e00000| Untracked 
| 543|0x00000007a4f00000, 0x00000007a4f00000, 0x00000007a5000000|  0%| F|  |TAMS 0x00000007a4f00000, 0x00000007a4f00000| Untracked 
| 544|0x00000007a5000000, 0x00000007a5100000, 0x00000007a5100000|100%| O|  |TAMS 0x00000007a5100000, 0x00000007a5000000| Untracked 
| 545|0x00000007a5100000, 0x00000007a5200000, 0x00000007a5200000|100%| O|  |TAMS 0x00000007a5200000, 0x00000007a5100000| Untracked 
| 546|0x00000007a5200000, 0x00000007a5300000, 0x00000007a5300000|100%| O|  |TAMS 0x00000007a5300000, 0x00000007a5200000| Untracked 
| 547|0x00000007a5300000, 0x00000007a5300000, 0x00000007a5400000|  0%| F|  |TAMS 0x00000007a5300000, 0x00000007a5300000| Untracked 
| 548|0x00000007a5400000, 0x00000007a5500000, 0x00000007a5500000|100%| O|  |TAMS 0x00000007a5500000, 0x00000007a5400000| Untracked 
| 549|0x00000007a5500000, 0x00000007a5500000, 0x00000007a5600000|  0%| F|  |TAMS 0x00000007a5500000, 0x00000007a5500000| Untracked 
| 550|0x00000007a5600000, 0x00000007a5700000, 0x00000007a5700000|100%| O|  |TAMS 0x00000007a5700000, 0x00000007a5600000| Untracked 
| 551|0x00000007a5700000, 0x00000007a5800000, 0x00000007a5800000|100%| O|  |TAMS 0x00000007a5800000, 0x00000007a5700000| Updating 
| 552|0x00000007a5800000, 0x00000007a5900000, 0x00000007a5900000|100%| O|  |TAMS 0x00000007a5900000, 0x00000007a5800000| Updating 
| 553|0x00000007a5900000, 0x00000007a5a00000, 0x00000007a5a00000|100%| O|  |TAMS 0x00000007a5a00000, 0x00000007a5900000| Updating 
| 554|0x00000007a5a00000, 0x00000007a5a00000, 0x00000007a5b00000|  0%| F|  |TAMS 0x00000007a5a00000, 0x00000007a5a00000| Untracked 
| 555|0x00000007a5b00000, 0x00000007a5b00000, 0x00000007a5c00000|  0%| F|  |TAMS 0x00000007a5b00000, 0x00000007a5b00000| Untracked 
| 556|0x00000007a5c00000, 0x00000007a5c00000, 0x00000007a5d00000|  0%| F|  |TAMS 0x00000007a5c00000, 0x00000007a5c00000| Untracked 
| 557|0x00000007a5d00000, 0x00000007a5e00000, 0x00000007a5e00000|100%| O|  |TAMS 0x00000007a5e00000, 0x00000007a5d00000| Updating 
| 558|0x00000007a5e00000, 0x00000007a5f00000, 0x00000007a5f00000|100%| O|  |TAMS 0x00000007a5f00000, 0x00000007a5e00000| Untracked 
| 559|0x00000007a5f00000, 0x00000007a5f00000, 0x00000007a6000000|  0%| F|  |TAMS 0x00000007a5f00000, 0x00000007a5f00000| Untracked 
| 560|0x00000007a6000000, 0x00000007a6100000, 0x00000007a6100000|100%| O|  |TAMS 0x00000007a6100000, 0x00000007a6000000| Untracked 
| 561|0x00000007a6100000, 0x00000007a6100000, 0x00000007a6200000|  0%| F|  |TAMS 0x00000007a6100000, 0x00000007a6100000| Untracked 
| 562|0x00000007a6200000, 0x00000007a6200000, 0x00000007a6300000|  0%| F|  |TAMS 0x00000007a6200000, 0x00000007a6200000| Untracked 
| 563|0x00000007a6300000, 0x00000007a6300000, 0x00000007a6400000|  0%| F|  |TAMS 0x00000007a6300000, 0x00000007a6300000| Untracked 
| 564|0x00000007a6400000, 0x00000007a6500000, 0x00000007a6500000|100%| O|  |TAMS 0x00000007a6500000, 0x00000007a6400000| Updating 
| 565|0x00000007a6500000, 0x00000007a6600000, 0x00000007a6600000|100%| O|  |TAMS 0x00000007a6600000, 0x00000007a6500000| Updating 
| 566|0x00000007a6600000, 0x00000007a6700000, 0x00000007a6700000|100%| O|  |TAMS 0x00000007a6700000, 0x00000007a6600000| Untracked 
| 567|0x00000007a6700000, 0x00000007a6700000, 0x00000007a6800000|  0%| F|  |TAMS 0x00000007a6700000, 0x00000007a6700000| Untracked 
| 568|0x00000007a6800000, 0x00000007a6800000, 0x00000007a6900000|  0%| F|  |TAMS 0x00000007a6800000, 0x00000007a6800000| Untracked 
| 569|0x00000007a6900000, 0x00000007a6a00000, 0x00000007a6a00000|100%| O|  |TAMS 0x00000007a6a00000, 0x00000007a6900000| Updating 
| 570|0x00000007a6a00000, 0x00000007a6a00000, 0x00000007a6b00000|  0%| F|  |TAMS 0x00000007a6a00000, 0x00000007a6a00000| Untracked 
| 571|0x00000007a6b00000, 0x00000007a6c00000, 0x00000007a6c00000|100%| O|  |TAMS 0x00000007a6c00000, 0x00000007a6b00000| Updating 
| 572|0x00000007a6c00000, 0x00000007a6d00000, 0x00000007a6d00000|100%| O|  |TAMS 0x00000007a6d00000, 0x00000007a6c00000| Untracked 
| 573|0x00000007a6d00000, 0x00000007a6d00000, 0x00000007a6e00000|  0%| F|  |TAMS 0x00000007a6d00000, 0x00000007a6d00000| Untracked 
| 574|0x00000007a6e00000, 0x00000007a6f00000, 0x00000007a6f00000|100%| O|  |TAMS 0x00000007a6f00000, 0x00000007a6e00000| Untracked 
| 575|0x00000007a6f00000, 0x00000007a6f00000, 0x00000007a7000000|  0%| F|  |TAMS 0x00000007a6f00000, 0x00000007a6f00000| Untracked 
| 576|0x00000007a7000000, 0x00000007a7100000, 0x00000007a7100000|100%| O|  |TAMS 0x00000007a7100000, 0x00000007a7000000| Untracked 
| 577|0x00000007a7100000, 0x00000007a7100000, 0x00000007a7200000|  0%| F|  |TAMS 0x00000007a7100000, 0x00000007a7100000| Untracked 
| 578|0x00000007a7200000, 0x00000007a7300000, 0x00000007a7300000|100%| O|  |TAMS 0x00000007a7300000, 0x00000007a7200000| Untracked 
| 579|0x00000007a7300000, 0x00000007a7400000, 0x00000007a7400000|100%| O|  |TAMS 0x00000007a7400000, 0x00000007a7300000| Untracked 
| 580|0x00000007a7400000, 0x00000007a7400000, 0x00000007a7500000|  0%| F|  |TAMS 0x00000007a7400000, 0x00000007a7400000| Untracked 
| 581|0x00000007a7500000, 0x00000007a7600000, 0x00000007a7600000|100%| O|  |TAMS 0x00000007a7600000, 0x00000007a7500000| Updating 
| 582|0x00000007a7600000, 0x00000007a7700000, 0x00000007a7700000|100%| O|  |TAMS 0x00000007a7700000, 0x00000007a7600000| Updating 
| 583|0x00000007a7700000, 0x00000007a7700000, 0x00000007a7800000|  0%| F|  |TAMS 0x00000007a7700000, 0x00000007a7700000| Untracked 
| 584|0x00000007a7800000, 0x00000007a7900000, 0x00000007a7900000|100%| O|  |TAMS 0x00000007a7900000, 0x00000007a7800000| Untracked 
| 585|0x00000007a7900000, 0x00000007a7900000, 0x00000007a7a00000|  0%| F|  |TAMS 0x00000007a7900000, 0x00000007a7900000| Untracked 
| 586|0x00000007a7a00000, 0x00000007a7a00000, 0x00000007a7b00000|  0%| F|  |TAMS 0x00000007a7a00000, 0x00000007a7a00000| Untracked 
| 587|0x00000007a7b00000, 0x00000007a7c00000, 0x00000007a7c00000|100%| O|  |TAMS 0x00000007a7c00000, 0x00000007a7b00000| Updating 
| 588|0x00000007a7c00000, 0x00000007a7d00000, 0x00000007a7d00000|100%| O|  |TAMS 0x00000007a7d00000, 0x00000007a7c00000| Untracked 
| 589|0x00000007a7d00000, 0x00000007a7e00000, 0x00000007a7e00000|100%| O|  |TAMS 0x00000007a7e00000, 0x00000007a7d00000| Untracked 
| 590|0x00000007a7e00000, 0x00000007a7e00000, 0x00000007a7f00000|  0%| F|  |TAMS 0x00000007a7e00000, 0x00000007a7e00000| Untracked 
| 591|0x00000007a7f00000, 0x00000007a7f00000, 0x00000007a8000000|  0%| F|  |TAMS 0x00000007a7f00000, 0x00000007a7f00000| Untracked 
| 592|0x00000007a8000000, 0x00000007a8100000, 0x00000007a8100000|100%| O|  |TAMS 0x00000007a8100000, 0x00000007a8000000| Updating 
| 593|0x00000007a8100000, 0x00000007a8200000, 0x00000007a8200000|100%| O|  |TAMS 0x00000007a8200000, 0x00000007a8100000| Untracked 
| 594|0x00000007a8200000, 0x00000007a8300000, 0x00000007a8300000|100%| O|  |TAMS 0x00000007a8300000, 0x00000007a8200000| Untracked 
| 595|0x00000007a8300000, 0x00000007a8400000, 0x00000007a8400000|100%| O|  |TAMS 0x00000007a8400000, 0x00000007a8300000| Untracked 
| 596|0x00000007a8400000, 0x00000007a8400000, 0x00000007a8500000|  0%| F|  |TAMS 0x00000007a8400000, 0x00000007a8400000| Untracked 
| 597|0x00000007a8500000, 0x00000007a8500000, 0x00000007a8600000|  0%| F|  |TAMS 0x00000007a8500000, 0x00000007a8500000| Untracked 
| 598|0x00000007a8600000, 0x00000007a8600000, 0x00000007a8700000|  0%| F|  |TAMS 0x00000007a8600000, 0x00000007a8600000| Untracked 
| 599|0x00000007a8700000, 0x00000007a8700000, 0x00000007a8800000|  0%| F|  |TAMS 0x00000007a8700000, 0x00000007a8700000| Untracked 
| 600|0x00000007a8800000, 0x00000007a8900000, 0x00000007a8900000|100%| O|  |TAMS 0x00000007a8900000, 0x00000007a8800000| Updating 
| 601|0x00000007a8900000, 0x00000007a8900000, 0x00000007a8a00000|  0%| F|  |TAMS 0x00000007a8900000, 0x00000007a8900000| Untracked 
| 602|0x00000007a8a00000, 0x00000007a8b00000, 0x00000007a8b00000|100%| O|  |TAMS 0x00000007a8b00000, 0x00000007a8a00000| Updating 
| 603|0x00000007a8b00000, 0x00000007a8c00000, 0x00000007a8c00000|100%| O|  |TAMS 0x00000007a8c00000, 0x00000007a8b00000| Updating 
| 604|0x00000007a8c00000, 0x00000007a8d00000, 0x00000007a8d00000|100%| O|  |TAMS 0x00000007a8d00000, 0x00000007a8c00000| Untracked 
| 605|0x00000007a8d00000, 0x00000007a8e00000, 0x00000007a8e00000|100%| O|  |TAMS 0x00000007a8e00000, 0x00000007a8d00000| Untracked 
| 606|0x00000007a8e00000, 0x00000007a8f00000, 0x00000007a8f00000|100%| O|  |TAMS 0x00000007a8f00000, 0x00000007a8e00000| Untracked 
| 607|0x00000007a8f00000, 0x00000007a8f00000, 0x00000007a9000000|  0%| F|  |TAMS 0x00000007a8f00000, 0x00000007a8f00000| Untracked 
| 608|0x00000007a9000000, 0x00000007a9100000, 0x00000007a9100000|100%| O|  |TAMS 0x00000007a9100000, 0x00000007a9000000| Untracked 
| 609|0x00000007a9100000, 0x00000007a9100000, 0x00000007a9200000|  0%| F|  |TAMS 0x00000007a9100000, 0x00000007a9100000| Untracked 
| 610|0x00000007a9200000, 0x00000007a9300000, 0x00000007a9300000|100%| O|  |TAMS 0x00000007a9300000, 0x00000007a9200000| Untracked 
| 611|0x00000007a9300000, 0x00000007a9300000, 0x00000007a9400000|  0%| F|  |TAMS 0x00000007a9300000, 0x00000007a9300000| Untracked 
| 612|0x00000007a9400000, 0x00000007a9500000, 0x00000007a9500000|100%| O|  |TAMS 0x00000007a9500000, 0x00000007a9400000| Untracked 
| 613|0x00000007a9500000, 0x00000007a9500000, 0x00000007a9600000|  0%| F|  |TAMS 0x00000007a9500000, 0x00000007a9500000| Untracked 
| 614|0x00000007a9600000, 0x00000007a9700000, 0x00000007a9700000|100%| O|  |TAMS 0x00000007a9700000, 0x00000007a9600000| Untracked 
| 615|0x00000007a9700000, 0x00000007a9800000, 0x00000007a9800000|100%| O|  |TAMS 0x00000007a9800000, 0x00000007a9700000| Untracked 
| 616|0x00000007a9800000, 0x00000007a9900000, 0x00000007a9900000|100%| O|  |TAMS 0x00000007a9900000, 0x00000007a9800000| Untracked 
| 617|0x00000007a9900000, 0x00000007a9900000, 0x00000007a9a00000|  0%| F|  |TAMS 0x00000007a9900000, 0x00000007a9900000| Untracked 
| 618|0x00000007a9a00000, 0x00000007a9b00000, 0x00000007a9b00000|100%| O|  |TAMS 0x00000007a9b00000, 0x00000007a9a00000| Untracked 
| 619|0x00000007a9b00000, 0x00000007a9b00000, 0x00000007a9c00000|  0%| F|  |TAMS 0x00000007a9b00000, 0x00000007a9b00000| Untracked 
| 620|0x00000007a9c00000, 0x00000007a9d00000, 0x00000007a9d00000|100%| O|  |TAMS 0x00000007a9d00000, 0x00000007a9c00000| Untracked 
| 621|0x00000007a9d00000, 0x00000007a9e00000, 0x00000007a9e00000|100%| O|  |TAMS 0x00000007a9e00000, 0x00000007a9d00000| Untracked 
| 622|0x00000007a9e00000, 0x00000007a9e00000, 0x00000007a9f00000|  0%| F|  |TAMS 0x00000007a9e00000, 0x00000007a9e00000| Untracked 
| 623|0x00000007a9f00000, 0x00000007aa000000, 0x00000007aa000000|100%| O|  |TAMS 0x00000007aa000000, 0x00000007a9f00000| Untracked 
| 624|0x00000007aa000000, 0x00000007aa100000, 0x00000007aa100000|100%| O|  |TAMS 0x00000007aa100000, 0x00000007aa000000| Untracked 
| 625|0x00000007aa100000, 0x00000007aa200000, 0x00000007aa200000|100%| O|  |TAMS 0x00000007aa200000, 0x00000007aa100000| Untracked 
| 626|0x00000007aa200000, 0x00000007aa300000, 0x00000007aa300000|100%| O|  |TAMS 0x00000007aa300000, 0x00000007aa200000| Untracked 
| 627|0x00000007aa300000, 0x00000007aa400000, 0x00000007aa400000|100%| O|  |TAMS 0x00000007aa400000, 0x00000007aa300000| Untracked 
| 628|0x00000007aa400000, 0x00000007aa500000, 0x00000007aa500000|100%| O|  |TAMS 0x00000007aa500000, 0x00000007aa400000| Untracked 
| 629|0x00000007aa500000, 0x00000007aa600000, 0x00000007aa600000|100%| O|  |TAMS 0x00000007aa600000, 0x00000007aa500000| Untracked 
| 630|0x00000007aa600000, 0x00000007aa700000, 0x00000007aa700000|100%| O|  |TAMS 0x00000007aa700000, 0x00000007aa600000| Untracked 
| 631|0x00000007aa700000, 0x00000007aa700000, 0x00000007aa800000|  0%| F|  |TAMS 0x00000007aa700000, 0x00000007aa700000| Untracked 
| 632|0x00000007aa800000, 0x00000007aa900000, 0x00000007aa900000|100%| O|  |TAMS 0x00000007aa900000, 0x00000007aa800000| Updating 
| 633|0x00000007aa900000, 0x00000007aa900000, 0x00000007aaa00000|  0%| F|  |TAMS 0x00000007aa900000, 0x00000007aa900000| Untracked 
| 634|0x00000007aaa00000, 0x00000007aab00000, 0x00000007aab00000|100%| O|  |TAMS 0x00000007aab00000, 0x00000007aaa00000| Updating 
| 635|0x00000007aab00000, 0x00000007aac00000, 0x00000007aac00000|100%| O|  |TAMS 0x00000007aac00000, 0x00000007aab00000| Untracked 
| 636|0x00000007aac00000, 0x00000007aad00000, 0x00000007aad00000|100%| O|  |TAMS 0x00000007aad00000, 0x00000007aac00000| Untracked 
| 637|0x00000007aad00000, 0x00000007aae00000, 0x00000007aae00000|100%| O|  |TAMS 0x00000007aae00000, 0x00000007aad00000| Untracked 
| 638|0x00000007aae00000, 0x00000007aaf00000, 0x00000007aaf00000|100%| O|  |TAMS 0x00000007aaf00000, 0x00000007aae00000| Untracked 
| 639|0x00000007aaf00000, 0x00000007ab000000, 0x00000007ab000000|100%| O|  |TAMS 0x00000007ab000000, 0x00000007aaf00000| Untracked 
| 640|0x00000007ab000000, 0x00000007ab100000, 0x00000007ab100000|100%| O|  |TAMS 0x00000007ab100000, 0x00000007ab000000| Untracked 
| 641|0x00000007ab100000, 0x00000007ab200000, 0x00000007ab200000|100%| O|  |TAMS 0x00000007ab200000, 0x00000007ab100000| Untracked 
| 642|0x00000007ab200000, 0x00000007ab300000, 0x00000007ab300000|100%| O|  |TAMS 0x00000007ab300000, 0x00000007ab200000| Untracked 
| 643|0x00000007ab300000, 0x00000007ab400000, 0x00000007ab400000|100%| O|  |TAMS 0x00000007ab400000, 0x00000007ab300000| Untracked 
| 644|0x00000007ab400000, 0x00000007ab500000, 0x00000007ab500000|100%| O|  |TAMS 0x00000007ab500000, 0x00000007ab400000| Untracked 
| 645|0x00000007ab500000, 0x00000007ab500000, 0x00000007ab600000|  0%| F|  |TAMS 0x00000007ab500000, 0x00000007ab500000| Untracked 
| 646|0x00000007ab600000, 0x00000007ab700000, 0x00000007ab700000|100%| O|  |TAMS 0x00000007ab700000, 0x00000007ab600000| Untracked 
| 647|0x00000007ab700000, 0x00000007ab800000, 0x00000007ab800000|100%| O|  |TAMS 0x00000007ab800000, 0x00000007ab700000| Updating 
| 648|0x00000007ab800000, 0x00000007ab900000, 0x00000007ab900000|100%| O|  |TAMS 0x00000007ab900000, 0x00000007ab800000| Updating 
| 649|0x00000007ab900000, 0x00000007ab900000, 0x00000007aba00000|  0%| F|  |TAMS 0x00000007ab900000, 0x00000007ab900000| Untracked 
| 650|0x00000007aba00000, 0x00000007aba00000, 0x00000007abb00000|  0%| F|  |TAMS 0x00000007aba00000, 0x00000007aba00000| Untracked 
| 651|0x00000007abb00000, 0x00000007abc00000, 0x00000007abc00000|100%| O|  |TAMS 0x00000007abc00000, 0x00000007abb00000| Untracked 
| 652|0x00000007abc00000, 0x00000007abc00000, 0x00000007abd00000|  0%| F|  |TAMS 0x00000007abc00000, 0x00000007abc00000| Untracked 
| 653|0x00000007abd00000, 0x00000007abe00000, 0x00000007abe00000|100%| O|  |TAMS 0x00000007abe00000, 0x00000007abd00000| Updating 
| 654|0x00000007abe00000, 0x00000007abe00000, 0x00000007abf00000|  0%| F|  |TAMS 0x00000007abe00000, 0x00000007abe00000| Untracked 
| 655|0x00000007abf00000, 0x00000007abf00000, 0x00000007ac000000|  0%| F|  |TAMS 0x00000007abf00000, 0x00000007abf00000| Untracked 
| 656|0x00000007ac000000, 0x00000007ac000000, 0x00000007ac100000|  0%| F|  |TAMS 0x00000007ac000000, 0x00000007ac000000| Untracked 
| 657|0x00000007ac100000, 0x00000007ac100000, 0x00000007ac200000|  0%| F|  |TAMS 0x00000007ac100000, 0x00000007ac100000| Untracked 
| 658|0x00000007ac200000, 0x00000007ac200000, 0x00000007ac300000|  0%| F|  |TAMS 0x00000007ac200000, 0x00000007ac200000| Untracked 
| 659|0x00000007ac300000, 0x00000007ac300000, 0x00000007ac400000|  0%| F|  |TAMS 0x00000007ac300000, 0x00000007ac300000| Untracked 
| 660|0x00000007ac400000, 0x00000007ac400000, 0x00000007ac500000|  0%| F|  |TAMS 0x00000007ac400000, 0x00000007ac400000| Untracked 
| 661|0x00000007ac500000, 0x00000007ac500000, 0x00000007ac600000|  0%| F|  |TAMS 0x00000007ac500000, 0x00000007ac500000| Untracked 
| 662|0x00000007ac600000, 0x00000007ac600000, 0x00000007ac700000|  0%| F|  |TAMS 0x00000007ac600000, 0x00000007ac600000| Untracked 
| 663|0x00000007ac700000, 0x00000007ac700000, 0x00000007ac800000|  0%| F|  |TAMS 0x00000007ac700000, 0x00000007ac700000| Untracked 
| 664|0x00000007ac800000, 0x00000007ac800000, 0x00000007ac900000|  0%| F|  |TAMS 0x00000007ac800000, 0x00000007ac800000| Untracked 
| 665|0x00000007ac900000, 0x00000007ac900000, 0x00000007aca00000|  0%| F|  |TAMS 0x00000007ac900000, 0x00000007ac900000| Untracked 
| 666|0x00000007aca00000, 0x00000007aca00000, 0x00000007acb00000|  0%| F|  |TAMS 0x00000007aca00000, 0x00000007aca00000| Untracked 
| 667|0x00000007acb00000, 0x00000007acb00000, 0x00000007acc00000|  0%| F|  |TAMS 0x00000007acb00000, 0x00000007acb00000| Untracked 
| 668|0x00000007acc00000, 0x00000007acc00000, 0x00000007acd00000|  0%| F|  |TAMS 0x00000007acc00000, 0x00000007acc00000| Untracked 
| 669|0x00000007acd00000, 0x00000007acd00000, 0x00000007ace00000|  0%| F|  |TAMS 0x00000007acd00000, 0x00000007acd00000| Untracked 
| 670|0x00000007ace00000, 0x00000007ace00000, 0x00000007acf00000|  0%| F|  |TAMS 0x00000007ace00000, 0x00000007ace00000| Untracked 
| 671|0x00000007acf00000, 0x00000007ad000000, 0x00000007ad000000|100%| O|  |TAMS 0x00000007ad000000, 0x00000007acf00000| Untracked 
| 672|0x00000007ad000000, 0x00000007ad100000, 0x00000007ad100000|100%| O|  |TAMS 0x00000007ad100000, 0x00000007ad000000| Untracked 
| 673|0x00000007ad100000, 0x00000007ad200000, 0x00000007ad200000|100%| O|  |TAMS 0x00000007ad200000, 0x00000007ad100000| Untracked 
| 674|0x00000007ad200000, 0x00000007ad300000, 0x00000007ad300000|100%| O|  |TAMS 0x00000007ad300000, 0x00000007ad200000| Untracked 
| 675|0x00000007ad300000, 0x00000007ad400000, 0x00000007ad400000|100%| O|  |TAMS 0x00000007ad400000, 0x00000007ad300000| Untracked 
| 676|0x00000007ad400000, 0x00000007ad500000, 0x00000007ad500000|100%| O|  |TAMS 0x00000007ad500000, 0x00000007ad400000| Untracked 
| 677|0x00000007ad500000, 0x00000007ad600000, 0x00000007ad600000|100%| O|  |TAMS 0x00000007ad600000, 0x00000007ad500000| Untracked 
| 678|0x00000007ad600000, 0x00000007ad700000, 0x00000007ad700000|100%| O|  |TAMS 0x00000007ad700000, 0x00000007ad600000| Untracked 
| 679|0x00000007ad700000, 0x00000007ad800000, 0x00000007ad800000|100%| O|  |TAMS 0x00000007ad800000, 0x00000007ad700000| Untracked 
| 680|0x00000007ad800000, 0x00000007ad900000, 0x00000007ad900000|100%| O|  |TAMS 0x00000007ad900000, 0x00000007ad800000| Untracked 
| 681|0x00000007ad900000, 0x00000007ada00000, 0x00000007ada00000|100%| O|  |TAMS 0x00000007ada00000, 0x00000007ad900000| Untracked 
| 682|0x00000007ada00000, 0x00000007adb00000, 0x00000007adb00000|100%| O|  |TAMS 0x00000007adb00000, 0x00000007ada00000| Untracked 
| 683|0x00000007adb00000, 0x00000007adc00000, 0x00000007adc00000|100%| O|  |TAMS 0x00000007adc00000, 0x00000007adb00000| Untracked 
| 684|0x00000007adc00000, 0x00000007add00000, 0x00000007add00000|100%| O|  |TAMS 0x00000007add00000, 0x00000007adc00000| Untracked 
| 685|0x00000007add00000, 0x00000007ade00000, 0x00000007ade00000|100%| O|  |TAMS 0x00000007ade00000, 0x00000007add00000| Untracked 
| 686|0x00000007ade00000, 0x00000007adf00000, 0x00000007adf00000|100%| O|  |TAMS 0x00000007adf00000, 0x00000007ade00000| Untracked 
| 687|0x00000007adf00000, 0x00000007ae000000, 0x00000007ae000000|100%| O|  |TAMS 0x00000007ae000000, 0x00000007adf00000| Untracked 
| 688|0x00000007ae000000, 0x00000007ae100000, 0x00000007ae100000|100%| O|  |TAMS 0x00000007ae100000, 0x00000007ae000000| Updating 
| 689|0x00000007ae100000, 0x00000007ae100000, 0x00000007ae200000|  0%| F|  |TAMS 0x00000007ae100000, 0x00000007ae100000| Untracked 
| 690|0x00000007ae200000, 0x00000007ae200000, 0x00000007ae300000|  0%| F|  |TAMS 0x00000007ae200000, 0x00000007ae200000| Untracked 
| 691|0x00000007ae300000, 0x00000007ae300000, 0x00000007ae400000|  0%| F|  |TAMS 0x00000007ae300000, 0x00000007ae300000| Untracked 
| 692|0x00000007ae400000, 0x00000007ae400000, 0x00000007ae500000|  0%| F|  |TAMS 0x00000007ae400000, 0x00000007ae400000| Untracked 
| 693|0x00000007ae500000, 0x00000007ae500000, 0x00000007ae600000|  0%| F|  |TAMS 0x00000007ae500000, 0x00000007ae500000| Untracked 
| 694|0x00000007ae600000, 0x00000007ae600000, 0x00000007ae700000|  0%| F|  |TAMS 0x00000007ae600000, 0x00000007ae600000| Untracked 
| 695|0x00000007ae700000, 0x00000007ae700000, 0x00000007ae800000|  0%| F|  |TAMS 0x00000007ae700000, 0x00000007ae700000| Untracked 
| 696|0x00000007ae800000, 0x00000007ae800000, 0x00000007ae900000|  0%| F|  |TAMS 0x00000007ae800000, 0x00000007ae800000| Untracked 
| 697|0x00000007ae900000, 0x00000007ae900000, 0x00000007aea00000|  0%| F|  |TAMS 0x00000007ae900000, 0x00000007ae900000| Untracked 
| 698|0x00000007aea00000, 0x00000007aea00000, 0x00000007aeb00000|  0%| F|  |TAMS 0x00000007aea00000, 0x00000007aea00000| Untracked 
| 699|0x00000007aeb00000, 0x00000007aeb00000, 0x00000007aec00000|  0%| F|  |TAMS 0x00000007aeb00000, 0x00000007aeb00000| Untracked 
| 700|0x00000007aec00000, 0x00000007aec00000, 0x00000007aed00000|  0%| F|  |TAMS 0x00000007aec00000, 0x00000007aec00000| Untracked 
| 701|0x00000007aed00000, 0x00000007aed00000, 0x00000007aee00000|  0%| F|  |TAMS 0x00000007aed00000, 0x00000007aed00000| Untracked 
| 702|0x00000007aee00000, 0x00000007aee00000, 0x00000007aef00000|  0%| F|  |TAMS 0x00000007aee00000, 0x00000007aee00000| Untracked 
| 703|0x00000007aef00000, 0x00000007aef00000, 0x00000007af000000|  0%| F|  |TAMS 0x00000007aef00000, 0x00000007aef00000| Untracked 
| 704|0x00000007af000000, 0x00000007af000000, 0x00000007af100000|  0%| F|  |TAMS 0x00000007af000000, 0x00000007af000000| Untracked 
| 705|0x00000007af100000, 0x00000007af100000, 0x00000007af200000|  0%| F|  |TAMS 0x00000007af100000, 0x00000007af100000| Untracked 
| 706|0x00000007af200000, 0x00000007af200000, 0x00000007af300000|  0%| F|  |TAMS 0x00000007af200000, 0x00000007af200000| Untracked 
| 707|0x00000007af300000, 0x00000007af300000, 0x00000007af400000|  0%| F|  |TAMS 0x00000007af300000, 0x00000007af300000| Untracked 
| 708|0x00000007af400000, 0x00000007af400000, 0x00000007af500000|  0%| F|  |TAMS 0x00000007af400000, 0x00000007af400000| Untracked 
| 709|0x00000007af500000, 0x00000007af500000, 0x00000007af600000|  0%| F|  |TAMS 0x00000007af500000, 0x00000007af500000| Untracked 
| 710|0x00000007af600000, 0x00000007af600000, 0x00000007af700000|  0%| F|  |TAMS 0x00000007af600000, 0x00000007af600000| Untracked 
| 711|0x00000007af700000, 0x00000007af800000, 0x00000007af800000|100%| O|  |TAMS 0x00000007af800000, 0x00000007af700000| Updating 
| 712|0x00000007af800000, 0x00000007af800000, 0x00000007af900000|  0%| F|  |TAMS 0x00000007af800000, 0x00000007af800000| Untracked 
| 713|0x00000007af900000, 0x00000007afa00000, 0x00000007afa00000|100%| O|  |TAMS 0x00000007afa00000, 0x00000007af900000| Updating 
| 714|0x00000007afa00000, 0x00000007afa00000, 0x00000007afb00000|  0%| F|  |TAMS 0x00000007afa00000, 0x00000007afa00000| Untracked 
| 715|0x00000007afb00000, 0x00000007afc00000, 0x00000007afc00000|100%| O|  |TAMS 0x00000007afc00000, 0x00000007afb00000| Updating 
| 716|0x00000007afc00000, 0x00000007afc00000, 0x00000007afd00000|  0%| F|  |TAMS 0x00000007afc00000, 0x00000007afc00000| Untracked 
| 717|0x00000007afd00000, 0x00000007afd00000, 0x00000007afe00000|  0%| F|  |TAMS 0x00000007afd00000, 0x00000007afd00000| Untracked 
| 718|0x00000007afe00000, 0x00000007afe00000, 0x00000007aff00000|  0%| F|  |TAMS 0x00000007afe00000, 0x00000007afe00000| Untracked 
| 719|0x00000007aff00000, 0x00000007aff00000, 0x00000007b0000000|  0%| F|  |TAMS 0x00000007aff00000, 0x00000007aff00000| Untracked 
| 720|0x00000007b0000000, 0x00000007b0100000, 0x00000007b0100000|100%| O|  |TAMS 0x00000007b0100000, 0x00000007b0000000| Updating 
| 721|0x00000007b0100000, 0x00000007b0100000, 0x00000007b0200000|  0%| F|  |TAMS 0x00000007b0100000, 0x00000007b0100000| Untracked 
| 722|0x00000007b0200000, 0x00000007b0200000, 0x00000007b0300000|  0%| F|  |TAMS 0x00000007b0200000, 0x00000007b0200000| Untracked 
| 723|0x00000007b0300000, 0x00000007b0300000, 0x00000007b0400000|  0%| F|  |TAMS 0x00000007b0300000, 0x00000007b0300000| Untracked 
| 724|0x00000007b0400000, 0x00000007b0500000, 0x00000007b0500000|100%| O|  |TAMS 0x00000007b0500000, 0x00000007b0400000| Updating 
| 725|0x00000007b0500000, 0x00000007b0600000, 0x00000007b0600000|100%| O|  |TAMS 0x00000007b0600000, 0x00000007b0500000| Updating 
| 726|0x00000007b0600000, 0x00000007b0700000, 0x00000007b0700000|100%| O|  |TAMS 0x00000007b0700000, 0x00000007b0600000| Updating 
| 727|0x00000007b0700000, 0x00000007b0700000, 0x00000007b0800000|  0%| F|  |TAMS 0x00000007b0700000, 0x00000007b0700000| Untracked 
| 728|0x00000007b0800000, 0x00000007b0800000, 0x00000007b0900000|  0%| F|  |TAMS 0x00000007b0800000, 0x00000007b0800000| Untracked 
| 729|0x00000007b0900000, 0x00000007b0900000, 0x00000007b0a00000|  0%| F|  |TAMS 0x00000007b0900000, 0x00000007b0900000| Untracked 
| 730|0x00000007b0a00000, 0x00000007b0a00000, 0x00000007b0b00000|  0%| F|  |TAMS 0x00000007b0a00000, 0x00000007b0a00000| Untracked 
| 731|0x00000007b0b00000, 0x00000007b0b00000, 0x00000007b0c00000|  0%| F|  |TAMS 0x00000007b0b00000, 0x00000007b0b00000| Untracked 
| 732|0x00000007b0c00000, 0x00000007b0c00000, 0x00000007b0d00000|  0%| F|  |TAMS 0x00000007b0c00000, 0x00000007b0c00000| Untracked 
| 733|0x00000007b0d00000, 0x00000007b0d00000, 0x00000007b0e00000|  0%| F|  |TAMS 0x00000007b0d00000, 0x00000007b0d00000| Untracked 
| 734|0x00000007b0e00000, 0x00000007b0e00000, 0x00000007b0f00000|  0%| F|  |TAMS 0x00000007b0e00000, 0x00000007b0e00000| Untracked 
| 735|0x00000007b0f00000, 0x00000007b0f00000, 0x00000007b1000000|  0%| F|  |TAMS 0x00000007b0f00000, 0x00000007b0f00000| Untracked 
| 736|0x00000007b1000000, 0x00000007b1000000, 0x00000007b1100000|  0%| F|  |TAMS 0x00000007b1000000, 0x00000007b1000000| Untracked 
| 737|0x00000007b1100000, 0x00000007b1100000, 0x00000007b1200000|  0%| F|  |TAMS 0x00000007b1100000, 0x00000007b1100000| Untracked 
| 738|0x00000007b1200000, 0x00000007b1300000, 0x00000007b1300000|100%| O|  |TAMS 0x00000007b1300000, 0x00000007b1200000| Updating 
| 739|0x00000007b1300000, 0x00000007b1400000, 0x00000007b1400000|100%| O|  |TAMS 0x00000007b1400000, 0x00000007b1300000| Untracked 
| 740|0x00000007b1400000, 0x00000007b1400000, 0x00000007b1500000|  0%| F|  |TAMS 0x00000007b1400000, 0x00000007b1400000| Untracked 
| 741|0x00000007b1500000, 0x00000007b1500000, 0x00000007b1600000|  0%| F|  |TAMS 0x00000007b1500000, 0x00000007b1500000| Untracked 
| 742|0x00000007b1600000, 0x00000007b1600000, 0x00000007b1700000|  0%| F|  |TAMS 0x00000007b1600000, 0x00000007b1600000| Untracked 
| 743|0x00000007b1700000, 0x00000007b1700000, 0x00000007b1800000|  0%| F|  |TAMS 0x00000007b1700000, 0x00000007b1700000| Untracked 
| 744|0x00000007b1800000, 0x00000007b1800000, 0x00000007b1900000|  0%| F|  |TAMS 0x00000007b1800000, 0x00000007b1800000| Untracked 
| 745|0x00000007b1900000, 0x00000007b1900000, 0x00000007b1a00000|  0%| F|  |TAMS 0x00000007b1900000, 0x00000007b1900000| Untracked 
| 746|0x00000007b1a00000, 0x00000007b1a00000, 0x00000007b1b00000|  0%| F|  |TAMS 0x00000007b1a00000, 0x00000007b1a00000| Untracked 
| 747|0x00000007b1b00000, 0x00000007b1b00000, 0x00000007b1c00000|  0%| F|  |TAMS 0x00000007b1b00000, 0x00000007b1b00000| Untracked 
| 748|0x00000007b1c00000, 0x00000007b1d00000, 0x00000007b1d00000|100%| O|  |TAMS 0x00000007b1d00000, 0x00000007b1c00000| Updating 
| 749|0x00000007b1d00000, 0x00000007b1e00000, 0x00000007b1e00000|100%| O|  |TAMS 0x00000007b1e00000, 0x00000007b1d00000| Updating 
| 750|0x00000007b1e00000, 0x00000007b1e00000, 0x00000007b1f00000|  0%| F|  |TAMS 0x00000007b1e00000, 0x00000007b1e00000| Untracked 
| 751|0x00000007b1f00000, 0x00000007b2000000, 0x00000007b2000000|100%| O|  |TAMS 0x00000007b2000000, 0x00000007b1f00000| Updating 
| 752|0x00000007b2000000, 0x00000007b2000000, 0x00000007b2100000|  0%| F|  |TAMS 0x00000007b2000000, 0x00000007b2000000| Untracked 
| 753|0x00000007b2100000, 0x00000007b2200000, 0x00000007b2200000|100%| O|  |TAMS 0x00000007b2200000, 0x00000007b2100000| Untracked 
| 754|0x00000007b2200000, 0x00000007b2300000, 0x00000007b2300000|100%| O|  |TAMS 0x00000007b2300000, 0x00000007b2200000| Updating 
| 755|0x00000007b2300000, 0x00000007b2400000, 0x00000007b2400000|100%| O|  |TAMS 0x00000007b2400000, 0x00000007b2300000| Updating 
| 756|0x00000007b2400000, 0x00000007b2400000, 0x00000007b2500000|  0%| F|  |TAMS 0x00000007b2400000, 0x00000007b2400000| Untracked 
| 757|0x00000007b2500000, 0x00000007b2600000, 0x00000007b2600000|100%| O|  |TAMS 0x00000007b2600000, 0x00000007b2500000| Updating 
| 758|0x00000007b2600000, 0x00000007b2600000, 0x00000007b2700000|  0%| F|  |TAMS 0x00000007b2600000, 0x00000007b2600000| Untracked 
| 759|0x00000007b2700000, 0x00000007b2800000, 0x00000007b2800000|100%| O|  |TAMS 0x00000007b2800000, 0x00000007b2700000| Updating 
| 760|0x00000007b2800000, 0x00000007b2900000, 0x00000007b2900000|100%| O|  |TAMS 0x00000007b2900000, 0x00000007b2800000| Updating 
| 761|0x00000007b2900000, 0x00000007b2900000, 0x00000007b2a00000|  0%| F|  |TAMS 0x00000007b2900000, 0x00000007b2900000| Untracked 
| 762|0x00000007b2a00000, 0x00000007b2a00000, 0x00000007b2b00000|  0%| F|  |TAMS 0x00000007b2a00000, 0x00000007b2a00000| Untracked 
| 763|0x00000007b2b00000, 0x00000007b2b00000, 0x00000007b2c00000|  0%| F|  |TAMS 0x00000007b2b00000, 0x00000007b2b00000| Untracked 
| 764|0x00000007b2c00000, 0x00000007b2c00000, 0x00000007b2d00000|  0%| F|  |TAMS 0x00000007b2c00000, 0x00000007b2c00000| Untracked 
| 765|0x00000007b2d00000, 0x00000007b2d00000, 0x00000007b2e00000|  0%| F|  |TAMS 0x00000007b2d00000, 0x00000007b2d00000| Untracked 
| 766|0x00000007b2e00000, 0x00000007b2e00000, 0x00000007b2f00000|  0%| F|  |TAMS 0x00000007b2e00000, 0x00000007b2e00000| Untracked 
| 767|0x00000007b2f00000, 0x00000007b2f00000, 0x00000007b3000000|  0%| F|  |TAMS 0x00000007b2f00000, 0x00000007b2f00000| Untracked 
| 768|0x00000007b3000000, 0x00000007b3000000, 0x00000007b3100000|  0%| F|  |TAMS 0x00000007b3000000, 0x00000007b3000000| Untracked 
| 769|0x00000007b3100000, 0x00000007b3200000, 0x00000007b3200000|100%| O|  |TAMS 0x00000007b3200000, 0x00000007b3100000| Updating 
| 770|0x00000007b3200000, 0x00000007b3200000, 0x00000007b3300000|  0%| F|  |TAMS 0x00000007b3200000, 0x00000007b3200000| Untracked 
| 771|0x00000007b3300000, 0x00000007b3300000, 0x00000007b3400000|  0%| F|  |TAMS 0x00000007b3300000, 0x00000007b3300000| Untracked 
| 772|0x00000007b3400000, 0x00000007b3400000, 0x00000007b3500000|  0%| F|  |TAMS 0x00000007b3400000, 0x00000007b3400000| Untracked 
| 773|0x00000007b3500000, 0x00000007b3500000, 0x00000007b3600000|  0%| F|  |TAMS 0x00000007b3500000, 0x00000007b3500000| Untracked 
| 774|0x00000007b3600000, 0x00000007b3600000, 0x00000007b3700000|  0%| F|  |TAMS 0x00000007b3600000, 0x00000007b3600000| Untracked 
| 775|0x00000007b3700000, 0x00000007b3700000, 0x00000007b3800000|  0%| F|  |TAMS 0x00000007b3700000, 0x00000007b3700000| Untracked 
| 776|0x00000007b3800000, 0x00000007b3800000, 0x00000007b3900000|  0%| F|  |TAMS 0x00000007b3800000, 0x00000007b3800000| Untracked 
| 777|0x00000007b3900000, 0x00000007b3a00000, 0x00000007b3a00000|100%| O|  |TAMS 0x00000007b3a00000, 0x00000007b3900000| Updating 
| 778|0x00000007b3a00000, 0x00000007b3a00000, 0x00000007b3b00000|  0%| F|  |TAMS 0x00000007b3a00000, 0x00000007b3a00000| Untracked 
| 779|0x00000007b3b00000, 0x00000007b3b00000, 0x00000007b3c00000|  0%| F|  |TAMS 0x00000007b3b00000, 0x00000007b3b00000| Untracked 
| 780|0x00000007b3c00000, 0x00000007b3c00000, 0x00000007b3d00000|  0%| F|  |TAMS 0x00000007b3c00000, 0x00000007b3c00000| Untracked 
| 781|0x00000007b3d00000, 0x00000007b3d00000, 0x00000007b3e00000|  0%| F|  |TAMS 0x00000007b3d00000, 0x00000007b3d00000| Untracked 
| 782|0x00000007b3e00000, 0x00000007b3e00000, 0x00000007b3f00000|  0%| F|  |TAMS 0x00000007b3e00000, 0x00000007b3e00000| Untracked 
| 783|0x00000007b3f00000, 0x00000007b3f00000, 0x00000007b4000000|  0%| F|  |TAMS 0x00000007b3f00000, 0x00000007b3f00000| Untracked 
| 784|0x00000007b4000000, 0x00000007b4000000, 0x00000007b4100000|  0%| F|  |TAMS 0x00000007b4000000, 0x00000007b4000000| Untracked 
| 785|0x00000007b4100000, 0x00000007b4100000, 0x00000007b4200000|  0%| F|  |TAMS 0x00000007b4100000, 0x00000007b4100000| Untracked 
| 786|0x00000007b4200000, 0x00000007b4200000, 0x00000007b4300000|  0%| F|  |TAMS 0x00000007b4200000, 0x00000007b4200000| Untracked 
| 787|0x00000007b4300000, 0x00000007b4300000, 0x00000007b4400000|  0%| F|  |TAMS 0x00000007b4300000, 0x00000007b4300000| Untracked 
| 788|0x00000007b4400000, 0x00000007b4400000, 0x00000007b4500000|  0%| F|  |TAMS 0x00000007b4400000, 0x00000007b4400000| Untracked 
| 789|0x00000007b4500000, 0x00000007b4500000, 0x00000007b4600000|  0%| F|  |TAMS 0x00000007b4500000, 0x00000007b4500000| Untracked 
| 790|0x00000007b4600000, 0x00000007b4600000, 0x00000007b4700000|  0%| F|  |TAMS 0x00000007b4600000, 0x00000007b4600000| Untracked 
| 791|0x00000007b4700000, 0x00000007b4800000, 0x00000007b4800000|100%| S|CS|TAMS 0x00000007b4700000, 0x00000007b4700000| Complete 
| 792|0x00000007b4800000, 0x00000007b4900000, 0x00000007b4900000|100%| S|CS|TAMS 0x00000007b4800000, 0x00000007b4800000| Complete 
| 793|0x00000007b4900000, 0x00000007b4a00000, 0x00000007b4a00000|100%| S|CS|TAMS 0x00000007b4900000, 0x00000007b4900000| Complete 
| 794|0x00000007b4a00000, 0x00000007b4b00000, 0x00000007b4b00000|100%| S|CS|TAMS 0x00000007b4a00000, 0x00000007b4a00000| Complete 
| 795|0x00000007b4b00000, 0x00000007b4c00000, 0x00000007b4c00000|100%| S|CS|TAMS 0x00000007b4b00000, 0x00000007b4b00000| Complete 
| 796|0x00000007b4c00000, 0x00000007b4d00000, 0x00000007b4d00000|100%| S|CS|TAMS 0x00000007b4c00000, 0x00000007b4c00000| Complete 
| 797|0x00000007b4d00000, 0x00000007b4e00000, 0x00000007b4e00000|100%| S|CS|TAMS 0x00000007b4d00000, 0x00000007b4d00000| Complete 
| 798|0x00000007b4e00000, 0x00000007b4f00000, 0x00000007b4f00000|100%| O|  |TAMS 0x00000007b4f00000, 0x00000007b4e00000| Updating 
| 799|0x00000007b4f00000, 0x00000007b5000000, 0x00000007b5000000|100%| S|CS|TAMS 0x00000007b4f00000, 0x00000007b4f00000| Complete 
| 800|0x00000007b5000000, 0x00000007b5100000, 0x00000007b5100000|100%| S|CS|TAMS 0x00000007b5000000, 0x00000007b5000000| Complete 
| 801|0x00000007b5100000, 0x00000007b5200000, 0x00000007b5200000|100%| S|CS|TAMS 0x00000007b5100000, 0x00000007b5100000| Complete 
| 802|0x00000007b5200000, 0x00000007b5300000, 0x00000007b5300000|100%| S|CS|TAMS 0x00000007b5200000, 0x00000007b5200000| Complete 
| 803|0x00000007b5300000, 0x00000007b5400000, 0x00000007b5400000|100%| S|CS|TAMS 0x00000007b5300000, 0x00000007b5300000| Complete 
| 804|0x00000007b5400000, 0x00000007b5500000, 0x00000007b5500000|100%| O|  |TAMS 0x00000007b5500000, 0x00000007b5400000| Updating 
| 805|0x00000007b5500000, 0x00000007b5600000, 0x00000007b5600000|100%| O|  |TAMS 0x00000007b5600000, 0x00000007b5500000| Updating 
| 806|0x00000007b5600000, 0x00000007b5700000, 0x00000007b5700000|100%| S|CS|TAMS 0x00000007b5600000, 0x00000007b5600000| Complete 
| 807|0x00000007b5700000, 0x00000007b5800000, 0x00000007b5800000|100%| S|CS|TAMS 0x00000007b5700000, 0x00000007b5700000| Complete 
| 808|0x00000007b5800000, 0x00000007b5900000, 0x00000007b5900000|100%| S|CS|TAMS 0x00000007b5800000, 0x00000007b5800000| Complete 
| 809|0x00000007b5900000, 0x00000007b5a00000, 0x00000007b5a00000|100%| S|CS|TAMS 0x00000007b5900000, 0x00000007b5900000| Complete 
| 810|0x00000007b5a00000, 0x00000007b5b00000, 0x00000007b5b00000|100%| S|CS|TAMS 0x00000007b5a00000, 0x00000007b5a00000| Complete 
| 811|0x00000007b5b00000, 0x00000007b5c00000, 0x00000007b5c00000|100%| S|CS|TAMS 0x00000007b5b00000, 0x00000007b5b00000| Complete 
| 812|0x00000007b5c00000, 0x00000007b5c00000, 0x00000007b5d00000|  0%| F|  |TAMS 0x00000007b5c00000, 0x00000007b5c00000| Untracked 
| 813|0x00000007b5d00000, 0x00000007b5d00000, 0x00000007b5e00000|  0%| F|  |TAMS 0x00000007b5d00000, 0x00000007b5d00000| Untracked 
| 814|0x00000007b5e00000, 0x00000007b5e00000, 0x00000007b5f00000|  0%| F|  |TAMS 0x00000007b5e00000, 0x00000007b5e00000| Untracked 
| 815|0x00000007b5f00000, 0x00000007b5f00000, 0x00000007b6000000|  0%| F|  |TAMS 0x00000007b5f00000, 0x00000007b5f00000| Untracked 
| 816|0x00000007b6000000, 0x00000007b6000000, 0x00000007b6100000|  0%| F|  |TAMS 0x00000007b6000000, 0x00000007b6000000| Untracked 
| 817|0x00000007b6100000, 0x00000007b6100000, 0x00000007b6200000|  0%| F|  |TAMS 0x00000007b6100000, 0x00000007b6100000| Untracked 
| 818|0x00000007b6200000, 0x00000007b6300000, 0x00000007b6300000|100%| O|  |TAMS 0x00000007b6300000, 0x00000007b6200000| Updating 
| 819|0x00000007b6300000, 0x00000007b6300000, 0x00000007b6400000|  0%| F|  |TAMS 0x00000007b6300000, 0x00000007b6300000| Untracked 
| 820|0x00000007b6400000, 0x00000007b6400000, 0x00000007b6500000|  0%| F|  |TAMS 0x00000007b6400000, 0x00000007b6400000| Untracked 
| 821|0x00000007b6500000, 0x00000007b6600000, 0x00000007b6600000|100%| O|  |TAMS 0x00000007b6600000, 0x00000007b6500000| Updating 
| 822|0x00000007b6600000, 0x00000007b6700000, 0x00000007b6700000|100%| O|  |TAMS 0x00000007b6700000, 0x00000007b6600000| Untracked 
| 823|0x00000007b6700000, 0x00000007b6700000, 0x00000007b6800000|  0%| F|  |TAMS 0x00000007b6700000, 0x00000007b6700000| Untracked 
| 824|0x00000007b6800000, 0x00000007b6800000, 0x00000007b6900000|  0%| F|  |TAMS 0x00000007b6800000, 0x00000007b6800000| Untracked 
| 825|0x00000007b6900000, 0x00000007b6900000, 0x00000007b6a00000|  0%| F|  |TAMS 0x00000007b6900000, 0x00000007b6900000| Untracked 
| 826|0x00000007b6a00000, 0x00000007b6a00000, 0x00000007b6b00000|  0%| F|  |TAMS 0x00000007b6a00000, 0x00000007b6a00000| Untracked 
| 827|0x00000007b6b00000, 0x00000007b6b00000, 0x00000007b6c00000|  0%| F|  |TAMS 0x00000007b6b00000, 0x00000007b6b00000| Untracked 
| 828|0x00000007b6c00000, 0x00000007b6d00000, 0x00000007b6d00000|100%| O|  |TAMS 0x00000007b6d00000, 0x00000007b6c00000| Updating 
| 829|0x00000007b6d00000, 0x00000007b6d00000, 0x00000007b6e00000|  0%| F|  |TAMS 0x00000007b6d00000, 0x00000007b6d00000| Untracked 
| 830|0x00000007b6e00000, 0x00000007b6e00000, 0x00000007b6f00000|  0%| F|  |TAMS 0x00000007b6e00000, 0x00000007b6e00000| Untracked 
| 831|0x00000007b6f00000, 0x00000007b6f00000, 0x00000007b7000000|  0%| F|  |TAMS 0x00000007b6f00000, 0x00000007b6f00000| Untracked 
| 832|0x00000007b7000000, 0x00000007b7000000, 0x00000007b7100000|  0%| F|  |TAMS 0x00000007b7000000, 0x00000007b7000000| Untracked 
| 833|0x00000007b7100000, 0x00000007b7200000, 0x00000007b7200000|100%| O|  |TAMS 0x00000007b7200000, 0x00000007b7100000| Updating 
| 834|0x00000007b7200000, 0x00000007b7300000, 0x00000007b7300000|100%| O|  |TAMS 0x00000007b7300000, 0x00000007b7200000| Updating 
| 835|0x00000007b7300000, 0x00000007b7400000, 0x00000007b7400000|100%| O|  |TAMS 0x00000007b7400000, 0x00000007b7300000| Updating 
| 836|0x00000007b7400000, 0x00000007b7400000, 0x00000007b7500000|  0%| F|  |TAMS 0x00000007b7400000, 0x00000007b7400000| Untracked 
| 837|0x00000007b7500000, 0x00000007b7600000, 0x00000007b7600000|100%| O|  |TAMS 0x00000007b7600000, 0x00000007b7500000| Updating 
| 838|0x00000007b7600000, 0x00000007b7600000, 0x00000007b7700000|  0%| F|  |TAMS 0x00000007b7600000, 0x00000007b7600000| Untracked 
| 839|0x00000007b7700000, 0x00000007b7700000, 0x00000007b7800000|  0%| F|  |TAMS 0x00000007b7700000, 0x00000007b7700000| Untracked 
| 840|0x00000007b7800000, 0x00000007b7900000, 0x00000007b7900000|100%| O|  |TAMS 0x00000007b7900000, 0x00000007b7800000| Untracked 
| 841|0x00000007b7900000, 0x00000007b7900000, 0x00000007b7a00000|  0%| F|  |TAMS 0x00000007b7900000, 0x00000007b7900000| Untracked 
| 842|0x00000007b7a00000, 0x00000007b7a00000, 0x00000007b7b00000|  0%| F|  |TAMS 0x00000007b7a00000, 0x00000007b7a00000| Untracked 
| 843|0x00000007b7b00000, 0x00000007b7b00000, 0x00000007b7c00000|  0%| F|  |TAMS 0x00000007b7b00000, 0x00000007b7b00000| Untracked 
| 844|0x00000007b7c00000, 0x00000007b7c00000, 0x00000007b7d00000|  0%| F|  |TAMS 0x00000007b7c00000, 0x00000007b7c00000| Untracked 
| 845|0x00000007b7d00000, 0x00000007b7d00000, 0x00000007b7e00000|  0%| F|  |TAMS 0x00000007b7d00000, 0x00000007b7d00000| Untracked 
| 846|0x00000007b7e00000, 0x00000007b7e00000, 0x00000007b7f00000|  0%| F|  |TAMS 0x00000007b7e00000, 0x00000007b7e00000| Untracked 
| 847|0x00000007b7f00000, 0x00000007b7f00000, 0x00000007b8000000|  0%| F|  |TAMS 0x00000007b7f00000, 0x00000007b7f00000| Untracked 
| 848|0x00000007b8000000, 0x00000007b8000000, 0x00000007b8100000|  0%| F|  |TAMS 0x00000007b8000000, 0x00000007b8000000| Untracked 
| 849|0x00000007b8100000, 0x00000007b8100000, 0x00000007b8200000|  0%| F|  |TAMS 0x00000007b8100000, 0x00000007b8100000| Untracked 
| 850|0x00000007b8200000, 0x00000007b8200000, 0x00000007b8300000|  0%| F|  |TAMS 0x00000007b8200000, 0x00000007b8200000| Untracked 
| 851|0x00000007b8300000, 0x00000007b8300000, 0x00000007b8400000|  0%| F|  |TAMS 0x00000007b8300000, 0x00000007b8300000| Untracked 
| 852|0x00000007b8400000, 0x00000007b8400000, 0x00000007b8500000|  0%| F|  |TAMS 0x00000007b8400000, 0x00000007b8400000| Untracked 
| 853|0x00000007b8500000, 0x00000007b8500000, 0x00000007b8600000|  0%| F|  |TAMS 0x00000007b8500000, 0x00000007b8500000| Untracked 
| 854|0x00000007b8600000, 0x00000007b8600000, 0x00000007b8700000|  0%| F|  |TAMS 0x00000007b8600000, 0x00000007b8600000| Untracked 
| 855|0x00000007b8700000, 0x00000007b8700000, 0x00000007b8800000|  0%| F|  |TAMS 0x00000007b8700000, 0x00000007b8700000| Untracked 
| 856|0x00000007b8800000, 0x00000007b8800000, 0x00000007b8900000|  0%| F|  |TAMS 0x00000007b8800000, 0x00000007b8800000| Untracked 
| 857|0x00000007b8900000, 0x00000007b8900000, 0x00000007b8a00000|  0%| F|  |TAMS 0x00000007b8900000, 0x00000007b8900000| Untracked 
| 858|0x00000007b8a00000, 0x00000007b8a00000, 0x00000007b8b00000|  0%| F|  |TAMS 0x00000007b8a00000, 0x00000007b8a00000| Untracked 
| 859|0x00000007b8b00000, 0x00000007b8b00000, 0x00000007b8c00000|  0%| F|  |TAMS 0x00000007b8b00000, 0x00000007b8b00000| Untracked 
| 860|0x00000007b8c00000, 0x00000007b8c00000, 0x00000007b8d00000|  0%| F|  |TAMS 0x00000007b8c00000, 0x00000007b8c00000| Untracked 
| 861|0x00000007b8d00000, 0x00000007b8d00000, 0x00000007b8e00000|  0%| F|  |TAMS 0x00000007b8d00000, 0x00000007b8d00000| Untracked 
| 862|0x00000007b8e00000, 0x00000007b8e00000, 0x00000007b8f00000|  0%| F|  |TAMS 0x00000007b8e00000, 0x00000007b8e00000| Untracked 
| 863|0x00000007b8f00000, 0x00000007b8f00000, 0x00000007b9000000|  0%| F|  |TAMS 0x00000007b8f00000, 0x00000007b8f00000| Untracked 
| 864|0x00000007b9000000, 0x00000007b9000000, 0x00000007b9100000|  0%| F|  |TAMS 0x00000007b9000000, 0x00000007b9000000| Untracked 
| 865|0x00000007b9100000, 0x00000007b9100000, 0x00000007b9200000|  0%| F|  |TAMS 0x00000007b9100000, 0x00000007b9100000| Untracked 
| 866|0x00000007b9200000, 0x00000007b9200000, 0x00000007b9300000|  0%| F|  |TAMS 0x00000007b9200000, 0x00000007b9200000| Untracked 
| 867|0x00000007b9300000, 0x00000007b9300000, 0x00000007b9400000|  0%| F|  |TAMS 0x00000007b9300000, 0x00000007b9300000| Untracked 
| 868|0x00000007b9400000, 0x00000007b9500000, 0x00000007b9500000|100%| O|  |TAMS 0x00000007b9500000, 0x00000007b9400000| Updating 
| 869|0x00000007b9500000, 0x00000007b9600000, 0x00000007b9600000|100%| O|  |TAMS 0x00000007b9600000, 0x00000007b9500000| Updating 
| 870|0x00000007b9600000, 0x00000007b9600000, 0x00000007b9700000|  0%| F|  |TAMS 0x00000007b9600000, 0x00000007b9600000| Untracked 
| 871|0x00000007b9700000, 0x00000007b9800000, 0x00000007b9800000|100%| O|  |TAMS 0x00000007b9800000, 0x00000007b9700000| Updating 
| 872|0x00000007b9800000, 0x00000007b9900000, 0x00000007b9900000|100%| O|  |TAMS 0x00000007b9900000, 0x00000007b9800000| Updating 
| 873|0x00000007b9900000, 0x00000007b9a00000, 0x00000007b9a00000|100%| O|  |TAMS 0x00000007b9a00000, 0x00000007b9900000| Untracked 
| 874|0x00000007b9a00000, 0x00000007b9a00000, 0x00000007b9b00000|  0%| F|  |TAMS 0x00000007b9a00000, 0x00000007b9a00000| Untracked 
| 875|0x00000007b9b00000, 0x00000007b9b00000, 0x00000007b9c00000|  0%| F|  |TAMS 0x00000007b9b00000, 0x00000007b9b00000| Untracked 
| 876|0x00000007b9c00000, 0x00000007b9c00000, 0x00000007b9d00000|  0%| F|  |TAMS 0x00000007b9c00000, 0x00000007b9c00000| Untracked 
| 877|0x00000007b9d00000, 0x00000007b9d00000, 0x00000007b9e00000|  0%| F|  |TAMS 0x00000007b9d00000, 0x00000007b9d00000| Untracked 
| 878|0x00000007b9e00000, 0x00000007b9e00000, 0x00000007b9f00000|  0%| F|  |TAMS 0x00000007b9e00000, 0x00000007b9e00000| Untracked 
| 879|0x00000007b9f00000, 0x00000007b9f00000, 0x00000007ba000000|  0%| F|  |TAMS 0x00000007b9f00000, 0x00000007b9f00000| Untracked 
| 880|0x00000007ba000000, 0x00000007ba000000, 0x00000007ba100000|  0%| F|  |TAMS 0x00000007ba000000, 0x00000007ba000000| Untracked 
| 881|0x00000007ba100000, 0x00000007ba100000, 0x00000007ba200000|  0%| F|  |TAMS 0x00000007ba100000, 0x00000007ba100000| Untracked 
| 882|0x00000007ba200000, 0x00000007ba200000, 0x00000007ba300000|  0%| F|  |TAMS 0x00000007ba200000, 0x00000007ba200000| Untracked 
| 883|0x00000007ba300000, 0x00000007ba300000, 0x00000007ba400000|  0%| F|  |TAMS 0x00000007ba300000, 0x00000007ba300000| Untracked 
| 884|0x00000007ba400000, 0x00000007ba400000, 0x00000007ba500000|  0%| F|  |TAMS 0x00000007ba400000, 0x00000007ba400000| Untracked 
| 885|0x00000007ba500000, 0x00000007ba500000, 0x00000007ba600000|  0%| F|  |TAMS 0x00000007ba500000, 0x00000007ba500000| Untracked 
| 886|0x00000007ba600000, 0x00000007ba600000, 0x00000007ba700000|  0%| F|  |TAMS 0x00000007ba600000, 0x00000007ba600000| Untracked 
| 887|0x00000007ba700000, 0x00000007ba700000, 0x00000007ba800000|  0%| F|  |TAMS 0x00000007ba700000, 0x00000007ba700000| Untracked 
| 888|0x00000007ba800000, 0x00000007ba800000, 0x00000007ba900000|  0%| F|  |TAMS 0x00000007ba800000, 0x00000007ba800000| Untracked 
| 889|0x00000007ba900000, 0x00000007ba900000, 0x00000007baa00000|  0%| F|  |TAMS 0x00000007ba900000, 0x00000007ba900000| Untracked 
| 890|0x00000007baa00000, 0x00000007baa00000, 0x00000007bab00000|  0%| F|  |TAMS 0x00000007baa00000, 0x00000007baa00000| Untracked 
| 891|0x00000007bab00000, 0x00000007bab00000, 0x00000007bac00000|  0%| F|  |TAMS 0x00000007bab00000, 0x00000007bab00000| Untracked 
| 892|0x00000007bac00000, 0x00000007bac00000, 0x00000007bad00000|  0%| F|  |TAMS 0x00000007bac00000, 0x00000007bac00000| Untracked 
| 893|0x00000007bad00000, 0x00000007bad00000, 0x00000007bae00000|  0%| F|  |TAMS 0x00000007bad00000, 0x00000007bad00000| Untracked 
| 894|0x00000007bae00000, 0x00000007bae00000, 0x00000007baf00000|  0%| F|  |TAMS 0x00000007bae00000, 0x00000007bae00000| Untracked 
| 895|0x00000007baf00000, 0x00000007baf00000, 0x00000007bb000000|  0%| F|  |TAMS 0x00000007baf00000, 0x00000007baf00000| Untracked 
| 896|0x00000007bb000000, 0x00000007bb000000, 0x00000007bb100000|  0%| F|  |TAMS 0x00000007bb000000, 0x00000007bb000000| Untracked 
| 897|0x00000007bb100000, 0x00000007bb100000, 0x00000007bb200000|  0%| F|  |TAMS 0x00000007bb100000, 0x00000007bb100000| Untracked 
| 898|0x00000007bb200000, 0x00000007bb200000, 0x00000007bb300000|  0%| F|  |TAMS 0x00000007bb200000, 0x00000007bb200000| Untracked 
| 899|0x00000007bb300000, 0x00000007bb300000, 0x00000007bb400000|  0%| F|  |TAMS 0x00000007bb300000, 0x00000007bb300000| Untracked 
| 900|0x00000007bb400000, 0x00000007bb400000, 0x00000007bb500000|  0%| F|  |TAMS 0x00000007bb400000, 0x00000007bb400000| Untracked 
| 901|0x00000007bb500000, 0x00000007bb500000, 0x00000007bb600000|  0%| F|  |TAMS 0x00000007bb500000, 0x00000007bb500000| Untracked 
| 902|0x00000007bb600000, 0x00000007bb600000, 0x00000007bb700000|  0%| F|  |TAMS 0x00000007bb600000, 0x00000007bb600000| Untracked 
| 903|0x00000007bb700000, 0x00000007bb700000, 0x00000007bb800000|  0%| F|  |TAMS 0x00000007bb700000, 0x00000007bb700000| Untracked 
| 904|0x00000007bb800000, 0x00000007bb800000, 0x00000007bb900000|  0%| F|  |TAMS 0x00000007bb800000, 0x00000007bb800000| Untracked 
| 905|0x00000007bb900000, 0x00000007bb900000, 0x00000007bba00000|  0%| F|  |TAMS 0x00000007bb900000, 0x00000007bb900000| Untracked 
| 906|0x00000007bba00000, 0x00000007bba00000, 0x00000007bbb00000|  0%| F|  |TAMS 0x00000007bba00000, 0x00000007bba00000| Untracked 
| 907|0x00000007bbb00000, 0x00000007bbb00000, 0x00000007bbc00000|  0%| F|  |TAMS 0x00000007bbb00000, 0x00000007bbb00000| Untracked 
| 908|0x00000007bbc00000, 0x00000007bbc00000, 0x00000007bbd00000|  0%| F|  |TAMS 0x00000007bbc00000, 0x00000007bbc00000| Untracked 
| 909|0x00000007bbd00000, 0x00000007bbd00000, 0x00000007bbe00000|  0%| F|  |TAMS 0x00000007bbd00000, 0x00000007bbd00000| Untracked 
| 910|0x00000007bbe00000, 0x00000007bbe00000, 0x00000007bbf00000|  0%| F|  |TAMS 0x00000007bbe00000, 0x00000007bbe00000| Untracked 
| 911|0x00000007bbf00000, 0x00000007bbf00000, 0x00000007bc000000|  0%| F|  |TAMS 0x00000007bbf00000, 0x00000007bbf00000| Untracked 
| 912|0x00000007bc000000, 0x00000007bc000000, 0x00000007bc100000|  0%| F|  |TAMS 0x00000007bc000000, 0x00000007bc000000| Untracked 
| 913|0x00000007bc100000, 0x00000007bc100000, 0x00000007bc200000|  0%| F|  |TAMS 0x00000007bc100000, 0x00000007bc100000| Untracked 
| 914|0x00000007bc200000, 0x00000007bc200000, 0x00000007bc300000|  0%| F|  |TAMS 0x00000007bc200000, 0x00000007bc200000| Untracked 
| 915|0x00000007bc300000, 0x00000007bc300000, 0x00000007bc400000|  0%| F|  |TAMS 0x00000007bc300000, 0x00000007bc300000| Untracked 
| 916|0x00000007bc400000, 0x00000007bc400000, 0x00000007bc500000|  0%| F|  |TAMS 0x00000007bc400000, 0x00000007bc400000| Untracked 
| 917|0x00000007bc500000, 0x00000007bc500000, 0x00000007bc600000|  0%| F|  |TAMS 0x00000007bc500000, 0x00000007bc500000| Untracked 
| 918|0x00000007bc600000, 0x00000007bc600000, 0x00000007bc700000|  0%| F|  |TAMS 0x00000007bc600000, 0x00000007bc600000| Untracked 
| 919|0x00000007bc700000, 0x00000007bc700000, 0x00000007bc800000|  0%| F|  |TAMS 0x00000007bc700000, 0x00000007bc700000| Untracked 
| 920|0x00000007bc800000, 0x00000007bc800000, 0x00000007bc900000|  0%| F|  |TAMS 0x00000007bc800000, 0x00000007bc800000| Untracked 
| 921|0x00000007bc900000, 0x00000007bc900000, 0x00000007bca00000|  0%| F|  |TAMS 0x00000007bc900000, 0x00000007bc900000| Untracked 
| 922|0x00000007bca00000, 0x00000007bca00000, 0x00000007bcb00000|  0%| F|  |TAMS 0x00000007bca00000, 0x00000007bca00000| Untracked 
| 923|0x00000007bcb00000, 0x00000007bcb00000, 0x00000007bcc00000|  0%| F|  |TAMS 0x00000007bcb00000, 0x00000007bcb00000| Untracked 
| 924|0x00000007bcc00000, 0x00000007bcc00000, 0x00000007bcd00000|  0%| F|  |TAMS 0x00000007bcc00000, 0x00000007bcc00000| Untracked 
| 925|0x00000007bcd00000, 0x00000007bcd00000, 0x00000007bce00000|  0%| F|  |TAMS 0x00000007bcd00000, 0x00000007bcd00000| Untracked 
| 926|0x00000007bce00000, 0x00000007bce00000, 0x00000007bcf00000|  0%| F|  |TAMS 0x00000007bce00000, 0x00000007bce00000| Untracked 
| 927|0x00000007bcf00000, 0x00000007bcf00000, 0x00000007bd000000|  0%| F|  |TAMS 0x00000007bcf00000, 0x00000007bcf00000| Untracked 
| 928|0x00000007bd000000, 0x00000007bd000000, 0x00000007bd100000|  0%| F|  |TAMS 0x00000007bd000000, 0x00000007bd000000| Untracked 
| 929|0x00000007bd100000, 0x00000007bd100000, 0x00000007bd200000|  0%| F|  |TAMS 0x00000007bd100000, 0x00000007bd100000| Untracked 
| 930|0x00000007bd200000, 0x00000007bd200000, 0x00000007bd300000|  0%| F|  |TAMS 0x00000007bd200000, 0x00000007bd200000| Untracked 
| 931|0x00000007bd300000, 0x00000007bd300000, 0x00000007bd400000|  0%| F|  |TAMS 0x00000007bd300000, 0x00000007bd300000| Untracked 
| 932|0x00000007bd400000, 0x00000007bd400000, 0x00000007bd500000|  0%| F|  |TAMS 0x00000007bd400000, 0x00000007bd400000| Untracked 
| 933|0x00000007bd500000, 0x00000007bd500000, 0x00000007bd600000|  0%| F|  |TAMS 0x00000007bd500000, 0x00000007bd500000| Untracked 
| 934|0x00000007bd600000, 0x00000007bd600000, 0x00000007bd700000|  0%| F|  |TAMS 0x00000007bd600000, 0x00000007bd600000| Untracked 
| 935|0x00000007bd700000, 0x00000007bd700000, 0x00000007bd800000|  0%| F|  |TAMS 0x00000007bd700000, 0x00000007bd700000| Untracked 
| 936|0x00000007bd800000, 0x00000007bd800000, 0x00000007bd900000|  0%| F|  |TAMS 0x00000007bd800000, 0x00000007bd800000| Untracked 
| 937|0x00000007bd900000, 0x00000007bd900000, 0x00000007bda00000|  0%| F|  |TAMS 0x00000007bd900000, 0x00000007bd900000| Untracked 
| 938|0x00000007bda00000, 0x00000007bda00000, 0x00000007bdb00000|  0%| F|  |TAMS 0x00000007bda00000, 0x00000007bda00000| Untracked 
| 939|0x00000007bdb00000, 0x00000007bdb00000, 0x00000007bdc00000|  0%| F|  |TAMS 0x00000007bdb00000, 0x00000007bdb00000| Untracked 
| 940|0x00000007bdc00000, 0x00000007bdc00000, 0x00000007bdd00000|  0%| F|  |TAMS 0x00000007bdc00000, 0x00000007bdc00000| Untracked 
| 941|0x00000007bdd00000, 0x00000007bdd00000, 0x00000007bde00000|  0%| F|  |TAMS 0x00000007bdd00000, 0x00000007bdd00000| Untracked 
| 942|0x00000007bde00000, 0x00000007bde00000, 0x00000007bdf00000|  0%| F|  |TAMS 0x00000007bde00000, 0x00000007bde00000| Untracked 
| 943|0x00000007bdf00000, 0x00000007bdf00000, 0x00000007be000000|  0%| F|  |TAMS 0x00000007bdf00000, 0x00000007bdf00000| Untracked 
| 944|0x00000007be000000, 0x00000007be000000, 0x00000007be100000|  0%| F|  |TAMS 0x00000007be000000, 0x00000007be000000| Untracked 
| 945|0x00000007be100000, 0x00000007be100000, 0x00000007be200000|  0%| F|  |TAMS 0x00000007be100000, 0x00000007be100000| Untracked 
| 946|0x00000007be200000, 0x00000007be200000, 0x00000007be300000|  0%| F|  |TAMS 0x00000007be200000, 0x00000007be200000| Untracked 
| 947|0x00000007be300000, 0x00000007be300000, 0x00000007be400000|  0%| F|  |TAMS 0x00000007be300000, 0x00000007be300000| Untracked 
| 948|0x00000007be400000, 0x00000007be400000, 0x00000007be500000|  0%| F|  |TAMS 0x00000007be400000, 0x00000007be400000| Untracked 
| 949|0x00000007be500000, 0x00000007be500000, 0x00000007be600000|  0%| F|  |TAMS 0x00000007be500000, 0x00000007be500000| Untracked 
| 950|0x00000007be600000, 0x00000007be600000, 0x00000007be700000|  0%| F|  |TAMS 0x00000007be600000, 0x00000007be600000| Untracked 
| 951|0x00000007be700000, 0x00000007be700000, 0x00000007be800000|  0%| F|  |TAMS 0x00000007be700000, 0x00000007be700000| Untracked 
| 952|0x00000007be800000, 0x00000007be800000, 0x00000007be900000|  0%| F|  |TAMS 0x00000007be800000, 0x00000007be800000| Untracked 
| 953|0x00000007be900000, 0x00000007be900000, 0x00000007bea00000|  0%| F|  |TAMS 0x00000007be900000, 0x00000007be900000| Untracked 
| 954|0x00000007bea00000, 0x00000007bea00000, 0x00000007beb00000|  0%| F|  |TAMS 0x00000007bea00000, 0x00000007bea00000| Untracked 
| 955|0x00000007beb00000, 0x00000007beb00000, 0x00000007bec00000|  0%| F|  |TAMS 0x00000007beb00000, 0x00000007beb00000| Untracked 
| 956|0x00000007bec00000, 0x00000007bec00000, 0x00000007bed00000|  0%| F|  |TAMS 0x00000007bec00000, 0x00000007bec00000| Untracked 
| 957|0x00000007bed00000, 0x00000007bed00000, 0x00000007bee00000|  0%| F|  |TAMS 0x00000007bed00000, 0x00000007bed00000| Untracked 
| 958|0x00000007bee00000, 0x00000007bee00000, 0x00000007bef00000|  0%| F|  |TAMS 0x00000007bee00000, 0x00000007bee00000| Untracked 
| 959|0x00000007bef00000, 0x00000007bef00000, 0x00000007bf000000|  0%| F|  |TAMS 0x00000007bef00000, 0x00000007bef00000| Untracked 
| 960|0x00000007bf000000, 0x00000007bf000000, 0x00000007bf100000|  0%| F|  |TAMS 0x00000007bf000000, 0x00000007bf000000| Untracked 
| 961|0x00000007bf100000, 0x00000007bf100000, 0x00000007bf200000|  0%| F|  |TAMS 0x00000007bf100000, 0x00000007bf100000| Untracked 
| 962|0x00000007bf200000, 0x00000007bf200000, 0x00000007bf300000|  0%| F|  |TAMS 0x00000007bf200000, 0x00000007bf200000| Untracked 
| 963|0x00000007bf300000, 0x00000007bf300000, 0x00000007bf400000|  0%| F|  |TAMS 0x00000007bf300000, 0x00000007bf300000| Untracked 
| 964|0x00000007bf400000, 0x00000007bf400000, 0x00000007bf500000|  0%| F|  |TAMS 0x00000007bf400000, 0x00000007bf400000| Untracked 
| 965|0x00000007bf500000, 0x00000007bf500000, 0x00000007bf600000|  0%| F|  |TAMS 0x00000007bf500000, 0x00000007bf500000| Untracked 
| 966|0x00000007bf600000, 0x00000007bf600000, 0x00000007bf700000|  0%| F|  |TAMS 0x00000007bf600000, 0x00000007bf600000| Untracked 
| 967|0x00000007bf700000, 0x00000007bf700000, 0x00000007bf800000|  0%| F|  |TAMS 0x00000007bf700000, 0x00000007bf700000| Untracked 
| 968|0x00000007bf800000, 0x00000007bf800000, 0x00000007bf900000|  0%| F|  |TAMS 0x00000007bf800000, 0x00000007bf800000| Untracked 
| 969|0x00000007bf900000, 0x00000007bf900000, 0x00000007bfa00000|  0%| F|  |TAMS 0x00000007bf900000, 0x00000007bf900000| Untracked 
| 970|0x00000007bfa00000, 0x00000007bfa00000, 0x00000007bfb00000|  0%| F|  |TAMS 0x00000007bfa00000, 0x00000007bfa00000| Untracked 
| 971|0x00000007bfb00000, 0x00000007bfb00000, 0x00000007bfc00000|  0%| F|  |TAMS 0x00000007bfb00000, 0x00000007bfb00000| Untracked 
| 972|0x00000007bfc00000, 0x00000007bfc00000, 0x00000007bfd00000|  0%| F|  |TAMS 0x00000007bfc00000, 0x00000007bfc00000| Untracked 
| 973|0x00000007bfd00000, 0x00000007bfd00000, 0x00000007bfe00000|  0%| F|  |TAMS 0x00000007bfd00000, 0x00000007bfd00000| Untracked 
| 974|0x00000007bfe00000, 0x00000007bfe00000, 0x00000007bff00000|  0%| F|  |TAMS 0x00000007bfe00000, 0x00000007bfe00000| Untracked 
| 975|0x00000007bff00000, 0x00000007bff00000, 0x00000007c0000000|  0%| F|  |TAMS 0x00000007bff00000, 0x00000007bff00000| Untracked 
| 976|0x00000007c0000000, 0x00000007c0000000, 0x00000007c0100000|  0%| F|  |TAMS 0x00000007c0000000, 0x00000007c0000000| Untracked 
| 977|0x00000007c0100000, 0x00000007c0100000, 0x00000007c0200000|  0%| F|  |TAMS 0x00000007c0100000, 0x00000007c0100000| Untracked 
| 978|0x00000007c0200000, 0x00000007c0200000, 0x00000007c0300000|  0%| F|  |TAMS 0x00000007c0200000, 0x00000007c0200000| Untracked 
| 979|0x00000007c0300000, 0x00000007c0300000, 0x00000007c0400000|  0%| F|  |TAMS 0x00000007c0300000, 0x00000007c0300000| Untracked 
| 980|0x00000007c0400000, 0x00000007c0400000, 0x00000007c0500000|  0%| F|  |TAMS 0x00000007c0400000, 0x00000007c0400000| Untracked 
| 981|0x00000007c0500000, 0x00000007c0500000, 0x00000007c0600000|  0%| F|  |TAMS 0x00000007c0500000, 0x00000007c0500000| Untracked 
| 982|0x00000007c0600000, 0x00000007c0600000, 0x00000007c0700000|  0%| F|  |TAMS 0x00000007c0600000, 0x00000007c0600000| Untracked 
| 983|0x00000007c0700000, 0x00000007c0700000, 0x00000007c0800000|  0%| F|  |TAMS 0x00000007c0700000, 0x00000007c0700000| Untracked 
| 984|0x00000007c0800000, 0x00000007c0800000, 0x00000007c0900000|  0%| F|  |TAMS 0x00000007c0800000, 0x00000007c0800000| Untracked 
| 985|0x00000007c0900000, 0x00000007c0900000, 0x00000007c0a00000|  0%| F|  |TAMS 0x00000007c0900000, 0x00000007c0900000| Untracked 
| 986|0x00000007c0a00000, 0x00000007c0a00000, 0x00000007c0b00000|  0%| F|  |TAMS 0x00000007c0a00000, 0x00000007c0a00000| Untracked 
| 987|0x00000007c0b00000, 0x00000007c0b00000, 0x00000007c0c00000|  0%| F|  |TAMS 0x00000007c0b00000, 0x00000007c0b00000| Untracked 
| 988|0x00000007c0c00000, 0x00000007c0c00000, 0x00000007c0d00000|  0%| F|  |TAMS 0x00000007c0c00000, 0x00000007c0c00000| Untracked 
| 989|0x00000007c0d00000, 0x00000007c0d00000, 0x00000007c0e00000|  0%| F|  |TAMS 0x00000007c0d00000, 0x00000007c0d00000| Untracked 
| 990|0x00000007c0e00000, 0x00000007c0e00000, 0x00000007c0f00000|  0%| F|  |TAMS 0x00000007c0e00000, 0x00000007c0e00000| Untracked 
| 991|0x00000007c0f00000, 0x00000007c0f00000, 0x00000007c1000000|  0%| F|  |TAMS 0x00000007c0f00000, 0x00000007c0f00000| Untracked 
| 992|0x00000007c1000000, 0x00000007c1000000, 0x00000007c1100000|  0%| F|  |TAMS 0x00000007c1000000, 0x00000007c1000000| Untracked 
| 993|0x00000007c1100000, 0x00000007c1100000, 0x00000007c1200000|  0%| F|  |TAMS 0x00000007c1100000, 0x00000007c1100000| Untracked 
| 994|0x00000007c1200000, 0x00000007c1200000, 0x00000007c1300000|  0%| F|  |TAMS 0x00000007c1200000, 0x00000007c1200000| Untracked 
| 995|0x00000007c1300000, 0x00000007c1300000, 0x00000007c1400000|  0%| F|  |TAMS 0x00000007c1300000, 0x00000007c1300000| Untracked 
| 996|0x00000007c1400000, 0x00000007c1400000, 0x00000007c1500000|  0%| F|  |TAMS 0x00000007c1400000, 0x00000007c1400000| Untracked 
| 997|0x00000007c1500000, 0x00000007c1500000, 0x00000007c1600000|  0%| F|  |TAMS 0x00000007c1500000, 0x00000007c1500000| Untracked 
| 998|0x00000007c1600000, 0x00000007c1600000, 0x00000007c1700000|  0%| F|  |TAMS 0x00000007c1600000, 0x00000007c1600000| Untracked 
| 999|0x00000007c1700000, 0x00000007c1700000, 0x00000007c1800000|  0%| F|  |TAMS 0x00000007c1700000, 0x00000007c1700000| Untracked 
|1000|0x00000007c1800000, 0x00000007c1800000, 0x00000007c1900000|  0%| F|  |TAMS 0x00000007c1800000, 0x00000007c1800000| Untracked 
|1001|0x00000007c1900000, 0x00000007c1900000, 0x00000007c1a00000|  0%| F|  |TAMS 0x00000007c1900000, 0x00000007c1900000| Untracked 
|1002|0x00000007c1a00000, 0x00000007c1a00000, 0x00000007c1b00000|  0%| F|  |TAMS 0x00000007c1a00000, 0x00000007c1a00000| Untracked 
|1003|0x00000007c1b00000, 0x00000007c1b00000, 0x00000007c1c00000|  0%| F|  |TAMS 0x00000007c1b00000, 0x00000007c1b00000| Untracked 
|1004|0x00000007c1c00000, 0x00000007c1c00000, 0x00000007c1d00000|  0%| F|  |TAMS 0x00000007c1c00000, 0x00000007c1c00000| Untracked 
|1005|0x00000007c1d00000, 0x00000007c1d00000, 0x00000007c1e00000|  0%| F|  |TAMS 0x00000007c1d00000, 0x00000007c1d00000| Untracked 
|1006|0x00000007c1e00000, 0x00000007c1e00000, 0x00000007c1f00000|  0%| F|  |TAMS 0x00000007c1e00000, 0x00000007c1e00000| Untracked 
|1007|0x00000007c1f00000, 0x00000007c1f00000, 0x00000007c2000000|  0%| F|  |TAMS 0x00000007c1f00000, 0x00000007c1f00000| Untracked 
|1008|0x00000007c2000000, 0x00000007c2000000, 0x00000007c2100000|  0%| F|  |TAMS 0x00000007c2000000, 0x00000007c2000000| Untracked 
|1009|0x00000007c2100000, 0x00000007c2100000, 0x00000007c2200000|  0%| F|  |TAMS 0x00000007c2100000, 0x00000007c2100000| Untracked 
|1010|0x00000007c2200000, 0x00000007c2200000, 0x00000007c2300000|  0%| F|  |TAMS 0x00000007c2200000, 0x00000007c2200000| Untracked 
|1011|0x00000007c2300000, 0x00000007c2300000, 0x00000007c2400000|  0%| F|  |TAMS 0x00000007c2300000, 0x00000007c2300000| Untracked 
|1012|0x00000007c2400000, 0x00000007c2400000, 0x00000007c2500000|  0%| F|  |TAMS 0x00000007c2400000, 0x00000007c2400000| Untracked 
|1013|0x00000007c2500000, 0x00000007c2500000, 0x00000007c2600000|  0%| F|  |TAMS 0x00000007c2500000, 0x00000007c2500000| Untracked 
|1014|0x00000007c2600000, 0x00000007c2600000, 0x00000007c2700000|  0%| F|  |TAMS 0x00000007c2600000, 0x00000007c2600000| Untracked 
|1015|0x00000007c2700000, 0x00000007c2700000, 0x00000007c2800000|  0%| F|  |TAMS 0x00000007c2700000, 0x00000007c2700000| Untracked 
|1016|0x00000007c2800000, 0x00000007c2800000, 0x00000007c2900000|  0%| F|  |TAMS 0x00000007c2800000, 0x00000007c2800000| Untracked 
|1017|0x00000007c2900000, 0x00000007c2900000, 0x00000007c2a00000|  0%| F|  |TAMS 0x00000007c2900000, 0x00000007c2900000| Untracked 
|1018|0x00000007c2a00000, 0x00000007c2a00000, 0x00000007c2b00000|  0%| F|  |TAMS 0x00000007c2a00000, 0x00000007c2a00000| Untracked 
|1019|0x00000007c2b00000, 0x00000007c2b00000, 0x00000007c2c00000|  0%| F|  |TAMS 0x00000007c2b00000, 0x00000007c2b00000| Untracked 
|1020|0x00000007c2c00000, 0x00000007c2c00000, 0x00000007c2d00000|  0%| F|  |TAMS 0x00000007c2c00000, 0x00000007c2c00000| Untracked 
|1021|0x00000007c2d00000, 0x00000007c2d00000, 0x00000007c2e00000|  0%| F|  |TAMS 0x00000007c2d00000, 0x00000007c2d00000| Untracked 
|1022|0x00000007c2e00000, 0x00000007c2e00000, 0x00000007c2f00000|  0%| F|  |TAMS 0x00000007c2e00000, 0x00000007c2e00000| Untracked 
|1023|0x00000007c2f00000, 0x00000007c2f00000, 0x00000007c3000000|  0%| F|  |TAMS 0x00000007c2f00000, 0x00000007c2f00000| Untracked 
|1024|0x00000007c3000000, 0x00000007c3000000, 0x00000007c3100000|  0%| F|  |TAMS 0x00000007c3000000, 0x00000007c3000000| Untracked 
|1025|0x00000007c3100000, 0x00000007c3100000, 0x00000007c3200000|  0%| F|  |TAMS 0x00000007c3100000, 0x00000007c3100000| Untracked 
|1026|0x00000007c3200000, 0x00000007c3200000, 0x00000007c3300000|  0%| F|  |TAMS 0x00000007c3200000, 0x00000007c3200000| Untracked 
|1027|0x00000007c3300000, 0x00000007c3300000, 0x00000007c3400000|  0%| F|  |TAMS 0x00000007c3300000, 0x00000007c3300000| Untracked 
|1028|0x00000007c3400000, 0x00000007c3400000, 0x00000007c3500000|  0%| F|  |TAMS 0x00000007c3400000, 0x00000007c3400000| Untracked 
|1029|0x00000007c3500000, 0x00000007c3500000, 0x00000007c3600000|  0%| F|  |TAMS 0x00000007c3500000, 0x00000007c3500000| Untracked 
|1030|0x00000007c3600000, 0x00000007c3600000, 0x00000007c3700000|  0%| F|  |TAMS 0x00000007c3600000, 0x00000007c3600000| Untracked 
|1031|0x00000007c3700000, 0x00000007c3700000, 0x00000007c3800000|  0%| F|  |TAMS 0x00000007c3700000, 0x00000007c3700000| Untracked 
|1032|0x00000007c3800000, 0x00000007c3800000, 0x00000007c3900000|  0%| F|  |TAMS 0x00000007c3800000, 0x00000007c3800000| Untracked 
|1033|0x00000007c3900000, 0x00000007c3900000, 0x00000007c3a00000|  0%| F|  |TAMS 0x00000007c3900000, 0x00000007c3900000| Untracked 
|1034|0x00000007c3a00000, 0x00000007c3a00000, 0x00000007c3b00000|  0%| F|  |TAMS 0x00000007c3a00000, 0x00000007c3a00000| Untracked 
|1035|0x00000007c3b00000, 0x00000007c3b00000, 0x00000007c3c00000|  0%| F|  |TAMS 0x00000007c3b00000, 0x00000007c3b00000| Untracked 
|1036|0x00000007c3c00000, 0x00000007c3c00000, 0x00000007c3d00000|  0%| F|  |TAMS 0x00000007c3c00000, 0x00000007c3c00000| Untracked 
|1037|0x00000007c3d00000, 0x00000007c3d00000, 0x00000007c3e00000|  0%| F|  |TAMS 0x00000007c3d00000, 0x00000007c3d00000| Untracked 
|1038|0x00000007c3e00000, 0x00000007c3e00000, 0x00000007c3f00000|  0%| F|  |TAMS 0x00000007c3e00000, 0x00000007c3e00000| Untracked 
|1039|0x00000007c3f00000, 0x00000007c3f00000, 0x00000007c4000000|  0%| F|  |TAMS 0x00000007c3f00000, 0x00000007c3f00000| Untracked 
|1040|0x00000007c4000000, 0x00000007c4000000, 0x00000007c4100000|  0%| F|  |TAMS 0x00000007c4000000, 0x00000007c4000000| Untracked 
|1041|0x00000007c4100000, 0x00000007c4100000, 0x00000007c4200000|  0%| F|  |TAMS 0x00000007c4100000, 0x00000007c4100000| Untracked 
|1042|0x00000007c4200000, 0x00000007c4200000, 0x00000007c4300000|  0%| F|  |TAMS 0x00000007c4200000, 0x00000007c4200000| Untracked 
|1043|0x00000007c4300000, 0x00000007c4300000, 0x00000007c4400000|  0%| F|  |TAMS 0x00000007c4300000, 0x00000007c4300000| Untracked 
|1044|0x00000007c4400000, 0x00000007c4400000, 0x00000007c4500000|  0%| F|  |TAMS 0x00000007c4400000, 0x00000007c4400000| Untracked 
|1045|0x00000007c4500000, 0x00000007c4500000, 0x00000007c4600000|  0%| F|  |TAMS 0x00000007c4500000, 0x00000007c4500000| Untracked 
|1046|0x00000007c4600000, 0x00000007c4600000, 0x00000007c4700000|  0%| F|  |TAMS 0x00000007c4600000, 0x00000007c4600000| Untracked 
|1047|0x00000007c4700000, 0x00000007c4700000, 0x00000007c4800000|  0%| F|  |TAMS 0x00000007c4700000, 0x00000007c4700000| Untracked 
|1048|0x00000007c4800000, 0x00000007c4800000, 0x00000007c4900000|  0%| F|  |TAMS 0x00000007c4800000, 0x00000007c4800000| Untracked 
|1049|0x00000007c4900000, 0x00000007c4900000, 0x00000007c4a00000|  0%| F|  |TAMS 0x00000007c4900000, 0x00000007c4900000| Untracked 
|1050|0x00000007c4a00000, 0x00000007c4a00000, 0x00000007c4b00000|  0%| F|  |TAMS 0x00000007c4a00000, 0x00000007c4a00000| Untracked 
|1051|0x00000007c4b00000, 0x00000007c4b00000, 0x00000007c4c00000|  0%| F|  |TAMS 0x00000007c4b00000, 0x00000007c4b00000| Untracked 
|1052|0x00000007c4c00000, 0x00000007c4c00000, 0x00000007c4d00000|  0%| F|  |TAMS 0x00000007c4c00000, 0x00000007c4c00000| Untracked 
|1053|0x00000007c4d00000, 0x00000007c4d00000, 0x00000007c4e00000|  0%| F|  |TAMS 0x00000007c4d00000, 0x00000007c4d00000| Untracked 
|1054|0x00000007c4e00000, 0x00000007c4e00000, 0x00000007c4f00000|  0%| F|  |TAMS 0x00000007c4e00000, 0x00000007c4e00000| Untracked 
|1055|0x00000007c4f00000, 0x00000007c4f00000, 0x00000007c5000000|  0%| F|  |TAMS 0x00000007c4f00000, 0x00000007c4f00000| Untracked 
|1056|0x00000007c5000000, 0x00000007c5000000, 0x00000007c5100000|  0%| F|  |TAMS 0x00000007c5000000, 0x00000007c5000000| Untracked 
|1057|0x00000007c5100000, 0x00000007c5100000, 0x00000007c5200000|  0%| F|  |TAMS 0x00000007c5100000, 0x00000007c5100000| Untracked 
|1058|0x00000007c5200000, 0x00000007c5200000, 0x00000007c5300000|  0%| F|  |TAMS 0x00000007c5200000, 0x00000007c5200000| Untracked 
|1059|0x00000007c5300000, 0x00000007c5300000, 0x00000007c5400000|  0%| F|  |TAMS 0x00000007c5300000, 0x00000007c5300000| Untracked 
|1060|0x00000007c5400000, 0x00000007c5400000, 0x00000007c5500000|  0%| F|  |TAMS 0x00000007c5400000, 0x00000007c5400000| Untracked 
|1061|0x00000007c5500000, 0x00000007c5500000, 0x00000007c5600000|  0%| F|  |TAMS 0x00000007c5500000, 0x00000007c5500000| Untracked 
|1062|0x00000007c5600000, 0x00000007c5600000, 0x00000007c5700000|  0%| F|  |TAMS 0x00000007c5600000, 0x00000007c5600000| Untracked 
|1063|0x00000007c5700000, 0x00000007c5700000, 0x00000007c5800000|  0%| F|  |TAMS 0x00000007c5700000, 0x00000007c5700000| Untracked 
|1064|0x00000007c5800000, 0x00000007c5800000, 0x00000007c5900000|  0%| F|  |TAMS 0x00000007c5800000, 0x00000007c5800000| Untracked 
|1065|0x00000007c5900000, 0x00000007c5900000, 0x00000007c5a00000|  0%| F|  |TAMS 0x00000007c5900000, 0x00000007c5900000| Untracked 
|1066|0x00000007c5a00000, 0x00000007c5a00000, 0x00000007c5b00000|  0%| F|  |TAMS 0x00000007c5a00000, 0x00000007c5a00000| Untracked 
|1067|0x00000007c5b00000, 0x00000007c5b00000, 0x00000007c5c00000|  0%| F|  |TAMS 0x00000007c5b00000, 0x00000007c5b00000| Untracked 
|1068|0x00000007c5c00000, 0x00000007c5c00000, 0x00000007c5d00000|  0%| F|  |TAMS 0x00000007c5c00000, 0x00000007c5c00000| Untracked 
|1069|0x00000007c5d00000, 0x00000007c5d00000, 0x00000007c5e00000|  0%| F|  |TAMS 0x00000007c5d00000, 0x00000007c5d00000| Untracked 
|1070|0x00000007c5e00000, 0x00000007c5e00000, 0x00000007c5f00000|  0%| F|  |TAMS 0x00000007c5e00000, 0x00000007c5e00000| Untracked 
|1071|0x00000007c5f00000, 0x00000007c5f00000, 0x00000007c6000000|  0%| F|  |TAMS 0x00000007c5f00000, 0x00000007c5f00000| Untracked 
|1072|0x00000007c6000000, 0x00000007c6000000, 0x00000007c6100000|  0%| F|  |TAMS 0x00000007c6000000, 0x00000007c6000000| Untracked 
|1073|0x00000007c6100000, 0x00000007c6100000, 0x00000007c6200000|  0%| F|  |TAMS 0x00000007c6100000, 0x00000007c6100000| Untracked 
|1074|0x00000007c6200000, 0x00000007c6200000, 0x00000007c6300000|  0%| F|  |TAMS 0x00000007c6200000, 0x00000007c6200000| Untracked 
|1075|0x00000007c6300000, 0x00000007c6300000, 0x00000007c6400000|  0%| F|  |TAMS 0x00000007c6300000, 0x00000007c6300000| Untracked 
|1076|0x00000007c6400000, 0x00000007c6400000, 0x00000007c6500000|  0%| F|  |TAMS 0x00000007c6400000, 0x00000007c6400000| Untracked 
|1077|0x00000007c6500000, 0x00000007c6500000, 0x00000007c6600000|  0%| F|  |TAMS 0x00000007c6500000, 0x00000007c6500000| Untracked 
|1078|0x00000007c6600000, 0x00000007c6600000, 0x00000007c6700000|  0%| F|  |TAMS 0x00000007c6600000, 0x00000007c6600000| Untracked 
|1079|0x00000007c6700000, 0x00000007c6700000, 0x00000007c6800000|  0%| F|  |TAMS 0x00000007c6700000, 0x00000007c6700000| Untracked 
|1080|0x00000007c6800000, 0x00000007c6800000, 0x00000007c6900000|  0%| F|  |TAMS 0x00000007c6800000, 0x00000007c6800000| Untracked 
|1081|0x00000007c6900000, 0x00000007c6900000, 0x00000007c6a00000|  0%| F|  |TAMS 0x00000007c6900000, 0x00000007c6900000| Untracked 
|1082|0x00000007c6a00000, 0x00000007c6a00000, 0x00000007c6b00000|  0%| F|  |TAMS 0x00000007c6a00000, 0x00000007c6a00000| Untracked 
|1083|0x00000007c6b00000, 0x00000007c6b00000, 0x00000007c6c00000|  0%| F|  |TAMS 0x00000007c6b00000, 0x00000007c6b00000| Untracked 
|1084|0x00000007c6c00000, 0x00000007c6c00000, 0x00000007c6d00000|  0%| F|  |TAMS 0x00000007c6c00000, 0x00000007c6c00000| Untracked 
|1085|0x00000007c6d00000, 0x00000007c6d00000, 0x00000007c6e00000|  0%| F|  |TAMS 0x00000007c6d00000, 0x00000007c6d00000| Untracked 
|1086|0x00000007c6e00000, 0x00000007c6e00000, 0x00000007c6f00000|  0%| F|  |TAMS 0x00000007c6e00000, 0x00000007c6e00000| Untracked 
|1087|0x00000007c6f00000, 0x00000007c6f00000, 0x00000007c7000000|  0%| F|  |TAMS 0x00000007c6f00000, 0x00000007c6f00000| Untracked 
|1088|0x00000007c7000000, 0x00000007c7000000, 0x00000007c7100000|  0%| F|  |TAMS 0x00000007c7000000, 0x00000007c7000000| Untracked 
|1089|0x00000007c7100000, 0x00000007c7100000, 0x00000007c7200000|  0%| F|  |TAMS 0x00000007c7100000, 0x00000007c7100000| Untracked 
|1090|0x00000007c7200000, 0x00000007c7200000, 0x00000007c7300000|  0%| F|  |TAMS 0x00000007c7200000, 0x00000007c7200000| Untracked 
|1091|0x00000007c7300000, 0x00000007c7300000, 0x00000007c7400000|  0%| F|  |TAMS 0x00000007c7300000, 0x00000007c7300000| Untracked 
|1092|0x00000007c7400000, 0x00000007c7400000, 0x00000007c7500000|  0%| F|  |TAMS 0x00000007c7400000, 0x00000007c7400000| Untracked 
|1093|0x00000007c7500000, 0x00000007c7500000, 0x00000007c7600000|  0%| F|  |TAMS 0x00000007c7500000, 0x00000007c7500000| Untracked 
|1094|0x00000007c7600000, 0x00000007c7600000, 0x00000007c7700000|  0%| F|  |TAMS 0x00000007c7600000, 0x00000007c7600000| Untracked 
|1095|0x00000007c7700000, 0x00000007c7700000, 0x00000007c7800000|  0%| F|  |TAMS 0x00000007c7700000, 0x00000007c7700000| Untracked 
|1096|0x00000007c7800000, 0x00000007c7800000, 0x00000007c7900000|  0%| F|  |TAMS 0x00000007c7800000, 0x00000007c7800000| Untracked 
|1097|0x00000007c7900000, 0x00000007c7900000, 0x00000007c7a00000|  0%| F|  |TAMS 0x00000007c7900000, 0x00000007c7900000| Untracked 
|1098|0x00000007c7a00000, 0x00000007c7a00000, 0x00000007c7b00000|  0%| F|  |TAMS 0x00000007c7a00000, 0x00000007c7a00000| Untracked 
|1099|0x00000007c7b00000, 0x00000007c7b00000, 0x00000007c7c00000|  0%| F|  |TAMS 0x00000007c7b00000, 0x00000007c7b00000| Untracked 
|1100|0x00000007c7c00000, 0x00000007c7c00000, 0x00000007c7d00000|  0%| F|  |TAMS 0x00000007c7c00000, 0x00000007c7c00000| Untracked 
|1101|0x00000007c7d00000, 0x00000007c7d00000, 0x00000007c7e00000|  0%| F|  |TAMS 0x00000007c7d00000, 0x00000007c7d00000| Untracked 
|1102|0x00000007c7e00000, 0x00000007c7e00000, 0x00000007c7f00000|  0%| F|  |TAMS 0x00000007c7e00000, 0x00000007c7e00000| Untracked 
|1103|0x00000007c7f00000, 0x00000007c7f00000, 0x00000007c8000000|  0%| F|  |TAMS 0x00000007c7f00000, 0x00000007c7f00000| Untracked 
|1104|0x00000007c8000000, 0x00000007c8000000, 0x00000007c8100000|  0%| F|  |TAMS 0x00000007c8000000, 0x00000007c8000000| Untracked 
|1105|0x00000007c8100000, 0x00000007c8100000, 0x00000007c8200000|  0%| F|  |TAMS 0x00000007c8100000, 0x00000007c8100000| Untracked 
|1106|0x00000007c8200000, 0x00000007c8200000, 0x00000007c8300000|  0%| F|  |TAMS 0x00000007c8200000, 0x00000007c8200000| Untracked 
|1107|0x00000007c8300000, 0x00000007c8300000, 0x00000007c8400000|  0%| F|  |TAMS 0x00000007c8300000, 0x00000007c8300000| Untracked 
|1108|0x00000007c8400000, 0x00000007c8400000, 0x00000007c8500000|  0%| F|  |TAMS 0x00000007c8400000, 0x00000007c8400000| Untracked 
|1109|0x00000007c8500000, 0x00000007c8500000, 0x00000007c8600000|  0%| F|  |TAMS 0x00000007c8500000, 0x00000007c8500000| Untracked 
|1110|0x00000007c8600000, 0x00000007c8600000, 0x00000007c8700000|  0%| F|  |TAMS 0x00000007c8600000, 0x00000007c8600000| Untracked 
|1111|0x00000007c8700000, 0x00000007c8700000, 0x00000007c8800000|  0%| F|  |TAMS 0x00000007c8700000, 0x00000007c8700000| Untracked 
|1112|0x00000007c8800000, 0x00000007c8800000, 0x00000007c8900000|  0%| F|  |TAMS 0x00000007c8800000, 0x00000007c8800000| Untracked 
|1113|0x00000007c8900000, 0x00000007c8900000, 0x00000007c8a00000|  0%| F|  |TAMS 0x00000007c8900000, 0x00000007c8900000| Untracked 
|1114|0x00000007c8a00000, 0x00000007c8a00000, 0x00000007c8b00000|  0%| F|  |TAMS 0x00000007c8a00000, 0x00000007c8a00000| Untracked 
|1115|0x00000007c8b00000, 0x00000007c8b00000, 0x00000007c8c00000|  0%| F|  |TAMS 0x00000007c8b00000, 0x00000007c8b00000| Untracked 
|1116|0x00000007c8c00000, 0x00000007c8c00000, 0x00000007c8d00000|  0%| F|  |TAMS 0x00000007c8c00000, 0x00000007c8c00000| Untracked 
|1117|0x00000007c8d00000, 0x00000007c8d00000, 0x00000007c8e00000|  0%| F|  |TAMS 0x00000007c8d00000, 0x00000007c8d00000| Untracked 
|1118|0x00000007c8e00000, 0x00000007c8e00000, 0x00000007c8f00000|  0%| F|  |TAMS 0x00000007c8e00000, 0x00000007c8e00000| Untracked 
|1119|0x00000007c8f00000, 0x00000007c8f00000, 0x00000007c9000000|  0%| F|  |TAMS 0x00000007c8f00000, 0x00000007c8f00000| Untracked 
|1120|0x00000007c9000000, 0x00000007c9000000, 0x00000007c9100000|  0%| F|  |TAMS 0x00000007c9000000, 0x00000007c9000000| Untracked 
|1121|0x00000007c9100000, 0x00000007c9100000, 0x00000007c9200000|  0%| F|  |TAMS 0x00000007c9100000, 0x00000007c9100000| Untracked 
|1122|0x00000007c9200000, 0x00000007c9200000, 0x00000007c9300000|  0%| F|  |TAMS 0x00000007c9200000, 0x00000007c9200000| Untracked 
|1123|0x00000007c9300000, 0x00000007c9300000, 0x00000007c9400000|  0%| F|  |TAMS 0x00000007c9300000, 0x00000007c9300000| Untracked 
|1124|0x00000007c9400000, 0x00000007c9400000, 0x00000007c9500000|  0%| F|  |TAMS 0x00000007c9400000, 0x00000007c9400000| Untracked 
|1125|0x00000007c9500000, 0x00000007c9500000, 0x00000007c9600000|  0%| F|  |TAMS 0x00000007c9500000, 0x00000007c9500000| Untracked 
|1126|0x00000007c9600000, 0x00000007c9600000, 0x00000007c9700000|  0%| F|  |TAMS 0x00000007c9600000, 0x00000007c9600000| Untracked 
|1127|0x00000007c9700000, 0x00000007c9700000, 0x00000007c9800000|  0%| F|  |TAMS 0x00000007c9700000, 0x00000007c9700000| Untracked 
|1128|0x00000007c9800000, 0x00000007c9800000, 0x00000007c9900000|  0%| F|  |TAMS 0x00000007c9800000, 0x00000007c9800000| Untracked 
|1129|0x00000007c9900000, 0x00000007c9900000, 0x00000007c9a00000|  0%| F|  |TAMS 0x00000007c9900000, 0x00000007c9900000| Untracked 
|1130|0x00000007c9a00000, 0x00000007c9a00000, 0x00000007c9b00000|  0%| F|  |TAMS 0x00000007c9a00000, 0x00000007c9a00000| Untracked 
|1131|0x00000007c9b00000, 0x00000007c9b00000, 0x00000007c9c00000|  0%| F|  |TAMS 0x00000007c9b00000, 0x00000007c9b00000| Untracked 
|1132|0x00000007c9c00000, 0x00000007c9c00000, 0x00000007c9d00000|  0%| F|  |TAMS 0x00000007c9c00000, 0x00000007c9c00000| Untracked 
|1133|0x00000007c9d00000, 0x00000007c9d00000, 0x00000007c9e00000|  0%| F|  |TAMS 0x00000007c9d00000, 0x00000007c9d00000| Untracked 
|1134|0x00000007c9e00000, 0x00000007c9e00000, 0x00000007c9f00000|  0%| F|  |TAMS 0x00000007c9e00000, 0x00000007c9e00000| Untracked 
|1135|0x00000007c9f00000, 0x00000007c9f00000, 0x00000007ca000000|  0%| F|  |TAMS 0x00000007c9f00000, 0x00000007c9f00000| Untracked 
|1136|0x00000007ca000000, 0x00000007ca000000, 0x00000007ca100000|  0%| F|  |TAMS 0x00000007ca000000, 0x00000007ca000000| Untracked 
|1137|0x00000007ca100000, 0x00000007ca100000, 0x00000007ca200000|  0%| F|  |TAMS 0x00000007ca100000, 0x00000007ca100000| Untracked 
|1138|0x00000007ca200000, 0x00000007ca200000, 0x00000007ca300000|  0%| F|  |TAMS 0x00000007ca200000, 0x00000007ca200000| Untracked 
|1139|0x00000007ca300000, 0x00000007ca300000, 0x00000007ca400000|  0%| F|  |TAMS 0x00000007ca300000, 0x00000007ca300000| Untracked 
|1140|0x00000007ca400000, 0x00000007ca400000, 0x00000007ca500000|  0%| F|  |TAMS 0x00000007ca400000, 0x00000007ca400000| Untracked 
|1141|0x00000007ca500000, 0x00000007ca500000, 0x00000007ca600000|  0%| F|  |TAMS 0x00000007ca500000, 0x00000007ca500000| Untracked 
|1142|0x00000007ca600000, 0x00000007ca600000, 0x00000007ca700000|  0%| F|  |TAMS 0x00000007ca600000, 0x00000007ca600000| Untracked 
|1143|0x00000007ca700000, 0x00000007ca700000, 0x00000007ca800000|  0%| F|  |TAMS 0x00000007ca700000, 0x00000007ca700000| Untracked 
|1144|0x00000007ca800000, 0x00000007ca800000, 0x00000007ca900000|  0%| F|  |TAMS 0x00000007ca800000, 0x00000007ca800000| Untracked 
|1145|0x00000007ca900000, 0x00000007ca900000, 0x00000007caa00000|  0%| F|  |TAMS 0x00000007ca900000, 0x00000007ca900000| Untracked 
|1146|0x00000007caa00000, 0x00000007caa00000, 0x00000007cab00000|  0%| F|  |TAMS 0x00000007caa00000, 0x00000007caa00000| Untracked 
|1147|0x00000007cab00000, 0x00000007cab00000, 0x00000007cac00000|  0%| F|  |TAMS 0x00000007cab00000, 0x00000007cab00000| Untracked 
|1148|0x00000007cac00000, 0x00000007cac00000, 0x00000007cad00000|  0%| F|  |TAMS 0x00000007cac00000, 0x00000007cac00000| Untracked 
|1149|0x00000007cad00000, 0x00000007cad00000, 0x00000007cae00000|  0%| F|  |TAMS 0x00000007cad00000, 0x00000007cad00000| Untracked 
|1150|0x00000007cae00000, 0x00000007cae00000, 0x00000007caf00000|  0%| F|  |TAMS 0x00000007cae00000, 0x00000007cae00000| Untracked 
|1151|0x00000007caf00000, 0x00000007caf00000, 0x00000007cb000000|  0%| F|  |TAMS 0x00000007caf00000, 0x00000007caf00000| Untracked 
|1152|0x00000007cb000000, 0x00000007cb000000, 0x00000007cb100000|  0%| F|  |TAMS 0x00000007cb000000, 0x00000007cb000000| Untracked 
|1153|0x00000007cb100000, 0x00000007cb100000, 0x00000007cb200000|  0%| F|  |TAMS 0x00000007cb100000, 0x00000007cb100000| Untracked 
|1154|0x00000007cb200000, 0x00000007cb200000, 0x00000007cb300000|  0%| F|  |TAMS 0x00000007cb200000, 0x00000007cb200000| Untracked 
|1155|0x00000007cb300000, 0x00000007cb300000, 0x00000007cb400000|  0%| F|  |TAMS 0x00000007cb300000, 0x00000007cb300000| Untracked 
|1156|0x00000007cb400000, 0x00000007cb400000, 0x00000007cb500000|  0%| F|  |TAMS 0x00000007cb400000, 0x00000007cb400000| Untracked 
|1157|0x00000007cb500000, 0x00000007cb500000, 0x00000007cb600000|  0%| F|  |TAMS 0x00000007cb500000, 0x00000007cb500000| Untracked 
|1158|0x00000007cb600000, 0x00000007cb600000, 0x00000007cb700000|  0%| F|  |TAMS 0x00000007cb600000, 0x00000007cb600000| Untracked 
|1159|0x00000007cb700000, 0x00000007cb700000, 0x00000007cb800000|  0%| F|  |TAMS 0x00000007cb700000, 0x00000007cb700000| Untracked 
|1160|0x00000007cb800000, 0x00000007cb800000, 0x00000007cb900000|  0%| F|  |TAMS 0x00000007cb800000, 0x00000007cb800000| Untracked 
|1161|0x00000007cb900000, 0x00000007cb900000, 0x00000007cba00000|  0%| F|  |TAMS 0x00000007cb900000, 0x00000007cb900000| Untracked 
|1162|0x00000007cba00000, 0x00000007cba00000, 0x00000007cbb00000|  0%| F|  |TAMS 0x00000007cba00000, 0x00000007cba00000| Untracked 
|1163|0x00000007cbb00000, 0x00000007cbb00000, 0x00000007cbc00000|  0%| F|  |TAMS 0x00000007cbb00000, 0x00000007cbb00000| Untracked 
|1164|0x00000007cbc00000, 0x00000007cbc00000, 0x00000007cbd00000|  0%| F|  |TAMS 0x00000007cbc00000, 0x00000007cbc00000| Untracked 
|1165|0x00000007cbd00000, 0x00000007cbd00000, 0x00000007cbe00000|  0%| F|  |TAMS 0x00000007cbd00000, 0x00000007cbd00000| Untracked 
|1166|0x00000007cbe00000, 0x00000007cbe00000, 0x00000007cbf00000|  0%| F|  |TAMS 0x00000007cbe00000, 0x00000007cbe00000| Untracked 
|1167|0x00000007cbf00000, 0x00000007cbf00000, 0x00000007cc000000|  0%| F|  |TAMS 0x00000007cbf00000, 0x00000007cbf00000| Untracked 
|1168|0x00000007cc000000, 0x00000007cc000000, 0x00000007cc100000|  0%| F|  |TAMS 0x00000007cc000000, 0x00000007cc000000| Untracked 
|1169|0x00000007cc100000, 0x00000007cc100000, 0x00000007cc200000|  0%| F|  |TAMS 0x00000007cc100000, 0x00000007cc100000| Untracked 
|1170|0x00000007cc200000, 0x00000007cc200000, 0x00000007cc300000|  0%| F|  |TAMS 0x00000007cc200000, 0x00000007cc200000| Untracked 
|1171|0x00000007cc300000, 0x00000007cc300000, 0x00000007cc400000|  0%| F|  |TAMS 0x00000007cc300000, 0x00000007cc300000| Untracked 
|1172|0x00000007cc400000, 0x00000007cc400000, 0x00000007cc500000|  0%| F|  |TAMS 0x00000007cc400000, 0x00000007cc400000| Untracked 
|1173|0x00000007cc500000, 0x00000007cc500000, 0x00000007cc600000|  0%| F|  |TAMS 0x00000007cc500000, 0x00000007cc500000| Untracked 
|1174|0x00000007cc600000, 0x00000007cc600000, 0x00000007cc700000|  0%| F|  |TAMS 0x00000007cc600000, 0x00000007cc600000| Untracked 
|1175|0x00000007cc700000, 0x00000007cc700000, 0x00000007cc800000|  0%| F|  |TAMS 0x00000007cc700000, 0x00000007cc700000| Untracked 
|1176|0x00000007cc800000, 0x00000007cc800000, 0x00000007cc900000|  0%| F|  |TAMS 0x00000007cc800000, 0x00000007cc800000| Untracked 
|1177|0x00000007cc900000, 0x00000007cc900000, 0x00000007cca00000|  0%| F|  |TAMS 0x00000007cc900000, 0x00000007cc900000| Untracked 
|1178|0x00000007cca00000, 0x00000007cca00000, 0x00000007ccb00000|  0%| F|  |TAMS 0x00000007cca00000, 0x00000007cca00000| Untracked 
|1179|0x00000007ccb00000, 0x00000007ccb00000, 0x00000007ccc00000|  0%| F|  |TAMS 0x00000007ccb00000, 0x00000007ccb00000| Untracked 
|1180|0x00000007ccc00000, 0x00000007ccc00000, 0x00000007ccd00000|  0%| F|  |TAMS 0x00000007ccc00000, 0x00000007ccc00000| Untracked 
|1181|0x00000007ccd00000, 0x00000007ccd00000, 0x00000007cce00000|  0%| F|  |TAMS 0x00000007ccd00000, 0x00000007ccd00000| Untracked 
|1182|0x00000007cce00000, 0x00000007cce00000, 0x00000007ccf00000|  0%| F|  |TAMS 0x00000007cce00000, 0x00000007cce00000| Untracked 
|1183|0x00000007ccf00000, 0x00000007ccf00000, 0x00000007cd000000|  0%| F|  |TAMS 0x00000007ccf00000, 0x00000007ccf00000| Untracked 
|1184|0x00000007cd000000, 0x00000007cd000000, 0x00000007cd100000|  0%| F|  |TAMS 0x00000007cd000000, 0x00000007cd000000| Untracked 
|1185|0x00000007cd100000, 0x00000007cd100000, 0x00000007cd200000|  0%| F|  |TAMS 0x00000007cd100000, 0x00000007cd100000| Untracked 
|1186|0x00000007cd200000, 0x00000007cd200000, 0x00000007cd300000|  0%| F|  |TAMS 0x00000007cd200000, 0x00000007cd200000| Untracked 
|1187|0x00000007cd300000, 0x00000007cd300000, 0x00000007cd400000|  0%| F|  |TAMS 0x00000007cd300000, 0x00000007cd300000| Untracked 
|1188|0x00000007cd400000, 0x00000007cd400000, 0x00000007cd500000|  0%| F|  |TAMS 0x00000007cd400000, 0x00000007cd400000| Untracked 
|1189|0x00000007cd500000, 0x00000007cd500000, 0x00000007cd600000|  0%| F|  |TAMS 0x00000007cd500000, 0x00000007cd500000| Untracked 
|1190|0x00000007cd600000, 0x00000007cd700000, 0x00000007cd700000|100%| O|  |TAMS 0x00000007cd700000, 0x00000007cd600000| Untracked 
|1191|0x00000007cd700000, 0x00000007cd800000, 0x00000007cd800000|100%|HS|  |TAMS 0x00000007cd800000, 0x00000007cd700000| Complete 
|1192|0x00000007cd800000, 0x00000007cd900000, 0x00000007cd900000|100%|HC|  |TAMS 0x00000007cd900000, 0x00000007cd800000| Complete 
|1193|0x00000007cd900000, 0x00000007cd900000, 0x00000007cda00000|  0%| F|  |TAMS 0x00000007cd900000, 0x00000007cd900000| Untracked 
|1194|0x00000007cda00000, 0x00000007cda00000, 0x00000007cdb00000|  0%| F|  |TAMS 0x00000007cda00000, 0x00000007cda00000| Untracked 
|1195|0x00000007cdb00000, 0x00000007cdc00000, 0x00000007cdc00000|100%| O|  |TAMS 0x00000007cdc00000, 0x00000007cdb00000| Untracked 
|1196|0x00000007cdc00000, 0x00000007cdd00000, 0x00000007cdd00000|100%| O|  |TAMS 0x00000007cdd00000, 0x00000007cdc00000| Untracked 
|1197|0x00000007cdd00000, 0x00000007cde00000, 0x00000007cde00000|100%| O|  |TAMS 0x00000007cde00000, 0x00000007cdd00000| Untracked 
|1198|0x00000007cde00000, 0x00000007cdf00000, 0x00000007cdf00000|100%| O|  |TAMS 0x00000007cdf00000, 0x00000007cde00000| Untracked 
|1199|0x00000007cdf00000, 0x00000007ce000000, 0x00000007ce000000|100%| O|  |TAMS 0x00000007ce000000, 0x00000007cdf00000| Untracked 
|1200|0x00000007ce000000, 0x00000007ce100000, 0x00000007ce100000|100%| O|  |TAMS 0x00000007ce100000, 0x00000007ce000000| Untracked 
|1201|0x00000007ce100000, 0x00000007ce200000, 0x00000007ce200000|100%| O|  |TAMS 0x00000007ce200000, 0x00000007ce100000| Untracked 
|1202|0x00000007ce200000, 0x00000007ce300000, 0x00000007ce300000|100%| O|  |TAMS 0x00000007ce300000, 0x00000007ce200000| Untracked 
|1203|0x00000007ce300000, 0x00000007ce400000, 0x00000007ce400000|100%| O|  |TAMS 0x00000007ce400000, 0x00000007ce300000| Untracked 
|1204|0x00000007ce400000, 0x00000007ce500000, 0x00000007ce500000|100%| O|  |TAMS 0x00000007ce500000, 0x00000007ce400000| Untracked 
|1205|0x00000007ce500000, 0x00000007ce600000, 0x00000007ce600000|100%| O|  |TAMS 0x00000007ce600000, 0x00000007ce500000| Updating 
|1206|0x00000007ce600000, 0x00000007ce600000, 0x00000007ce700000|  0%| F|  |TAMS 0x00000007ce600000, 0x00000007ce600000| Untracked 
|1207|0x00000007ce700000, 0x00000007ce700000, 0x00000007ce800000|  0%| F|  |TAMS 0x00000007ce700000, 0x00000007ce700000| Untracked 
|1208|0x00000007ce800000, 0x00000007ce800000, 0x00000007ce900000|  0%| F|  |TAMS 0x00000007ce800000, 0x00000007ce800000| Untracked 
|1209|0x00000007ce900000, 0x00000007ce900000, 0x00000007cea00000|  0%| F|  |TAMS 0x00000007ce900000, 0x00000007ce900000| Untracked 
|1210|0x00000007cea00000, 0x00000007cea00000, 0x00000007ceb00000|  0%| F|  |TAMS 0x00000007cea00000, 0x00000007cea00000| Untracked 
|1211|0x00000007ceb00000, 0x00000007ceb00000, 0x00000007cec00000|  0%| F|  |TAMS 0x00000007ceb00000, 0x00000007ceb00000| Untracked 
|1212|0x00000007cec00000, 0x00000007cec00000, 0x00000007ced00000|  0%| F|  |TAMS 0x00000007cec00000, 0x00000007cec00000| Untracked 
|1213|0x00000007ced00000, 0x00000007ced00000, 0x00000007cee00000|  0%| F|  |TAMS 0x00000007ced00000, 0x00000007ced00000| Untracked 
|1214|0x00000007cee00000, 0x00000007cee00000, 0x00000007cef00000|  0%| F|  |TAMS 0x00000007cee00000, 0x00000007cee00000| Untracked 
|1215|0x00000007cef00000, 0x00000007cef00000, 0x00000007cf000000|  0%| F|  |TAMS 0x00000007cef00000, 0x00000007cef00000| Untracked 
|1216|0x00000007cf000000, 0x00000007cf000000, 0x00000007cf100000|  0%| F|  |TAMS 0x00000007cf000000, 0x00000007cf000000| Untracked 
|1217|0x00000007cf100000, 0x00000007cf100000, 0x00000007cf200000|  0%| F|  |TAMS 0x00000007cf100000, 0x00000007cf100000| Untracked 
|1218|0x00000007cf200000, 0x00000007cf200000, 0x00000007cf300000|  0%| F|  |TAMS 0x00000007cf200000, 0x00000007cf200000| Untracked 
|1219|0x00000007cf300000, 0x00000007cf300000, 0x00000007cf400000|  0%| F|  |TAMS 0x00000007cf300000, 0x00000007cf300000| Untracked 
|1220|0x00000007cf400000, 0x00000007cf400000, 0x00000007cf500000|  0%| F|  |TAMS 0x00000007cf400000, 0x00000007cf400000| Untracked 
|1221|0x00000007cf500000, 0x00000007cf500000, 0x00000007cf600000|  0%| F|  |TAMS 0x00000007cf500000, 0x00000007cf500000| Untracked 
|1222|0x00000007cf600000, 0x00000007cf600000, 0x00000007cf700000|  0%| F|  |TAMS 0x00000007cf600000, 0x00000007cf600000| Untracked 
|1223|0x00000007cf700000, 0x00000007cf700000, 0x00000007cf800000|  0%| F|  |TAMS 0x00000007cf700000, 0x00000007cf700000| Untracked 
|1224|0x00000007cf800000, 0x00000007cf800000, 0x00000007cf900000|  0%| F|  |TAMS 0x00000007cf800000, 0x00000007cf800000| Untracked 
|1225|0x00000007cf900000, 0x00000007cf900000, 0x00000007cfa00000|  0%| F|  |TAMS 0x00000007cf900000, 0x00000007cf900000| Untracked 
|1226|0x00000007cfa00000, 0x00000007cfa00000, 0x00000007cfb00000|  0%| F|  |TAMS 0x00000007cfa00000, 0x00000007cfa00000| Untracked 
|1227|0x00000007cfb00000, 0x00000007cfc00000, 0x00000007cfc00000|100%| O|  |TAMS 0x00000007cfc00000, 0x00000007cfb00000| Updating 
|1228|0x00000007cfc00000, 0x00000007cfd00000, 0x00000007cfd00000|100%| O|  |TAMS 0x00000007cfd00000, 0x00000007cfc00000| Untracked 
|1229|0x00000007cfd00000, 0x00000007cfe00000, 0x00000007cfe00000|100%| O|  |TAMS 0x00000007cfe00000, 0x00000007cfd00000| Untracked 
|1230|0x00000007cfe00000, 0x00000007cff00000, 0x00000007cff00000|100%| O|  |TAMS 0x00000007cff00000, 0x00000007cfe00000| Untracked 
|1231|0x00000007cff00000, 0x00000007d0000000, 0x00000007d0000000|100%| O|  |TAMS 0x00000007d0000000, 0x00000007cff00000| Untracked 
|1232|0x00000007d0000000, 0x00000007d0100000, 0x00000007d0100000|100%| O|  |TAMS 0x00000007d0100000, 0x00000007d0000000| Untracked 
|1233|0x00000007d0100000, 0x00000007d0200000, 0x00000007d0200000|100%| O|  |TAMS 0x00000007d0200000, 0x00000007d0100000| Untracked 
|1234|0x00000007d0200000, 0x00000007d0300000, 0x00000007d0300000|100%| O|  |TAMS 0x00000007d0300000, 0x00000007d0200000| Untracked 
|1235|0x00000007d0300000, 0x00000007d0400000, 0x00000007d0400000|100%| O|  |TAMS 0x00000007d0400000, 0x00000007d0300000| Untracked 
|1236|0x00000007d0400000, 0x00000007d0500000, 0x00000007d0500000|100%| O|  |TAMS 0x00000007d0500000, 0x00000007d0400000| Untracked 
|1237|0x00000007d0500000, 0x00000007d0600000, 0x00000007d0600000|100%| O|  |TAMS 0x00000007d0600000, 0x00000007d0500000| Untracked 
|1238|0x00000007d0600000, 0x00000007d0700000, 0x00000007d0700000|100%| O|  |TAMS 0x00000007d0700000, 0x00000007d0600000| Untracked 
|1239|0x00000007d0700000, 0x00000007d0800000, 0x00000007d0800000|100%| O|  |TAMS 0x00000007d0800000, 0x00000007d0700000| Untracked 
|1240|0x00000007d0800000, 0x00000007d0900000, 0x00000007d0900000|100%| O|  |TAMS 0x00000007d0900000, 0x00000007d0800000| Untracked 
|1241|0x00000007d0900000, 0x00000007d0900000, 0x00000007d0a00000|  0%| F|  |TAMS 0x00000007d0900000, 0x00000007d0900000| Untracked 
|1242|0x00000007d0a00000, 0x00000007d0a00000, 0x00000007d0b00000|  0%| F|  |TAMS 0x00000007d0a00000, 0x00000007d0a00000| Untracked 
|1243|0x00000007d0b00000, 0x00000007d0b00000, 0x00000007d0c00000|  0%| F|  |TAMS 0x00000007d0b00000, 0x00000007d0b00000| Untracked 
|1244|0x00000007d0c00000, 0x00000007d0c00000, 0x00000007d0d00000|  0%| F|  |TAMS 0x00000007d0c00000, 0x00000007d0c00000| Untracked 
|1245|0x00000007d0d00000, 0x00000007d0d00000, 0x00000007d0e00000|  0%| F|  |TAMS 0x00000007d0d00000, 0x00000007d0d00000| Untracked 
|1246|0x00000007d0e00000, 0x00000007d0f00000, 0x00000007d0f00000|100%| O|  |TAMS 0x00000007d0f00000, 0x00000007d0e00000| Untracked 
|1247|0x00000007d0f00000, 0x00000007d0f00000, 0x00000007d1000000|  0%| F|  |TAMS 0x00000007d0f00000, 0x00000007d0f00000| Untracked 
|1248|0x00000007d1000000, 0x00000007d1100000, 0x00000007d1100000|100%| O|  |TAMS 0x00000007d1100000, 0x00000007d1000000| Untracked 
|1249|0x00000007d1100000, 0x00000007d1100000, 0x00000007d1200000|  0%| F|  |TAMS 0x00000007d1100000, 0x00000007d1100000| Untracked 
|1250|0x00000007d1200000, 0x00000007d1200000, 0x00000007d1300000|  0%| F|  |TAMS 0x00000007d1200000, 0x00000007d1200000| Untracked 
|1251|0x00000007d1300000, 0x00000007d1300000, 0x00000007d1400000|  0%| F|  |TAMS 0x00000007d1300000, 0x00000007d1300000| Untracked 
|1252|0x00000007d1400000, 0x00000007d1500000, 0x00000007d1500000|100%| O|  |TAMS 0x00000007d1500000, 0x00000007d1400000| Untracked 
|1253|0x00000007d1500000, 0x00000007d1500000, 0x00000007d1600000|  0%| F|  |TAMS 0x00000007d1500000, 0x00000007d1500000| Untracked 
|1254|0x00000007d1600000, 0x00000007d1700000, 0x00000007d1700000|100%| O|  |TAMS 0x00000007d1700000, 0x00000007d1600000| Untracked 
|1255|0x00000007d1700000, 0x00000007d1800000, 0x00000007d1800000|100%| O|  |TAMS 0x00000007d1800000, 0x00000007d1700000| Untracked 
|1256|0x00000007d1800000, 0x00000007d1900000, 0x00000007d1900000|100%| O|  |TAMS 0x00000007d1900000, 0x00000007d1800000| Untracked 
|1257|0x00000007d1900000, 0x00000007d1a00000, 0x00000007d1a00000|100%| O|  |TAMS 0x00000007d1a00000, 0x00000007d1900000| Untracked 
|1258|0x00000007d1a00000, 0x00000007d1b00000, 0x00000007d1b00000|100%| O|  |TAMS 0x00000007d1b00000, 0x00000007d1a00000| Untracked 
|1259|0x00000007d1b00000, 0x00000007d1c00000, 0x00000007d1c00000|100%| O|  |TAMS 0x00000007d1c00000, 0x00000007d1b00000| Untracked 
|1260|0x00000007d1c00000, 0x00000007d1c00000, 0x00000007d1d00000|  0%| F|  |TAMS 0x00000007d1c00000, 0x00000007d1c00000| Untracked 
|1261|0x00000007d1d00000, 0x00000007d1d00000, 0x00000007d1e00000|  0%| F|  |TAMS 0x00000007d1d00000, 0x00000007d1d00000| Untracked 
|1262|0x00000007d1e00000, 0x00000007d1e00000, 0x00000007d1f00000|  0%| F|  |TAMS 0x00000007d1e00000, 0x00000007d1e00000| Untracked 
|1263|0x00000007d1f00000, 0x00000007d1f00000, 0x00000007d2000000|  0%| F|  |TAMS 0x00000007d1f00000, 0x00000007d1f00000| Untracked 
|1264|0x00000007d2000000, 0x00000007d2000000, 0x00000007d2100000|  0%| F|  |TAMS 0x00000007d2000000, 0x00000007d2000000| Untracked 
|1265|0x00000007d2100000, 0x00000007d2100000, 0x00000007d2200000|  0%| F|  |TAMS 0x00000007d2100000, 0x00000007d2100000| Untracked 
|1266|0x00000007d2200000, 0x00000007d2200000, 0x00000007d2300000|  0%| F|  |TAMS 0x00000007d2200000, 0x00000007d2200000| Untracked 
|1267|0x00000007d2300000, 0x00000007d2300000, 0x00000007d2400000|  0%| F|  |TAMS 0x00000007d2300000, 0x00000007d2300000| Untracked 
|1268|0x00000007d2400000, 0x00000007d2400000, 0x00000007d2500000|  0%| F|  |TAMS 0x00000007d2400000, 0x00000007d2400000| Untracked 
|1269|0x00000007d2500000, 0x00000007d2500000, 0x00000007d2600000|  0%| F|  |TAMS 0x00000007d2500000, 0x00000007d2500000| Untracked 
|1270|0x00000007d2600000, 0x00000007d2600000, 0x00000007d2700000|  0%| F|  |TAMS 0x00000007d2600000, 0x00000007d2600000| Untracked 
|1271|0x00000007d2700000, 0x00000007d2800000, 0x00000007d2800000|100%| O|  |TAMS 0x00000007d2800000, 0x00000007d2700000| Untracked 
|1272|0x00000007d2800000, 0x00000007d2800000, 0x00000007d2900000|  0%| F|  |TAMS 0x00000007d2800000, 0x00000007d2800000| Untracked 
|1273|0x00000007d2900000, 0x00000007d2900000, 0x00000007d2a00000|  0%| F|  |TAMS 0x00000007d2900000, 0x00000007d2900000| Untracked 
|1274|0x00000007d2a00000, 0x00000007d2a00000, 0x00000007d2b00000|  0%| F|  |TAMS 0x00000007d2a00000, 0x00000007d2a00000| Untracked 
|1275|0x00000007d2b00000, 0x00000007d2b00000, 0x00000007d2c00000|  0%| F|  |TAMS 0x00000007d2b00000, 0x00000007d2b00000| Untracked 
|1276|0x00000007d2c00000, 0x00000007d2c00000, 0x00000007d2d00000|  0%| F|  |TAMS 0x00000007d2c00000, 0x00000007d2c00000| Untracked 
|1277|0x00000007d2d00000, 0x00000007d2e00000, 0x00000007d2e00000|100%| O|  |TAMS 0x00000007d2e00000, 0x00000007d2d00000| Untracked 
|1278|0x00000007d2e00000, 0x00000007d2f00000, 0x00000007d2f00000|100%| O|  |TAMS 0x00000007d2f00000, 0x00000007d2e00000| Untracked 
|1279|0x00000007d2f00000, 0x00000007d3000000, 0x00000007d3000000|100%| O|  |TAMS 0x00000007d3000000, 0x00000007d2f00000| Untracked 
|1280|0x00000007d3000000, 0x00000007d3100000, 0x00000007d3100000|100%| O|  |TAMS 0x00000007d3100000, 0x00000007d3000000| Untracked 
|1281|0x00000007d3100000, 0x00000007d3200000, 0x00000007d3200000|100%| O|  |TAMS 0x00000007d3200000, 0x00000007d3100000| Untracked 
|1282|0x00000007d3200000, 0x00000007d3300000, 0x00000007d3300000|100%| O|  |TAMS 0x00000007d3300000, 0x00000007d3200000| Untracked 
|1283|0x00000007d3300000, 0x00000007d3400000, 0x00000007d3400000|100%| O|  |TAMS 0x00000007d3400000, 0x00000007d3300000| Untracked 
|1284|0x00000007d3400000, 0x00000007d3400000, 0x00000007d3500000|  0%| F|  |TAMS 0x00000007d3400000, 0x00000007d3400000| Untracked 
|1285|0x00000007d3500000, 0x00000007d3600000, 0x00000007d3600000|100%| O|  |TAMS 0x00000007d3600000, 0x00000007d3500000| Untracked 
|1286|0x00000007d3600000, 0x00000007d3700000, 0x00000007d3700000|100%| O|  |TAMS 0x00000007d3700000, 0x00000007d3600000| Untracked 
|1287|0x00000007d3700000, 0x00000007d3800000, 0x00000007d3800000|100%| O|  |TAMS 0x00000007d3800000, 0x00000007d3700000| Untracked 
|1288|0x00000007d3800000, 0x00000007d3900000, 0x00000007d3900000|100%| O|  |TAMS 0x00000007d3900000, 0x00000007d3800000| Untracked 
|1289|0x00000007d3900000, 0x00000007d3a00000, 0x00000007d3a00000|100%| O|  |TAMS 0x00000007d3a00000, 0x00000007d3900000| Untracked 
|1290|0x00000007d3a00000, 0x00000007d3b00000, 0x00000007d3b00000|100%| O|  |TAMS 0x00000007d3b00000, 0x00000007d3a00000| Untracked 
|1291|0x00000007d3b00000, 0x00000007d3c00000, 0x00000007d3c00000|100%| O|  |TAMS 0x00000007d3c00000, 0x00000007d3b00000| Updating 
|1292|0x00000007d3c00000, 0x00000007d3c00000, 0x00000007d3d00000|  0%| F|  |TAMS 0x00000007d3c00000, 0x00000007d3c00000| Untracked 
|1293|0x00000007d3d00000, 0x00000007d3d00000, 0x00000007d3e00000|  0%| F|  |TAMS 0x00000007d3d00000, 0x00000007d3d00000| Untracked 
|1294|0x00000007d3e00000, 0x00000007d3e00000, 0x00000007d3f00000|  0%| F|  |TAMS 0x00000007d3e00000, 0x00000007d3e00000| Untracked 
|1295|0x00000007d3f00000, 0x00000007d3f00000, 0x00000007d4000000|  0%| F|  |TAMS 0x00000007d3f00000, 0x00000007d3f00000| Untracked 
|1296|0x00000007d4000000, 0x00000007d4000000, 0x00000007d4100000|  0%| F|  |TAMS 0x00000007d4000000, 0x00000007d4000000| Untracked 
|1297|0x00000007d4100000, 0x00000007d4100000, 0x00000007d4200000|  0%| F|  |TAMS 0x00000007d4100000, 0x00000007d4100000| Untracked 
|1298|0x00000007d4200000, 0x00000007d4200000, 0x00000007d4300000|  0%| F|  |TAMS 0x00000007d4200000, 0x00000007d4200000| Untracked 
|1299|0x00000007d4300000, 0x00000007d4300000, 0x00000007d4400000|  0%| F|  |TAMS 0x00000007d4300000, 0x00000007d4300000| Untracked 
|1300|0x00000007d4400000, 0x00000007d4400000, 0x00000007d4500000|  0%| F|  |TAMS 0x00000007d4400000, 0x00000007d4400000| Untracked 
|1301|0x00000007d4500000, 0x00000007d4500000, 0x00000007d4600000|  0%| F|  |TAMS 0x00000007d4500000, 0x00000007d4500000| Untracked 
|1302|0x00000007d4600000, 0x00000007d4700000, 0x00000007d4700000|100%| O|  |TAMS 0x00000007d4700000, 0x00000007d4600000| Untracked 
|1303|0x00000007d4700000, 0x00000007d4800000, 0x00000007d4800000|100%| O|  |TAMS 0x00000007d4800000, 0x00000007d4700000| Untracked 
|1304|0x00000007d4800000, 0x00000007d4900000, 0x00000007d4900000|100%| O|  |TAMS 0x00000007d4900000, 0x00000007d4800000| Untracked 
|1305|0x00000007d4900000, 0x00000007d4a00000, 0x00000007d4a00000|100%| O|  |TAMS 0x00000007d4a00000, 0x00000007d4900000| Untracked 
|1306|0x00000007d4a00000, 0x00000007d4b00000, 0x00000007d4b00000|100%| O|  |TAMS 0x00000007d4b00000, 0x00000007d4a00000| Untracked 
|1307|0x00000007d4b00000, 0x00000007d4c00000, 0x00000007d4c00000|100%| O|  |TAMS 0x00000007d4c00000, 0x00000007d4b00000| Untracked 
|1308|0x00000007d4c00000, 0x00000007d4d00000, 0x00000007d4d00000|100%| O|  |TAMS 0x00000007d4d00000, 0x00000007d4c00000| Untracked 
|1309|0x00000007d4d00000, 0x00000007d4e00000, 0x00000007d4e00000|100%| O|  |TAMS 0x00000007d4e00000, 0x00000007d4d00000| Untracked 
|1310|0x00000007d4e00000, 0x00000007d4f00000, 0x00000007d4f00000|100%| O|  |TAMS 0x00000007d4f00000, 0x00000007d4e00000| Untracked 
|1311|0x00000007d4f00000, 0x00000007d5000000, 0x00000007d5000000|100%| O|  |TAMS 0x00000007d5000000, 0x00000007d4f00000| Untracked 
|1312|0x00000007d5000000, 0x00000007d5100000, 0x00000007d5100000|100%| O|  |TAMS 0x00000007d5100000, 0x00000007d5000000| Untracked 
|1313|0x00000007d5100000, 0x00000007d5200000, 0x00000007d5200000|100%| O|  |TAMS 0x00000007d5200000, 0x00000007d5100000| Untracked 
|1314|0x00000007d5200000, 0x00000007d5300000, 0x00000007d5300000|100%| O|  |TAMS 0x00000007d5300000, 0x00000007d5200000| Untracked 
|1315|0x00000007d5300000, 0x00000007d5400000, 0x00000007d5400000|100%| O|  |TAMS 0x00000007d5400000, 0x00000007d5300000| Untracked 
|1316|0x00000007d5400000, 0x00000007d5500000, 0x00000007d5500000|100%| O|  |TAMS 0x00000007d5500000, 0x00000007d5400000| Untracked 
|1317|0x00000007d5500000, 0x00000007d5600000, 0x00000007d5600000|100%| O|  |TAMS 0x00000007d5600000, 0x00000007d5500000| Untracked 
|1318|0x00000007d5600000, 0x00000007d5700000, 0x00000007d5700000|100%| O|  |TAMS 0x00000007d5700000, 0x00000007d5600000| Untracked 
|1319|0x00000007d5700000, 0x00000007d5800000, 0x00000007d5800000|100%| O|  |TAMS 0x00000007d5800000, 0x00000007d5700000| Untracked 
|1320|0x00000007d5800000, 0x00000007d5800000, 0x00000007d5900000|  0%| F|  |TAMS 0x00000007d5800000, 0x00000007d5800000| Untracked 
|1321|0x00000007d5900000, 0x00000007d5900000, 0x00000007d5a00000|  0%| F|  |TAMS 0x00000007d5900000, 0x00000007d5900000| Untracked 
|1322|0x00000007d5a00000, 0x00000007d5a00000, 0x00000007d5b00000|  0%| F|  |TAMS 0x00000007d5a00000, 0x00000007d5a00000| Untracked 
|1323|0x00000007d5b00000, 0x00000007d5b00000, 0x00000007d5c00000|  0%| F|  |TAMS 0x00000007d5b00000, 0x00000007d5b00000| Untracked 
|1324|0x00000007d5c00000, 0x00000007d5d00000, 0x00000007d5d00000|100%| O|  |TAMS 0x00000007d5d00000, 0x00000007d5c00000| Updating 
|1325|0x00000007d5d00000, 0x00000007d5d00000, 0x00000007d5e00000|  0%| F|  |TAMS 0x00000007d5d00000, 0x00000007d5d00000| Untracked 
|1326|0x00000007d5e00000, 0x00000007d5e00000, 0x00000007d5f00000|  0%| F|  |TAMS 0x00000007d5e00000, 0x00000007d5e00000| Untracked 
|1327|0x00000007d5f00000, 0x00000007d5f00000, 0x00000007d6000000|  0%| F|  |TAMS 0x00000007d5f00000, 0x00000007d5f00000| Untracked 
|1328|0x00000007d6000000, 0x00000007d6000000, 0x00000007d6100000|  0%| F|  |TAMS 0x00000007d6000000, 0x00000007d6000000| Untracked 
|1329|0x00000007d6100000, 0x00000007d6100000, 0x00000007d6200000|  0%| F|  |TAMS 0x00000007d6100000, 0x00000007d6100000| Untracked 
|1330|0x00000007d6200000, 0x00000007d6200000, 0x00000007d6300000|  0%| F|  |TAMS 0x00000007d6200000, 0x00000007d6200000| Untracked 
|1331|0x00000007d6300000, 0x00000007d6300000, 0x00000007d6400000|  0%| F|  |TAMS 0x00000007d6300000, 0x00000007d6300000| Untracked 
|1332|0x00000007d6400000, 0x00000007d6400000, 0x00000007d6500000|  0%| F|  |TAMS 0x00000007d6400000, 0x00000007d6400000| Untracked 
|1333|0x00000007d6500000, 0x00000007d6500000, 0x00000007d6600000|  0%| F|  |TAMS 0x00000007d6500000, 0x00000007d6500000| Untracked 
|1334|0x00000007d6600000, 0x00000007d6600000, 0x00000007d6700000|  0%| F|  |TAMS 0x00000007d6600000, 0x00000007d6600000| Untracked 
|1335|0x00000007d6700000, 0x00000007d6800000, 0x00000007d6800000|100%| O|  |TAMS 0x00000007d6800000, 0x00000007d6700000| Untracked 
|1336|0x00000007d6800000, 0x00000007d6800000, 0x00000007d6900000|  0%| F|  |TAMS 0x00000007d6800000, 0x00000007d6800000| Untracked 
|1337|0x00000007d6900000, 0x00000007d6900000, 0x00000007d6a00000|  0%| F|  |TAMS 0x00000007d6900000, 0x00000007d6900000| Untracked 
|1338|0x00000007d6a00000, 0x00000007d6a00000, 0x00000007d6b00000|  0%| F|  |TAMS 0x00000007d6a00000, 0x00000007d6a00000| Untracked 
|1339|0x00000007d6b00000, 0x00000007d6b00000, 0x00000007d6c00000|  0%| F|  |TAMS 0x00000007d6b00000, 0x00000007d6b00000| Untracked 
|1340|0x00000007d6c00000, 0x00000007d6c00000, 0x00000007d6d00000|  0%| F|  |TAMS 0x00000007d6c00000, 0x00000007d6c00000| Untracked 
|1341|0x00000007d6d00000, 0x00000007d6d00000, 0x00000007d6e00000|  0%| F|  |TAMS 0x00000007d6d00000, 0x00000007d6d00000| Untracked 
|1342|0x00000007d6e00000, 0x00000007d6e00000, 0x00000007d6f00000|  0%| F|  |TAMS 0x00000007d6e00000, 0x00000007d6e00000| Untracked 
|1343|0x00000007d6f00000, 0x00000007d6f00000, 0x00000007d7000000|  0%| F|  |TAMS 0x00000007d6f00000, 0x00000007d6f00000| Untracked 
|1344|0x00000007d7000000, 0x00000007d7000000, 0x00000007d7100000|  0%| F|  |TAMS 0x00000007d7000000, 0x00000007d7000000| Untracked 
|1345|0x00000007d7100000, 0x00000007d7100000, 0x00000007d7200000|  0%| F|  |TAMS 0x00000007d7100000, 0x00000007d7100000| Untracked 
|1346|0x00000007d7200000, 0x00000007d7200000, 0x00000007d7300000|  0%| F|  |TAMS 0x00000007d7200000, 0x00000007d7200000| Untracked 
|1347|0x00000007d7300000, 0x00000007d7400000, 0x00000007d7400000|100%| O|  |TAMS 0x00000007d7400000, 0x00000007d7300000| Updating 
|1348|0x00000007d7400000, 0x00000007d7500000, 0x00000007d7500000|100%| O|  |TAMS 0x00000007d7500000, 0x00000007d7400000| Updating 
|1349|0x00000007d7500000, 0x00000007d7600000, 0x00000007d7600000|100%| O|  |TAMS 0x00000007d7600000, 0x00000007d7500000| Updating 
|1350|0x00000007d7600000, 0x00000007d7700000, 0x00000007d7700000|100%| O|  |TAMS 0x00000007d7700000, 0x00000007d7600000| Updating 
|1351|0x00000007d7700000, 0x00000007d7700000, 0x00000007d7800000|  0%| F|  |TAMS 0x00000007d7700000, 0x00000007d7700000| Untracked 
|1352|0x00000007d7800000, 0x00000007d7800000, 0x00000007d7900000|  0%| F|  |TAMS 0x00000007d7800000, 0x00000007d7800000| Untracked 
|1353|0x00000007d7900000, 0x00000007d7900000, 0x00000007d7a00000|  0%| F|  |TAMS 0x00000007d7900000, 0x00000007d7900000| Untracked 
|1354|0x00000007d7a00000, 0x00000007d7a00000, 0x00000007d7b00000|  0%| F|  |TAMS 0x00000007d7a00000, 0x00000007d7a00000| Untracked 
|1355|0x00000007d7b00000, 0x00000007d7c00000, 0x00000007d7c00000|100%| O|  |TAMS 0x00000007d7c00000, 0x00000007d7b00000| Updating 
|1356|0x00000007d7c00000, 0x00000007d7d00000, 0x00000007d7d00000|100%| O|  |TAMS 0x00000007d7d00000, 0x00000007d7c00000| Updating 
|1357|0x00000007d7d00000, 0x00000007d7e00000, 0x00000007d7e00000|100%| O|  |TAMS 0x00000007d7e00000, 0x00000007d7d00000| Updating 
|1358|0x00000007d7e00000, 0x00000007d7e00000, 0x00000007d7f00000|  0%| F|  |TAMS 0x00000007d7e00000, 0x00000007d7e00000| Untracked 
|1359|0x00000007d7f00000, 0x00000007d7f00000, 0x00000007d8000000|  0%| F|  |TAMS 0x00000007d7f00000, 0x00000007d7f00000| Untracked 
|1360|0x00000007d8000000, 0x00000007d8000000, 0x00000007d8100000|  0%| F|  |TAMS 0x00000007d8000000, 0x00000007d8000000| Untracked 
|1361|0x00000007d8100000, 0x00000007d8100000, 0x00000007d8200000|  0%| F|  |TAMS 0x00000007d8100000, 0x00000007d8100000| Untracked 
|1362|0x00000007d8200000, 0x00000007d8300000, 0x00000007d8300000|100%| O|  |TAMS 0x00000007d8300000, 0x00000007d8200000| Updating 
|1363|0x00000007d8300000, 0x00000007d8400000, 0x00000007d8400000|100%| O|  |TAMS 0x00000007d8400000, 0x00000007d8300000| Updating 
|1364|0x00000007d8400000, 0x00000007d8500000, 0x00000007d8500000|100%| O|  |TAMS 0x00000007d8500000, 0x00000007d8400000| Updating 
|1365|0x00000007d8500000, 0x00000007d8500000, 0x00000007d8600000|  0%| F|  |TAMS 0x00000007d8500000, 0x00000007d8500000| Untracked 
|1366|0x00000007d8600000, 0x00000007d8600000, 0x00000007d8700000|  0%| F|  |TAMS 0x00000007d8600000, 0x00000007d8600000| Untracked 
|1367|0x00000007d8700000, 0x00000007d8800000, 0x00000007d8800000|100%| O|  |TAMS 0x00000007d8800000, 0x00000007d8700000| Updating 
|1368|0x00000007d8800000, 0x00000007d8900000, 0x00000007d8900000|100%| O|  |TAMS 0x00000007d8900000, 0x00000007d8800000| Updating 
|1369|0x00000007d8900000, 0x00000007d8900000, 0x00000007d8a00000|  0%| F|  |TAMS 0x00000007d8900000, 0x00000007d8900000| Untracked 
|1370|0x00000007d8a00000, 0x00000007d8b00000, 0x00000007d8b00000|100%| O|  |TAMS 0x00000007d8b00000, 0x00000007d8a00000| Updating 
|1371|0x00000007d8b00000, 0x00000007d8c00000, 0x00000007d8c00000|100%| O|  |TAMS 0x00000007d8c00000, 0x00000007d8b00000| Updating 
|1372|0x00000007d8c00000, 0x00000007d8d00000, 0x00000007d8d00000|100%| O|  |TAMS 0x00000007d8d00000, 0x00000007d8c00000| Updating 
|1373|0x00000007d8d00000, 0x00000007d8d00000, 0x00000007d8e00000|  0%| F|  |TAMS 0x00000007d8d00000, 0x00000007d8d00000| Untracked 
|1374|0x00000007d8e00000, 0x00000007d8e00000, 0x00000007d8f00000|  0%| F|  |TAMS 0x00000007d8e00000, 0x00000007d8e00000| Untracked 
|1375|0x00000007d8f00000, 0x00000007d9000000, 0x00000007d9000000|100%| O|  |TAMS 0x00000007d9000000, 0x00000007d8f00000| Updating 
|1376|0x00000007d9000000, 0x00000007d9100000, 0x00000007d9100000|100%| O|  |TAMS 0x00000007d9100000, 0x00000007d9000000| Updating 
|1377|0x00000007d9100000, 0x00000007d9200000, 0x00000007d9200000|100%| O|  |TAMS 0x00000007d9200000, 0x00000007d9100000| Updating 
|1378|0x00000007d9200000, 0x00000007d9300000, 0x00000007d9300000|100%| O|  |TAMS 0x00000007d9300000, 0x00000007d9200000| Updating 
|1379|0x00000007d9300000, 0x00000007d9400000, 0x00000007d9400000|100%| O|  |TAMS 0x00000007d9400000, 0x00000007d9300000| Updating 
|1380|0x00000007d9400000, 0x00000007d9500000, 0x00000007d9500000|100%| O|  |TAMS 0x00000007d9500000, 0x00000007d9400000| Updating 
|1381|0x00000007d9500000, 0x00000007d9600000, 0x00000007d9600000|100%| O|  |TAMS 0x00000007d9600000, 0x00000007d9500000| Updating 
|1382|0x00000007d9600000, 0x00000007d9600000, 0x00000007d9700000|  0%| F|  |TAMS 0x00000007d9600000, 0x00000007d9600000| Untracked 
|1383|0x00000007d9700000, 0x00000007d9700000, 0x00000007d9800000|  0%| F|  |TAMS 0x00000007d9700000, 0x00000007d9700000| Untracked 
|1384|0x00000007d9800000, 0x00000007d9800000, 0x00000007d9900000|  0%| F|  |TAMS 0x00000007d9800000, 0x00000007d9800000| Untracked 
|1385|0x00000007d9900000, 0x00000007d9a00000, 0x00000007d9a00000|100%| O|  |TAMS 0x00000007d9a00000, 0x00000007d9900000| Updating 
|1386|0x00000007d9a00000, 0x00000007d9b00000, 0x00000007d9b00000|100%| O|  |TAMS 0x00000007d9b00000, 0x00000007d9a00000| Updating 
|1387|0x00000007d9b00000, 0x00000007d9b00000, 0x00000007d9c00000|  0%| F|  |TAMS 0x00000007d9b00000, 0x00000007d9b00000| Untracked 
|1388|0x00000007d9c00000, 0x00000007d9c00000, 0x00000007d9d00000|  0%| F|  |TAMS 0x00000007d9c00000, 0x00000007d9c00000| Untracked 
|1389|0x00000007d9d00000, 0x00000007d9d00000, 0x00000007d9e00000|  0%| F|  |TAMS 0x00000007d9d00000, 0x00000007d9d00000| Untracked 
|1390|0x00000007d9e00000, 0x00000007d9e00000, 0x00000007d9f00000|  0%| F|  |TAMS 0x00000007d9e00000, 0x00000007d9e00000| Untracked 
|1391|0x00000007d9f00000, 0x00000007d9f00000, 0x00000007da000000|  0%| F|  |TAMS 0x00000007d9f00000, 0x00000007d9f00000| Untracked 
|1392|0x00000007da000000, 0x00000007da100000, 0x00000007da100000|100%| O|  |TAMS 0x00000007da100000, 0x00000007da000000| Updating 
|1393|0x00000007da100000, 0x00000007da200000, 0x00000007da200000|100%| O|  |TAMS 0x00000007da200000, 0x00000007da100000| Updating 
|1394|0x00000007da200000, 0x00000007da200000, 0x00000007da300000|  0%| F|  |TAMS 0x00000007da200000, 0x00000007da200000| Untracked 
|1395|0x00000007da300000, 0x00000007da300000, 0x00000007da400000|  0%| F|  |TAMS 0x00000007da300000, 0x00000007da300000| Untracked 
|1396|0x00000007da400000, 0x00000007da400000, 0x00000007da500000|  0%| F|  |TAMS 0x00000007da400000, 0x00000007da400000| Untracked 
|1397|0x00000007da500000, 0x00000007da500000, 0x00000007da600000|  0%| F|  |TAMS 0x00000007da500000, 0x00000007da500000| Untracked 
|1398|0x00000007da600000, 0x00000007da600000, 0x00000007da700000|  0%| F|  |TAMS 0x00000007da600000, 0x00000007da600000| Untracked 
|1399|0x00000007da700000, 0x00000007da700000, 0x00000007da800000|  0%| F|  |TAMS 0x00000007da700000, 0x00000007da700000| Untracked 
|1400|0x00000007da800000, 0x00000007da800000, 0x00000007da900000|  0%| F|  |TAMS 0x00000007da800000, 0x00000007da800000| Untracked 
|1401|0x00000007da900000, 0x00000007da900000, 0x00000007daa00000|  0%| F|  |TAMS 0x00000007da900000, 0x00000007da900000| Untracked 
|1402|0x00000007daa00000, 0x00000007dab00000, 0x00000007dab00000|100%| O|  |TAMS 0x00000007dab00000, 0x00000007daa00000| Updating 
|1403|0x00000007dab00000, 0x00000007dac00000, 0x00000007dac00000|100%| O|  |TAMS 0x00000007dac00000, 0x00000007dab00000| Updating 
|1404|0x00000007dac00000, 0x00000007dad00000, 0x00000007dad00000|100%| O|  |TAMS 0x00000007dad00000, 0x00000007dac00000| Updating 
|1405|0x00000007dad00000, 0x00000007dad00000, 0x00000007dae00000|  0%| F|  |TAMS 0x00000007dad00000, 0x00000007dad00000| Untracked 
|1406|0x00000007dae00000, 0x00000007dae00000, 0x00000007daf00000|  0%| F|  |TAMS 0x00000007dae00000, 0x00000007dae00000| Untracked 
|1407|0x00000007daf00000, 0x00000007daf00000, 0x00000007db000000|  0%| F|  |TAMS 0x00000007daf00000, 0x00000007daf00000| Untracked 
|1408|0x00000007db000000, 0x00000007db100000, 0x00000007db100000|100%| O|  |TAMS 0x00000007db100000, 0x00000007db000000| Updating 
|1409|0x00000007db100000, 0x00000007db100000, 0x00000007db200000|  0%| F|  |TAMS 0x00000007db100000, 0x00000007db100000| Untracked 
|1410|0x00000007db200000, 0x00000007db200000, 0x00000007db300000|  0%| F|  |TAMS 0x00000007db200000, 0x00000007db200000| Untracked 
|1411|0x00000007db300000, 0x00000007db300000, 0x00000007db400000|  0%| F|  |TAMS 0x00000007db300000, 0x00000007db300000| Untracked 
|1412|0x00000007db400000, 0x00000007db400000, 0x00000007db500000|  0%| F|  |TAMS 0x00000007db400000, 0x00000007db400000| Untracked 
|1413|0x00000007db500000, 0x00000007db500000, 0x00000007db600000|  0%| F|  |TAMS 0x00000007db500000, 0x00000007db500000| Untracked 
|1414|0x00000007db600000, 0x00000007db700000, 0x00000007db700000|100%| O|  |TAMS 0x00000007db700000, 0x00000007db600000| Updating 
|1415|0x00000007db700000, 0x00000007db800000, 0x00000007db800000|100%| O|  |TAMS 0x00000007db800000, 0x00000007db700000| Updating 
|1416|0x00000007db800000, 0x00000007db800000, 0x00000007db900000|  0%| F|  |TAMS 0x00000007db800000, 0x00000007db800000| Untracked 
|1417|0x00000007db900000, 0x00000007dba00000, 0x00000007dba00000|100%| O|  |TAMS 0x00000007dba00000, 0x00000007db900000| Updating 
|1418|0x00000007dba00000, 0x00000007dba00000, 0x00000007dbb00000|  0%| F|  |TAMS 0x00000007dba00000, 0x00000007dba00000| Untracked 
|1419|0x00000007dbb00000, 0x00000007dbb00000, 0x00000007dbc00000|  0%| F|  |TAMS 0x00000007dbb00000, 0x00000007dbb00000| Untracked 
|1420|0x00000007dbc00000, 0x00000007dbc00000, 0x00000007dbd00000|  0%| F|  |TAMS 0x00000007dbc00000, 0x00000007dbc00000| Untracked 
|1421|0x00000007dbd00000, 0x00000007dbd00000, 0x00000007dbe00000|  0%| F|  |TAMS 0x00000007dbd00000, 0x00000007dbd00000| Untracked 
|1422|0x00000007dbe00000, 0x00000007dbe00000, 0x00000007dbf00000|  0%| F|  |TAMS 0x00000007dbe00000, 0x00000007dbe00000| Untracked 
|1423|0x00000007dbf00000, 0x00000007dc000000, 0x00000007dc000000|100%| O|  |TAMS 0x00000007dc000000, 0x00000007dbf00000| Updating 
|1424|0x00000007dc000000, 0x00000007dc000000, 0x00000007dc100000|  0%| F|  |TAMS 0x00000007dc000000, 0x00000007dc000000| Untracked 
|1425|0x00000007dc100000, 0x00000007dc100000, 0x00000007dc200000|  0%| F|  |TAMS 0x00000007dc100000, 0x00000007dc100000| Untracked 
|1426|0x00000007dc200000, 0x00000007dc200000, 0x00000007dc300000|  0%| F|  |TAMS 0x00000007dc200000, 0x00000007dc200000| Untracked 
|1427|0x00000007dc300000, 0x00000007dc300000, 0x00000007dc400000|  0%| F|  |TAMS 0x00000007dc300000, 0x00000007dc300000| Untracked 
|1428|0x00000007dc400000, 0x00000007dc400000, 0x00000007dc500000|  0%| F|  |TAMS 0x00000007dc400000, 0x00000007dc400000| Untracked 
|1429|0x00000007dc500000, 0x00000007dc500000, 0x00000007dc600000|  0%| F|  |TAMS 0x00000007dc500000, 0x00000007dc500000| Untracked 
|1430|0x00000007dc600000, 0x00000007dc600000, 0x00000007dc700000|  0%| F|  |TAMS 0x00000007dc600000, 0x00000007dc600000| Untracked 
|1431|0x00000007dc700000, 0x00000007dc700000, 0x00000007dc800000|  0%| F|  |TAMS 0x00000007dc700000, 0x00000007dc700000| Untracked 
|1432|0x00000007dc800000, 0x00000007dc800000, 0x00000007dc900000|  0%| F|  |TAMS 0x00000007dc800000, 0x00000007dc800000| Untracked 
|1433|0x00000007dc900000, 0x00000007dc900000, 0x00000007dca00000|  0%| F|  |TAMS 0x00000007dc900000, 0x00000007dc900000| Untracked 
|1434|0x00000007dca00000, 0x00000007dcb00000, 0x00000007dcb00000|100%| O|  |TAMS 0x00000007dcb00000, 0x00000007dca00000| Updating 
|1435|0x00000007dcb00000, 0x00000007dcb00000, 0x00000007dcc00000|  0%| F|  |TAMS 0x00000007dcb00000, 0x00000007dcb00000| Untracked 
|1436|0x00000007dcc00000, 0x00000007dcc00000, 0x00000007dcd00000|  0%| F|  |TAMS 0x00000007dcc00000, 0x00000007dcc00000| Untracked 
|1437|0x00000007dcd00000, 0x00000007dcd00000, 0x00000007dce00000|  0%| F|  |TAMS 0x00000007dcd00000, 0x00000007dcd00000| Untracked 
|1438|0x00000007dce00000, 0x00000007dce00000, 0x00000007dcf00000|  0%| F|  |TAMS 0x00000007dce00000, 0x00000007dce00000| Untracked 
|1439|0x00000007dcf00000, 0x00000007dcf00000, 0x00000007dd000000|  0%| F|  |TAMS 0x00000007dcf00000, 0x00000007dcf00000| Untracked 
|1440|0x00000007dd000000, 0x00000007dd000000, 0x00000007dd100000|  0%| F|  |TAMS 0x00000007dd000000, 0x00000007dd000000| Untracked 
|1441|0x00000007dd100000, 0x00000007dd100000, 0x00000007dd200000|  0%| F|  |TAMS 0x00000007dd100000, 0x00000007dd100000| Untracked 
|1442|0x00000007dd200000, 0x00000007dd200000, 0x00000007dd300000|  0%| F|  |TAMS 0x00000007dd200000, 0x00000007dd200000| Untracked 
|1443|0x00000007dd300000, 0x00000007dd300000, 0x00000007dd400000|  0%| F|  |TAMS 0x00000007dd300000, 0x00000007dd300000| Untracked 
|1444|0x00000007dd400000, 0x00000007dd400000, 0x00000007dd500000|  0%| F|  |TAMS 0x00000007dd400000, 0x00000007dd400000| Untracked 
|1445|0x00000007dd500000, 0x00000007dd500000, 0x00000007dd600000|  0%| F|  |TAMS 0x00000007dd500000, 0x00000007dd500000| Untracked 
|1446|0x00000007dd600000, 0x00000007dd600000, 0x00000007dd700000|  0%| F|  |TAMS 0x00000007dd600000, 0x00000007dd600000| Untracked 
|1447|0x00000007dd700000, 0x00000007dd700000, 0x00000007dd800000|  0%| F|  |TAMS 0x00000007dd700000, 0x00000007dd700000| Untracked 
|1448|0x00000007dd800000, 0x00000007dd800000, 0x00000007dd900000|  0%| F|  |TAMS 0x00000007dd800000, 0x00000007dd800000| Untracked 
|1449|0x00000007dd900000, 0x00000007dd900000, 0x00000007dda00000|  0%| F|  |TAMS 0x00000007dd900000, 0x00000007dd900000| Untracked 
|1450|0x00000007dda00000, 0x00000007dda00000, 0x00000007ddb00000|  0%| F|  |TAMS 0x00000007dda00000, 0x00000007dda00000| Untracked 
|1451|0x00000007ddb00000, 0x00000007ddb00000, 0x00000007ddc00000|  0%| F|  |TAMS 0x00000007ddb00000, 0x00000007ddb00000| Untracked 
|1452|0x00000007ddc00000, 0x00000007ddc00000, 0x00000007ddd00000|  0%| F|  |TAMS 0x00000007ddc00000, 0x00000007ddc00000| Untracked 
|1453|0x00000007ddd00000, 0x00000007ddd00000, 0x00000007dde00000|  0%| F|  |TAMS 0x00000007ddd00000, 0x00000007ddd00000| Untracked 
|1454|0x00000007dde00000, 0x00000007dde00000, 0x00000007ddf00000|  0%| F|  |TAMS 0x00000007dde00000, 0x00000007dde00000| Untracked 
|1455|0x00000007ddf00000, 0x00000007ddf00000, 0x00000007de000000|  0%| F|  |TAMS 0x00000007ddf00000, 0x00000007ddf00000| Untracked 
|1456|0x00000007de000000, 0x00000007de000000, 0x00000007de100000|  0%| F|  |TAMS 0x00000007de000000, 0x00000007de000000| Untracked 
|1457|0x00000007de100000, 0x00000007de100000, 0x00000007de200000|  0%| F|  |TAMS 0x00000007de100000, 0x00000007de100000| Untracked 
|1458|0x00000007de200000, 0x00000007de200000, 0x00000007de300000|  0%| F|  |TAMS 0x00000007de200000, 0x00000007de200000| Untracked 
|1459|0x00000007de300000, 0x00000007de300000, 0x00000007de400000|  0%| F|  |TAMS 0x00000007de300000, 0x00000007de300000| Untracked 
|1460|0x00000007de400000, 0x00000007de400000, 0x00000007de500000|  0%| F|  |TAMS 0x00000007de400000, 0x00000007de400000| Untracked 
|1461|0x00000007de500000, 0x00000007de500000, 0x00000007de600000|  0%| F|  |TAMS 0x00000007de500000, 0x00000007de500000| Untracked 
|1462|0x00000007de600000, 0x00000007de600000, 0x00000007de700000|  0%| F|  |TAMS 0x00000007de600000, 0x00000007de600000| Untracked 
|1463|0x00000007de700000, 0x00000007de700000, 0x00000007de800000|  0%| F|  |TAMS 0x00000007de700000, 0x00000007de700000| Untracked 
|1464|0x00000007de800000, 0x00000007de800000, 0x00000007de900000|  0%| F|  |TAMS 0x00000007de800000, 0x00000007de800000| Untracked 
|1465|0x00000007de900000, 0x00000007de900000, 0x00000007dea00000|  0%| F|  |TAMS 0x00000007de900000, 0x00000007de900000| Untracked 
|1466|0x00000007dea00000, 0x00000007dea00000, 0x00000007deb00000|  0%| F|  |TAMS 0x00000007dea00000, 0x00000007dea00000| Untracked 
|1467|0x00000007deb00000, 0x00000007deb00000, 0x00000007dec00000|  0%| F|  |TAMS 0x00000007deb00000, 0x00000007deb00000| Untracked 
|1468|0x00000007dec00000, 0x00000007dec00000, 0x00000007ded00000|  0%| F|  |TAMS 0x00000007dec00000, 0x00000007dec00000| Untracked 
|1469|0x00000007ded00000, 0x00000007ded00000, 0x00000007dee00000|  0%| F|  |TAMS 0x00000007ded00000, 0x00000007ded00000| Untracked 
|1470|0x00000007dee00000, 0x00000007dee00000, 0x00000007def00000|  0%| F|  |TAMS 0x00000007dee00000, 0x00000007dee00000| Untracked 
|1471|0x00000007def00000, 0x00000007def00000, 0x00000007df000000|  0%| F|  |TAMS 0x00000007def00000, 0x00000007def00000| Untracked 
|1472|0x00000007df000000, 0x00000007df000000, 0x00000007df100000|  0%| F|  |TAMS 0x00000007df000000, 0x00000007df000000| Untracked 
|1473|0x00000007df100000, 0x00000007df100000, 0x00000007df200000|  0%| F|  |TAMS 0x00000007df100000, 0x00000007df100000| Untracked 
|1474|0x00000007df200000, 0x00000007df200000, 0x00000007df300000|  0%| F|  |TAMS 0x00000007df200000, 0x00000007df200000| Untracked 
|1475|0x00000007df300000, 0x00000007df300000, 0x00000007df400000|  0%| F|  |TAMS 0x00000007df300000, 0x00000007df300000| Untracked 
|1476|0x00000007df400000, 0x00000007df400000, 0x00000007df500000|  0%| F|  |TAMS 0x00000007df400000, 0x00000007df400000| Untracked 
|1477|0x00000007df500000, 0x00000007df500000, 0x00000007df600000|  0%| F|  |TAMS 0x00000007df500000, 0x00000007df500000| Untracked 
|1478|0x00000007df600000, 0x00000007df600000, 0x00000007df700000|  0%| F|  |TAMS 0x00000007df600000, 0x00000007df600000| Untracked 
|1479|0x00000007df700000, 0x00000007df700000, 0x00000007df800000|  0%| F|  |TAMS 0x00000007df700000, 0x00000007df700000| Untracked 
|1480|0x00000007df800000, 0x00000007df800000, 0x00000007df900000|  0%| F|  |TAMS 0x00000007df800000, 0x00000007df800000| Untracked 
|1481|0x00000007df900000, 0x00000007df900000, 0x00000007dfa00000|  0%| F|  |TAMS 0x00000007df900000, 0x00000007df900000| Untracked 
|1482|0x00000007dfa00000, 0x00000007dfa00000, 0x00000007dfb00000|  0%| F|  |TAMS 0x00000007dfa00000, 0x00000007dfa00000| Untracked 
|1483|0x00000007dfb00000, 0x00000007dfb00000, 0x00000007dfc00000|  0%| F|  |TAMS 0x00000007dfb00000, 0x00000007dfb00000| Untracked 
|1484|0x00000007dfc00000, 0x00000007dfc00000, 0x00000007dfd00000|  0%| F|  |TAMS 0x00000007dfc00000, 0x00000007dfc00000| Untracked 
|1485|0x00000007dfd00000, 0x00000007dfd00000, 0x00000007dfe00000|  0%| F|  |TAMS 0x00000007dfd00000, 0x00000007dfd00000| Untracked 
|1486|0x00000007dfe00000, 0x00000007dfe00000, 0x00000007dff00000|  0%| F|  |TAMS 0x00000007dfe00000, 0x00000007dfe00000| Untracked 
|1487|0x00000007dff00000, 0x00000007dff00000, 0x00000007e0000000|  0%| F|  |TAMS 0x00000007dff00000, 0x00000007dff00000| Untracked 
|1488|0x00000007e0000000, 0x00000007e0000000, 0x00000007e0100000|  0%| F|  |TAMS 0x00000007e0000000, 0x00000007e0000000| Untracked 
|1489|0x00000007e0100000, 0x00000007e0100000, 0x00000007e0200000|  0%| F|  |TAMS 0x00000007e0100000, 0x00000007e0100000| Untracked 
|1490|0x00000007e0200000, 0x00000007e0200000, 0x00000007e0300000|  0%| F|  |TAMS 0x00000007e0200000, 0x00000007e0200000| Untracked 
|1491|0x00000007e0300000, 0x00000007e0300000, 0x00000007e0400000|  0%| F|  |TAMS 0x00000007e0300000, 0x00000007e0300000| Untracked 
|1492|0x00000007e0400000, 0x00000007e0400000, 0x00000007e0500000|  0%| F|  |TAMS 0x00000007e0400000, 0x00000007e0400000| Untracked 
|1493|0x00000007e0500000, 0x00000007e0500000, 0x00000007e0600000|  0%| F|  |TAMS 0x00000007e0500000, 0x00000007e0500000| Untracked 
|1494|0x00000007e0600000, 0x00000007e0600000, 0x00000007e0700000|  0%| F|  |TAMS 0x00000007e0600000, 0x00000007e0600000| Untracked 
|1495|0x00000007e0700000, 0x00000007e0700000, 0x00000007e0800000|  0%| F|  |TAMS 0x00000007e0700000, 0x00000007e0700000| Untracked 
|1496|0x00000007e0800000, 0x00000007e0800000, 0x00000007e0900000|  0%| F|  |TAMS 0x00000007e0800000, 0x00000007e0800000| Untracked 
|1497|0x00000007e0900000, 0x00000007e0900000, 0x00000007e0a00000|  0%| F|  |TAMS 0x00000007e0900000, 0x00000007e0900000| Untracked 
|1498|0x00000007e0a00000, 0x00000007e0a00000, 0x00000007e0b00000|  0%| F|  |TAMS 0x00000007e0a00000, 0x00000007e0a00000| Untracked 
|1499|0x00000007e0b00000, 0x00000007e0b00000, 0x00000007e0c00000|  0%| F|  |TAMS 0x00000007e0b00000, 0x00000007e0b00000| Untracked 
|1500|0x00000007e0c00000, 0x00000007e0c00000, 0x00000007e0d00000|  0%| F|  |TAMS 0x00000007e0c00000, 0x00000007e0c00000| Untracked 
|1501|0x00000007e0d00000, 0x00000007e0d00000, 0x00000007e0e00000|  0%| F|  |TAMS 0x00000007e0d00000, 0x00000007e0d00000| Untracked 
|1502|0x00000007e0e00000, 0x00000007e0e00000, 0x00000007e0f00000|  0%| F|  |TAMS 0x00000007e0e00000, 0x00000007e0e00000| Untracked 
|1503|0x00000007e0f00000, 0x00000007e0f00000, 0x00000007e1000000|  0%| F|  |TAMS 0x00000007e0f00000, 0x00000007e0f00000| Untracked 
|1504|0x00000007e1000000, 0x00000007e1000000, 0x00000007e1100000|  0%| F|  |TAMS 0x00000007e1000000, 0x00000007e1000000| Untracked 
|1505|0x00000007e1100000, 0x00000007e1100000, 0x00000007e1200000|  0%| F|  |TAMS 0x00000007e1100000, 0x00000007e1100000| Untracked 
|1506|0x00000007e1200000, 0x00000007e1200000, 0x00000007e1300000|  0%| F|  |TAMS 0x00000007e1200000, 0x00000007e1200000| Untracked 
|1507|0x00000007e1300000, 0x00000007e1300000, 0x00000007e1400000|  0%| F|  |TAMS 0x00000007e1300000, 0x00000007e1300000| Untracked 
|1508|0x00000007e1400000, 0x00000007e1400000, 0x00000007e1500000|  0%| F|  |TAMS 0x00000007e1400000, 0x00000007e1400000| Untracked 
|1509|0x00000007e1500000, 0x00000007e1500000, 0x00000007e1600000|  0%| F|  |TAMS 0x00000007e1500000, 0x00000007e1500000| Untracked 
|1510|0x00000007e1600000, 0x00000007e1600000, 0x00000007e1700000|  0%| F|  |TAMS 0x00000007e1600000, 0x00000007e1600000| Untracked 
|1511|0x00000007e1700000, 0x00000007e1700000, 0x00000007e1800000|  0%| F|  |TAMS 0x00000007e1700000, 0x00000007e1700000| Untracked 
|1512|0x00000007e1800000, 0x00000007e1800000, 0x00000007e1900000|  0%| F|  |TAMS 0x00000007e1800000, 0x00000007e1800000| Untracked 
|1513|0x00000007e1900000, 0x00000007e1900000, 0x00000007e1a00000|  0%| F|  |TAMS 0x00000007e1900000, 0x00000007e1900000| Untracked 
|1514|0x00000007e1a00000, 0x00000007e1a00000, 0x00000007e1b00000|  0%| F|  |TAMS 0x00000007e1a00000, 0x00000007e1a00000| Untracked 
|1515|0x00000007e1b00000, 0x00000007e1b00000, 0x00000007e1c00000|  0%| F|  |TAMS 0x00000007e1b00000, 0x00000007e1b00000| Untracked 
|1516|0x00000007e1c00000, 0x00000007e1c00000, 0x00000007e1d00000|  0%| F|  |TAMS 0x00000007e1c00000, 0x00000007e1c00000| Untracked 
|1517|0x00000007e1d00000, 0x00000007e1d00000, 0x00000007e1e00000|  0%| F|  |TAMS 0x00000007e1d00000, 0x00000007e1d00000| Untracked 
|1518|0x00000007e1e00000, 0x00000007e1e00000, 0x00000007e1f00000|  0%| F|  |TAMS 0x00000007e1e00000, 0x00000007e1e00000| Untracked 
|1519|0x00000007e1f00000, 0x00000007e1f00000, 0x00000007e2000000|  0%| F|  |TAMS 0x00000007e1f00000, 0x00000007e1f00000| Untracked 
|1520|0x00000007e2000000, 0x00000007e2000000, 0x00000007e2100000|  0%| F|  |TAMS 0x00000007e2000000, 0x00000007e2000000| Untracked 
|1521|0x00000007e2100000, 0x00000007e2100000, 0x00000007e2200000|  0%| F|  |TAMS 0x00000007e2100000, 0x00000007e2100000| Untracked 
|1522|0x00000007e2200000, 0x00000007e2200000, 0x00000007e2300000|  0%| F|  |TAMS 0x00000007e2200000, 0x00000007e2200000| Untracked 
|1523|0x00000007e2300000, 0x00000007e2300000, 0x00000007e2400000|  0%| F|  |TAMS 0x00000007e2300000, 0x00000007e2300000| Untracked 
|1524|0x00000007e2400000, 0x00000007e2400000, 0x00000007e2500000|  0%| F|  |TAMS 0x00000007e2400000, 0x00000007e2400000| Untracked 
|1525|0x00000007e2500000, 0x00000007e2500000, 0x00000007e2600000|  0%| F|  |TAMS 0x00000007e2500000, 0x00000007e2500000| Untracked 
|1526|0x00000007e2600000, 0x00000007e2600000, 0x00000007e2700000|  0%| F|  |TAMS 0x00000007e2600000, 0x00000007e2600000| Untracked 
|1527|0x00000007e2700000, 0x00000007e2700000, 0x00000007e2800000|  0%| F|  |TAMS 0x00000007e2700000, 0x00000007e2700000| Untracked 
|1528|0x00000007e2800000, 0x00000007e2800000, 0x00000007e2900000|  0%| F|  |TAMS 0x00000007e2800000, 0x00000007e2800000| Untracked 
|1529|0x00000007e2900000, 0x00000007e2900000, 0x00000007e2a00000|  0%| F|  |TAMS 0x00000007e2900000, 0x00000007e2900000| Untracked 
|1530|0x00000007e2a00000, 0x00000007e2a00000, 0x00000007e2b00000|  0%| F|  |TAMS 0x00000007e2a00000, 0x00000007e2a00000| Untracked 
|1531|0x00000007e2b00000, 0x00000007e2b00000, 0x00000007e2c00000|  0%| F|  |TAMS 0x00000007e2b00000, 0x00000007e2b00000| Untracked 
|1532|0x00000007e2c00000, 0x00000007e2c00000, 0x00000007e2d00000|  0%| F|  |TAMS 0x00000007e2c00000, 0x00000007e2c00000| Untracked 
|1533|0x00000007e2d00000, 0x00000007e2d00000, 0x00000007e2e00000|  0%| F|  |TAMS 0x00000007e2d00000, 0x00000007e2d00000| Untracked 
|1534|0x00000007e2e00000, 0x00000007e2e00000, 0x00000007e2f00000|  0%| F|  |TAMS 0x00000007e2e00000, 0x00000007e2e00000| Untracked 
|1535|0x00000007e2f00000, 0x00000007e2f00000, 0x00000007e3000000|  0%| F|  |TAMS 0x00000007e2f00000, 0x00000007e2f00000| Untracked 
|1536|0x00000007e3000000, 0x00000007e3000000, 0x00000007e3100000|  0%| F|  |TAMS 0x00000007e3000000, 0x00000007e3000000| Untracked 
|1537|0x00000007e3100000, 0x00000007e3100000, 0x00000007e3200000|  0%| F|  |TAMS 0x00000007e3100000, 0x00000007e3100000| Untracked 
|1538|0x00000007e3200000, 0x00000007e3200000, 0x00000007e3300000|  0%| F|  |TAMS 0x00000007e3200000, 0x00000007e3200000| Untracked 
|1539|0x00000007e3300000, 0x00000007e3300000, 0x00000007e3400000|  0%| F|  |TAMS 0x00000007e3300000, 0x00000007e3300000| Untracked 
|1540|0x00000007e3400000, 0x00000007e3400000, 0x00000007e3500000|  0%| F|  |TAMS 0x00000007e3400000, 0x00000007e3400000| Untracked 
|1541|0x00000007e3500000, 0x00000007e3500000, 0x00000007e3600000|  0%| F|  |TAMS 0x00000007e3500000, 0x00000007e3500000| Untracked 
|1542|0x00000007e3600000, 0x00000007e3600000, 0x00000007e3700000|  0%| F|  |TAMS 0x00000007e3600000, 0x00000007e3600000| Untracked 
|1543|0x00000007e3700000, 0x00000007e3700000, 0x00000007e3800000|  0%| F|  |TAMS 0x00000007e3700000, 0x00000007e3700000| Untracked 
|1544|0x00000007e3800000, 0x00000007e3800000, 0x00000007e3900000|  0%| F|  |TAMS 0x00000007e3800000, 0x00000007e3800000| Untracked 
|1545|0x00000007e3900000, 0x00000007e3900000, 0x00000007e3a00000|  0%| F|  |TAMS 0x00000007e3900000, 0x00000007e3900000| Untracked 
|1546|0x00000007e3a00000, 0x00000007e3a00000, 0x00000007e3b00000|  0%| F|  |TAMS 0x00000007e3a00000, 0x00000007e3a00000| Untracked 
|1547|0x00000007e3b00000, 0x00000007e3b00000, 0x00000007e3c00000|  0%| F|  |TAMS 0x00000007e3b00000, 0x00000007e3b00000| Untracked 
|1548|0x00000007e3c00000, 0x00000007e3c00000, 0x00000007e3d00000|  0%| F|  |TAMS 0x00000007e3c00000, 0x00000007e3c00000| Untracked 
|1549|0x00000007e3d00000, 0x00000007e3d00000, 0x00000007e3e00000|  0%| F|  |TAMS 0x00000007e3d00000, 0x00000007e3d00000| Untracked 
|1550|0x00000007e3e00000, 0x00000007e3e00000, 0x00000007e3f00000|  0%| F|  |TAMS 0x00000007e3e00000, 0x00000007e3e00000| Untracked 
|1551|0x00000007e3f00000, 0x00000007e3f00000, 0x00000007e4000000|  0%| F|  |TAMS 0x00000007e3f00000, 0x00000007e3f00000| Untracked 
|1552|0x00000007e4000000, 0x00000007e4000000, 0x00000007e4100000|  0%| F|  |TAMS 0x00000007e4000000, 0x00000007e4000000| Untracked 
|1553|0x00000007e4100000, 0x00000007e4100000, 0x00000007e4200000|  0%| F|  |TAMS 0x00000007e4100000, 0x00000007e4100000| Untracked 
|1554|0x00000007e4200000, 0x00000007e4200000, 0x00000007e4300000|  0%| F|  |TAMS 0x00000007e4200000, 0x00000007e4200000| Untracked 
|1555|0x00000007e4300000, 0x00000007e4300000, 0x00000007e4400000|  0%| F|  |TAMS 0x00000007e4300000, 0x00000007e4300000| Untracked 
|1556|0x00000007e4400000, 0x00000007e4400000, 0x00000007e4500000|  0%| F|  |TAMS 0x00000007e4400000, 0x00000007e4400000| Untracked 
|1557|0x00000007e4500000, 0x00000007e4500000, 0x00000007e4600000|  0%| F|  |TAMS 0x00000007e4500000, 0x00000007e4500000| Untracked 
|1558|0x00000007e4600000, 0x00000007e4600000, 0x00000007e4700000|  0%| F|  |TAMS 0x00000007e4600000, 0x00000007e4600000| Untracked 
|1559|0x00000007e4700000, 0x00000007e4700000, 0x00000007e4800000|  0%| F|  |TAMS 0x00000007e4700000, 0x00000007e4700000| Untracked 
|1560|0x00000007e4800000, 0x00000007e4800000, 0x00000007e4900000|  0%| F|  |TAMS 0x00000007e4800000, 0x00000007e4800000| Untracked 
|1561|0x00000007e4900000, 0x00000007e4900000, 0x00000007e4a00000|  0%| F|  |TAMS 0x00000007e4900000, 0x00000007e4900000| Untracked 
|1562|0x00000007e4a00000, 0x00000007e4a00000, 0x00000007e4b00000|  0%| F|  |TAMS 0x00000007e4a00000, 0x00000007e4a00000| Untracked 
|1563|0x00000007e4b00000, 0x00000007e4b00000, 0x00000007e4c00000|  0%| F|  |TAMS 0x00000007e4b00000, 0x00000007e4b00000| Untracked 
|1564|0x00000007e4c00000, 0x00000007e4c00000, 0x00000007e4d00000|  0%| F|  |TAMS 0x00000007e4c00000, 0x00000007e4c00000| Untracked 
|1565|0x00000007e4d00000, 0x00000007e4d00000, 0x00000007e4e00000|  0%| F|  |TAMS 0x00000007e4d00000, 0x00000007e4d00000| Untracked 
|1566|0x00000007e4e00000, 0x00000007e4e00000, 0x00000007e4f00000|  0%| F|  |TAMS 0x00000007e4e00000, 0x00000007e4e00000| Untracked 
|1567|0x00000007e4f00000, 0x00000007e4f00000, 0x00000007e5000000|  0%| F|  |TAMS 0x00000007e4f00000, 0x00000007e4f00000| Untracked 
|1568|0x00000007e5000000, 0x00000007e5000000, 0x00000007e5100000|  0%| F|  |TAMS 0x00000007e5000000, 0x00000007e5000000| Untracked 
|1569|0x00000007e5100000, 0x00000007e5100000, 0x00000007e5200000|  0%| F|  |TAMS 0x00000007e5100000, 0x00000007e5100000| Untracked 
|1570|0x00000007e5200000, 0x00000007e5200000, 0x00000007e5300000|  0%| F|  |TAMS 0x00000007e5200000, 0x00000007e5200000| Untracked 
|1571|0x00000007e5300000, 0x00000007e5300000, 0x00000007e5400000|  0%| F|  |TAMS 0x00000007e5300000, 0x00000007e5300000| Untracked 
|1572|0x00000007e5400000, 0x00000007e5400000, 0x00000007e5500000|  0%| F|  |TAMS 0x00000007e5400000, 0x00000007e5400000| Untracked 
|1573|0x00000007e5500000, 0x00000007e5500000, 0x00000007e5600000|  0%| F|  |TAMS 0x00000007e5500000, 0x00000007e5500000| Untracked 
|1574|0x00000007e5600000, 0x00000007e5600000, 0x00000007e5700000|  0%| F|  |TAMS 0x00000007e5600000, 0x00000007e5600000| Untracked 
|1575|0x00000007e5700000, 0x00000007e5700000, 0x00000007e5800000|  0%| F|  |TAMS 0x00000007e5700000, 0x00000007e5700000| Untracked 
|1576|0x00000007e5800000, 0x00000007e5800000, 0x00000007e5900000|  0%| F|  |TAMS 0x00000007e5800000, 0x00000007e5800000| Untracked 
|1577|0x00000007e5900000, 0x00000007e5900000, 0x00000007e5a00000|  0%| F|  |TAMS 0x00000007e5900000, 0x00000007e5900000| Untracked 
|1578|0x00000007e5a00000, 0x00000007e5a00000, 0x00000007e5b00000|  0%| F|  |TAMS 0x00000007e5a00000, 0x00000007e5a00000| Untracked 
|1579|0x00000007e5b00000, 0x00000007e5b00000, 0x00000007e5c00000|  0%| F|  |TAMS 0x00000007e5b00000, 0x00000007e5b00000| Untracked 
|1580|0x00000007e5c00000, 0x00000007e5c00000, 0x00000007e5d00000|  0%| F|  |TAMS 0x00000007e5c00000, 0x00000007e5c00000| Untracked 
|1581|0x00000007e5d00000, 0x00000007e5d00000, 0x00000007e5e00000|  0%| F|  |TAMS 0x00000007e5d00000, 0x00000007e5d00000| Untracked 
|1582|0x00000007e5e00000, 0x00000007e5e00000, 0x00000007e5f00000|  0%| F|  |TAMS 0x00000007e5e00000, 0x00000007e5e00000| Untracked 
|1583|0x00000007e5f00000, 0x00000007e5f00000, 0x00000007e6000000|  0%| F|  |TAMS 0x00000007e5f00000, 0x00000007e5f00000| Untracked 
|1584|0x00000007e6000000, 0x00000007e6000000, 0x00000007e6100000|  0%| F|  |TAMS 0x00000007e6000000, 0x00000007e6000000| Untracked 
|1585|0x00000007e6100000, 0x00000007e6100000, 0x00000007e6200000|  0%| F|  |TAMS 0x00000007e6100000, 0x00000007e6100000| Untracked 
|1586|0x00000007e6200000, 0x00000007e6200000, 0x00000007e6300000|  0%| F|  |TAMS 0x00000007e6200000, 0x00000007e6200000| Untracked 
|1587|0x00000007e6300000, 0x00000007e6300000, 0x00000007e6400000|  0%| F|  |TAMS 0x00000007e6300000, 0x00000007e6300000| Untracked 
|1588|0x00000007e6400000, 0x00000007e6400000, 0x00000007e6500000|  0%| F|  |TAMS 0x00000007e6400000, 0x00000007e6400000| Untracked 
|1589|0x00000007e6500000, 0x00000007e6500000, 0x00000007e6600000|  0%| F|  |TAMS 0x00000007e6500000, 0x00000007e6500000| Untracked 
|1590|0x00000007e6600000, 0x00000007e6600000, 0x00000007e6700000|  0%| F|  |TAMS 0x00000007e6600000, 0x00000007e6600000| Untracked 
|1591|0x00000007e6700000, 0x00000007e6700000, 0x00000007e6800000|  0%| F|  |TAMS 0x00000007e6700000, 0x00000007e6700000| Untracked 
|1592|0x00000007e6800000, 0x00000007e6800000, 0x00000007e6900000|  0%| F|  |TAMS 0x00000007e6800000, 0x00000007e6800000| Untracked 
|1593|0x00000007e6900000, 0x00000007e6900000, 0x00000007e6a00000|  0%| F|  |TAMS 0x00000007e6900000, 0x00000007e6900000| Untracked 
|1594|0x00000007e6a00000, 0x00000007e6a00000, 0x00000007e6b00000|  0%| F|  |TAMS 0x00000007e6a00000, 0x00000007e6a00000| Untracked 
|1595|0x00000007e6b00000, 0x00000007e6b00000, 0x00000007e6c00000|  0%| F|  |TAMS 0x00000007e6b00000, 0x00000007e6b00000| Untracked 
|1596|0x00000007e6c00000, 0x00000007e6c00000, 0x00000007e6d00000|  0%| F|  |TAMS 0x00000007e6c00000, 0x00000007e6c00000| Untracked 
|1597|0x00000007e6d00000, 0x00000007e6d00000, 0x00000007e6e00000|  0%| F|  |TAMS 0x00000007e6d00000, 0x00000007e6d00000| Untracked 
|1598|0x00000007e6e00000, 0x00000007e6e00000, 0x00000007e6f00000|  0%| F|  |TAMS 0x00000007e6e00000, 0x00000007e6e00000| Untracked 
|1599|0x00000007e6f00000, 0x00000007e6f00000, 0x00000007e7000000|  0%| F|  |TAMS 0x00000007e6f00000, 0x00000007e6f00000| Untracked 
|1600|0x00000007e7000000, 0x00000007e7000000, 0x00000007e7100000|  0%| F|  |TAMS 0x00000007e7000000, 0x00000007e7000000| Untracked 
|1601|0x00000007e7100000, 0x00000007e7100000, 0x00000007e7200000|  0%| F|  |TAMS 0x00000007e7100000, 0x00000007e7100000| Untracked 
|1602|0x00000007e7200000, 0x00000007e7200000, 0x00000007e7300000|  0%| F|  |TAMS 0x00000007e7200000, 0x00000007e7200000| Untracked 
|1603|0x00000007e7300000, 0x00000007e7300000, 0x00000007e7400000|  0%| F|  |TAMS 0x00000007e7300000, 0x00000007e7300000| Untracked 
|1604|0x00000007e7400000, 0x00000007e7400000, 0x00000007e7500000|  0%| F|  |TAMS 0x00000007e7400000, 0x00000007e7400000| Untracked 
|1605|0x00000007e7500000, 0x00000007e7500000, 0x00000007e7600000|  0%| F|  |TAMS 0x00000007e7500000, 0x00000007e7500000| Untracked 
|1606|0x00000007e7600000, 0x00000007e7600000, 0x00000007e7700000|  0%| F|  |TAMS 0x00000007e7600000, 0x00000007e7600000| Untracked 
|1607|0x00000007e7700000, 0x00000007e7700000, 0x00000007e7800000|  0%| F|  |TAMS 0x00000007e7700000, 0x00000007e7700000| Untracked 
|1608|0x00000007e7800000, 0x00000007e7800000, 0x00000007e7900000|  0%| F|  |TAMS 0x00000007e7800000, 0x00000007e7800000| Untracked 
|1609|0x00000007e7900000, 0x00000007e7900000, 0x00000007e7a00000|  0%| F|  |TAMS 0x00000007e7900000, 0x00000007e7900000| Untracked 
|1610|0x00000007e7a00000, 0x00000007e7a00000, 0x00000007e7b00000|  0%| F|  |TAMS 0x00000007e7a00000, 0x00000007e7a00000| Untracked 
|1611|0x00000007e7b00000, 0x00000007e7b00000, 0x00000007e7c00000|  0%| F|  |TAMS 0x00000007e7b00000, 0x00000007e7b00000| Untracked 
|1612|0x00000007e7c00000, 0x00000007e7c00000, 0x00000007e7d00000|  0%| F|  |TAMS 0x00000007e7c00000, 0x00000007e7c00000| Untracked 
|1613|0x00000007e7d00000, 0x00000007e7d00000, 0x00000007e7e00000|  0%| F|  |TAMS 0x00000007e7d00000, 0x00000007e7d00000| Untracked 
|1614|0x00000007e7e00000, 0x00000007e7e00000, 0x00000007e7f00000|  0%| F|  |TAMS 0x00000007e7e00000, 0x00000007e7e00000| Untracked 
|1615|0x00000007e7f00000, 0x00000007e7f00000, 0x00000007e8000000|  0%| F|  |TAMS 0x00000007e7f00000, 0x00000007e7f00000| Untracked 
|1616|0x00000007e8000000, 0x00000007e8000000, 0x00000007e8100000|  0%| F|  |TAMS 0x00000007e8000000, 0x00000007e8000000| Untracked 
|1617|0x00000007e8100000, 0x00000007e8100000, 0x00000007e8200000|  0%| F|  |TAMS 0x00000007e8100000, 0x00000007e8100000| Untracked 
|1618|0x00000007e8200000, 0x00000007e8200000, 0x00000007e8300000|  0%| F|  |TAMS 0x00000007e8200000, 0x00000007e8200000| Untracked 
|1619|0x00000007e8300000, 0x00000007e8300000, 0x00000007e8400000|  0%| F|  |TAMS 0x00000007e8300000, 0x00000007e8300000| Untracked 
|1620|0x00000007e8400000, 0x00000007e8400000, 0x00000007e8500000|  0%| F|  |TAMS 0x00000007e8400000, 0x00000007e8400000| Untracked 
|1621|0x00000007e8500000, 0x00000007e8500000, 0x00000007e8600000|  0%| F|  |TAMS 0x00000007e8500000, 0x00000007e8500000| Untracked 
|1622|0x00000007e8600000, 0x00000007e8600000, 0x00000007e8700000|  0%| F|  |TAMS 0x00000007e8600000, 0x00000007e8600000| Untracked 
|1623|0x00000007e8700000, 0x00000007e8700000, 0x00000007e8800000|  0%| F|  |TAMS 0x00000007e8700000, 0x00000007e8700000| Untracked 
|1624|0x00000007e8800000, 0x00000007e8800000, 0x00000007e8900000|  0%| F|  |TAMS 0x00000007e8800000, 0x00000007e8800000| Untracked 
|1625|0x00000007e8900000, 0x00000007e8900000, 0x00000007e8a00000|  0%| F|  |TAMS 0x00000007e8900000, 0x00000007e8900000| Untracked 
|1626|0x00000007e8a00000, 0x00000007e8a00000, 0x00000007e8b00000|  0%| F|  |TAMS 0x00000007e8a00000, 0x00000007e8a00000| Untracked 
|1627|0x00000007e8b00000, 0x00000007e8b00000, 0x00000007e8c00000|  0%| F|  |TAMS 0x00000007e8b00000, 0x00000007e8b00000| Untracked 
|1628|0x00000007e8c00000, 0x00000007e8c00000, 0x00000007e8d00000|  0%| F|  |TAMS 0x00000007e8c00000, 0x00000007e8c00000| Untracked 
|1629|0x00000007e8d00000, 0x00000007e8d00000, 0x00000007e8e00000|  0%| F|  |TAMS 0x00000007e8d00000, 0x00000007e8d00000| Untracked 
|1630|0x00000007e8e00000, 0x00000007e8e00000, 0x00000007e8f00000|  0%| F|  |TAMS 0x00000007e8e00000, 0x00000007e8e00000| Untracked 
|1631|0x00000007e8f00000, 0x00000007e8f00000, 0x00000007e9000000|  0%| F|  |TAMS 0x00000007e8f00000, 0x00000007e8f00000| Untracked 
|1632|0x00000007e9000000, 0x00000007e9000000, 0x00000007e9100000|  0%| F|  |TAMS 0x00000007e9000000, 0x00000007e9000000| Untracked 
|1633|0x00000007e9100000, 0x00000007e9100000, 0x00000007e9200000|  0%| F|  |TAMS 0x00000007e9100000, 0x00000007e9100000| Untracked 
|1634|0x00000007e9200000, 0x00000007e9200000, 0x00000007e9300000|  0%| F|  |TAMS 0x00000007e9200000, 0x00000007e9200000| Untracked 
|1635|0x00000007e9300000, 0x00000007e9300000, 0x00000007e9400000|  0%| F|  |TAMS 0x00000007e9300000, 0x00000007e9300000| Untracked 
|1636|0x00000007e9400000, 0x00000007e9400000, 0x00000007e9500000|  0%| F|  |TAMS 0x00000007e9400000, 0x00000007e9400000| Untracked 
|1637|0x00000007e9500000, 0x00000007e9500000, 0x00000007e9600000|  0%| F|  |TAMS 0x00000007e9500000, 0x00000007e9500000| Untracked 
|1638|0x00000007e9600000, 0x00000007e9600000, 0x00000007e9700000|  0%| F|  |TAMS 0x00000007e9600000, 0x00000007e9600000| Untracked 
|1639|0x00000007e9700000, 0x00000007e9700000, 0x00000007e9800000|  0%| F|  |TAMS 0x00000007e9700000, 0x00000007e9700000| Untracked 
|1640|0x00000007e9800000, 0x00000007e9800000, 0x00000007e9900000|  0%| F|  |TAMS 0x00000007e9800000, 0x00000007e9800000| Untracked 
|1641|0x00000007e9900000, 0x00000007e9900000, 0x00000007e9a00000|  0%| F|  |TAMS 0x00000007e9900000, 0x00000007e9900000| Untracked 
|1642|0x00000007e9a00000, 0x00000007e9a00000, 0x00000007e9b00000|  0%| F|  |TAMS 0x00000007e9a00000, 0x00000007e9a00000| Untracked 
|1643|0x00000007e9b00000, 0x00000007e9b00000, 0x00000007e9c00000|  0%| F|  |TAMS 0x00000007e9b00000, 0x00000007e9b00000| Untracked 
|1644|0x00000007e9c00000, 0x00000007e9c00000, 0x00000007e9d00000|  0%| F|  |TAMS 0x00000007e9c00000, 0x00000007e9c00000| Untracked 
|1645|0x00000007e9d00000, 0x00000007e9d00000, 0x00000007e9e00000|  0%| F|  |TAMS 0x00000007e9d00000, 0x00000007e9d00000| Untracked 
|1646|0x00000007e9e00000, 0x00000007e9e00000, 0x00000007e9f00000|  0%| F|  |TAMS 0x00000007e9e00000, 0x00000007e9e00000| Untracked 
|1647|0x00000007e9f00000, 0x00000007e9f00000, 0x00000007ea000000|  0%| F|  |TAMS 0x00000007e9f00000, 0x00000007e9f00000| Untracked 
|1648|0x00000007ea000000, 0x00000007ea000000, 0x00000007ea100000|  0%| F|  |TAMS 0x00000007ea000000, 0x00000007ea000000| Untracked 
|1649|0x00000007ea100000, 0x00000007ea100000, 0x00000007ea200000|  0%| F|  |TAMS 0x00000007ea100000, 0x00000007ea100000| Untracked 
|1650|0x00000007ea200000, 0x00000007ea200000, 0x00000007ea300000|  0%| F|  |TAMS 0x00000007ea200000, 0x00000007ea200000| Untracked 
|1651|0x00000007ea300000, 0x00000007ea300000, 0x00000007ea400000|  0%| F|  |TAMS 0x00000007ea300000, 0x00000007ea300000| Untracked 
|1652|0x00000007ea400000, 0x00000007ea400000, 0x00000007ea500000|  0%| F|  |TAMS 0x00000007ea400000, 0x00000007ea400000| Untracked 
|1653|0x00000007ea500000, 0x00000007ea500000, 0x00000007ea600000|  0%| F|  |TAMS 0x00000007ea500000, 0x00000007ea500000| Untracked 
|1654|0x00000007ea600000, 0x00000007ea600000, 0x00000007ea700000|  0%| F|  |TAMS 0x00000007ea600000, 0x00000007ea600000| Untracked 
|1655|0x00000007ea700000, 0x00000007ea700000, 0x00000007ea800000|  0%| F|  |TAMS 0x00000007ea700000, 0x00000007ea700000| Untracked 
|1656|0x00000007ea800000, 0x00000007ea800000, 0x00000007ea900000|  0%| F|  |TAMS 0x00000007ea800000, 0x00000007ea800000| Untracked 
|1657|0x00000007ea900000, 0x00000007ea900000, 0x00000007eaa00000|  0%| F|  |TAMS 0x00000007ea900000, 0x00000007ea900000| Untracked 
|1658|0x00000007eaa00000, 0x00000007eaa00000, 0x00000007eab00000|  0%| F|  |TAMS 0x00000007eaa00000, 0x00000007eaa00000| Untracked 
|1659|0x00000007eab00000, 0x00000007eab00000, 0x00000007eac00000|  0%| F|  |TAMS 0x00000007eab00000, 0x00000007eab00000| Untracked 
|1660|0x00000007eac00000, 0x00000007eac00000, 0x00000007ead00000|  0%| F|  |TAMS 0x00000007eac00000, 0x00000007eac00000| Untracked 
|1661|0x00000007ead00000, 0x00000007ead00000, 0x00000007eae00000|  0%| F|  |TAMS 0x00000007ead00000, 0x00000007ead00000| Untracked 
|1662|0x00000007eae00000, 0x00000007eae00000, 0x00000007eaf00000|  0%| F|  |TAMS 0x00000007eae00000, 0x00000007eae00000| Untracked 
|1663|0x00000007eaf00000, 0x00000007eaf00000, 0x00000007eb000000|  0%| F|  |TAMS 0x00000007eaf00000, 0x00000007eaf00000| Untracked 
|1664|0x00000007eb000000, 0x00000007eb000000, 0x00000007eb100000|  0%| F|  |TAMS 0x00000007eb000000, 0x00000007eb000000| Untracked 
|1665|0x00000007eb100000, 0x00000007eb100000, 0x00000007eb200000|  0%| F|  |TAMS 0x00000007eb100000, 0x00000007eb100000| Untracked 
|1666|0x00000007eb200000, 0x00000007eb200000, 0x00000007eb300000|  0%| F|  |TAMS 0x00000007eb200000, 0x00000007eb200000| Untracked 
|1667|0x00000007eb300000, 0x00000007eb300000, 0x00000007eb400000|  0%| F|  |TAMS 0x00000007eb300000, 0x00000007eb300000| Untracked 
|1668|0x00000007eb400000, 0x00000007eb400000, 0x00000007eb500000|  0%| F|  |TAMS 0x00000007eb400000, 0x00000007eb400000| Untracked 
|1669|0x00000007eb500000, 0x00000007eb500000, 0x00000007eb600000|  0%| F|  |TAMS 0x00000007eb500000, 0x00000007eb500000| Untracked 
|1670|0x00000007eb600000, 0x00000007eb600000, 0x00000007eb700000|  0%| F|  |TAMS 0x00000007eb600000, 0x00000007eb600000| Untracked 
|1671|0x00000007eb700000, 0x00000007eb700000, 0x00000007eb800000|  0%| F|  |TAMS 0x00000007eb700000, 0x00000007eb700000| Untracked 
|1672|0x00000007eb800000, 0x00000007eb800000, 0x00000007eb900000|  0%| F|  |TAMS 0x00000007eb800000, 0x00000007eb800000| Untracked 
|1673|0x00000007eb900000, 0x00000007eb900000, 0x00000007eba00000|  0%| F|  |TAMS 0x00000007eb900000, 0x00000007eb900000| Untracked 
|1674|0x00000007eba00000, 0x00000007eba00000, 0x00000007ebb00000|  0%| F|  |TAMS 0x00000007eba00000, 0x00000007eba00000| Untracked 
|1675|0x00000007ebb00000, 0x00000007ebb00000, 0x00000007ebc00000|  0%| F|  |TAMS 0x00000007ebb00000, 0x00000007ebb00000| Untracked 
|1676|0x00000007ebc00000, 0x00000007ebc00000, 0x00000007ebd00000|  0%| F|  |TAMS 0x00000007ebc00000, 0x00000007ebc00000| Untracked 
|1677|0x00000007ebd00000, 0x00000007ebd00000, 0x00000007ebe00000|  0%| F|  |TAMS 0x00000007ebd00000, 0x00000007ebd00000| Untracked 
|1678|0x00000007ebe00000, 0x00000007ebe00000, 0x00000007ebf00000|  0%| F|  |TAMS 0x00000007ebe00000, 0x00000007ebe00000| Untracked 
|1679|0x00000007ebf00000, 0x00000007ebf00000, 0x00000007ec000000|  0%| F|  |TAMS 0x00000007ebf00000, 0x00000007ebf00000| Untracked 
|1680|0x00000007ec000000, 0x00000007ec000000, 0x00000007ec100000|  0%| F|  |TAMS 0x00000007ec000000, 0x00000007ec000000| Untracked 
|1681|0x00000007ec100000, 0x00000007ec100000, 0x00000007ec200000|  0%| F|  |TAMS 0x00000007ec100000, 0x00000007ec100000| Untracked 
|1682|0x00000007ec200000, 0x00000007ec200000, 0x00000007ec300000|  0%| F|  |TAMS 0x00000007ec200000, 0x00000007ec200000| Untracked 
|1683|0x00000007ec300000, 0x00000007ec300000, 0x00000007ec400000|  0%| F|  |TAMS 0x00000007ec300000, 0x00000007ec300000| Untracked 
|1684|0x00000007ec400000, 0x00000007ec400000, 0x00000007ec500000|  0%| F|  |TAMS 0x00000007ec400000, 0x00000007ec400000| Untracked 
|1685|0x00000007ec500000, 0x00000007ec500000, 0x00000007ec600000|  0%| F|  |TAMS 0x00000007ec500000, 0x00000007ec500000| Untracked 
|1686|0x00000007ec600000, 0x00000007ec600000, 0x00000007ec700000|  0%| F|  |TAMS 0x00000007ec600000, 0x00000007ec600000| Untracked 
|1687|0x00000007ec700000, 0x00000007ec700000, 0x00000007ec800000|  0%| F|  |TAMS 0x00000007ec700000, 0x00000007ec700000| Untracked 
|1688|0x00000007ec800000, 0x00000007ec800000, 0x00000007ec900000|  0%| F|  |TAMS 0x00000007ec800000, 0x00000007ec800000| Untracked 
|1689|0x00000007ec900000, 0x00000007ec900000, 0x00000007eca00000|  0%| F|  |TAMS 0x00000007ec900000, 0x00000007ec900000| Untracked 
|1690|0x00000007eca00000, 0x00000007eca00000, 0x00000007ecb00000|  0%| F|  |TAMS 0x00000007eca00000, 0x00000007eca00000| Untracked 
|1691|0x00000007ecb00000, 0x00000007ecb00000, 0x00000007ecc00000|  0%| F|  |TAMS 0x00000007ecb00000, 0x00000007ecb00000| Untracked 
|1692|0x00000007ecc00000, 0x00000007ecc00000, 0x00000007ecd00000|  0%| F|  |TAMS 0x00000007ecc00000, 0x00000007ecc00000| Untracked 
|1693|0x00000007ecd00000, 0x00000007ecd00000, 0x00000007ece00000|  0%| F|  |TAMS 0x00000007ecd00000, 0x00000007ecd00000| Untracked 
|1694|0x00000007ece00000, 0x00000007ece00000, 0x00000007ecf00000|  0%| F|  |TAMS 0x00000007ece00000, 0x00000007ece00000| Untracked 
|1695|0x00000007ecf00000, 0x00000007ecf00000, 0x00000007ed000000|  0%| F|  |TAMS 0x00000007ecf00000, 0x00000007ecf00000| Untracked 
|1696|0x00000007ed000000, 0x00000007ed000000, 0x00000007ed100000|  0%| F|  |TAMS 0x00000007ed000000, 0x00000007ed000000| Untracked 
|1697|0x00000007ed100000, 0x00000007ed100000, 0x00000007ed200000|  0%| F|  |TAMS 0x00000007ed100000, 0x00000007ed100000| Untracked 
|1698|0x00000007ed200000, 0x00000007ed200000, 0x00000007ed300000|  0%| F|  |TAMS 0x00000007ed200000, 0x00000007ed200000| Untracked 
|1699|0x00000007ed300000, 0x00000007ed300000, 0x00000007ed400000|  0%| F|  |TAMS 0x00000007ed300000, 0x00000007ed300000| Untracked 
|1700|0x00000007ed400000, 0x00000007ed400000, 0x00000007ed500000|  0%| F|  |TAMS 0x00000007ed400000, 0x00000007ed400000| Untracked 
|1701|0x00000007ed500000, 0x00000007ed500000, 0x00000007ed600000|  0%| F|  |TAMS 0x00000007ed500000, 0x00000007ed500000| Untracked 
|1702|0x00000007ed600000, 0x00000007ed600000, 0x00000007ed700000|  0%| F|  |TAMS 0x00000007ed600000, 0x00000007ed600000| Untracked 
|1703|0x00000007ed700000, 0x00000007ed700000, 0x00000007ed800000|  0%| F|  |TAMS 0x00000007ed700000, 0x00000007ed700000| Untracked 
|1704|0x00000007ed800000, 0x00000007ed800000, 0x00000007ed900000|  0%| F|  |TAMS 0x00000007ed800000, 0x00000007ed800000| Untracked 
|1705|0x00000007ed900000, 0x00000007ed900000, 0x00000007eda00000|  0%| F|  |TAMS 0x00000007ed900000, 0x00000007ed900000| Untracked 
|1706|0x00000007eda00000, 0x00000007eda00000, 0x00000007edb00000|  0%| F|  |TAMS 0x00000007eda00000, 0x00000007eda00000| Untracked 
|1707|0x00000007edb00000, 0x00000007edb00000, 0x00000007edc00000|  0%| F|  |TAMS 0x00000007edb00000, 0x00000007edb00000| Untracked 
|1708|0x00000007edc00000, 0x00000007edc00000, 0x00000007edd00000|  0%| F|  |TAMS 0x00000007edc00000, 0x00000007edc00000| Untracked 
|1709|0x00000007edd00000, 0x00000007edd00000, 0x00000007ede00000|  0%| F|  |TAMS 0x00000007edd00000, 0x00000007edd00000| Untracked 
|1710|0x00000007ede00000, 0x00000007ede00000, 0x00000007edf00000|  0%| F|  |TAMS 0x00000007ede00000, 0x00000007ede00000| Untracked 
|1711|0x00000007edf00000, 0x00000007edf00000, 0x00000007ee000000|  0%| F|  |TAMS 0x00000007edf00000, 0x00000007edf00000| Untracked 
|1712|0x00000007ee000000, 0x00000007ee000000, 0x00000007ee100000|  0%| F|  |TAMS 0x00000007ee000000, 0x00000007ee000000| Untracked 
|1713|0x00000007ee100000, 0x00000007ee100000, 0x00000007ee200000|  0%| F|  |TAMS 0x00000007ee100000, 0x00000007ee100000| Untracked 
|1714|0x00000007ee200000, 0x00000007ee200000, 0x00000007ee300000|  0%| F|  |TAMS 0x00000007ee200000, 0x00000007ee200000| Untracked 
|1715|0x00000007ee300000, 0x00000007ee300000, 0x00000007ee400000|  0%| F|  |TAMS 0x00000007ee300000, 0x00000007ee300000| Untracked 
|1716|0x00000007ee400000, 0x00000007ee400000, 0x00000007ee500000|  0%| F|  |TAMS 0x00000007ee400000, 0x00000007ee400000| Untracked 
|1717|0x00000007ee500000, 0x00000007ee500000, 0x00000007ee600000|  0%| F|  |TAMS 0x00000007ee500000, 0x00000007ee500000| Untracked 
|1718|0x00000007ee600000, 0x00000007ee600000, 0x00000007ee700000|  0%| F|  |TAMS 0x00000007ee600000, 0x00000007ee600000| Untracked 
|1719|0x00000007ee700000, 0x00000007ee700000, 0x00000007ee800000|  0%| F|  |TAMS 0x00000007ee700000, 0x00000007ee700000| Untracked 
|1720|0x00000007ee800000, 0x00000007ee800000, 0x00000007ee900000|  0%| F|  |TAMS 0x00000007ee800000, 0x00000007ee800000| Untracked 
|1721|0x00000007ee900000, 0x00000007ee900000, 0x00000007eea00000|  0%| F|  |TAMS 0x00000007ee900000, 0x00000007ee900000| Untracked 
|1722|0x00000007eea00000, 0x00000007eea00000, 0x00000007eeb00000|  0%| F|  |TAMS 0x00000007eea00000, 0x00000007eea00000| Untracked 
|1723|0x00000007eeb00000, 0x00000007eeb00000, 0x00000007eec00000|  0%| F|  |TAMS 0x00000007eeb00000, 0x00000007eeb00000| Untracked 
|1724|0x00000007eec00000, 0x00000007eec00000, 0x00000007eed00000|  0%| F|  |TAMS 0x00000007eec00000, 0x00000007eec00000| Untracked 
|1725|0x00000007eed00000, 0x00000007eed00000, 0x00000007eee00000|  0%| F|  |TAMS 0x00000007eed00000, 0x00000007eed00000| Untracked 
|1726|0x00000007eee00000, 0x00000007eee00000, 0x00000007eef00000|  0%| F|  |TAMS 0x00000007eee00000, 0x00000007eee00000| Untracked 
|1727|0x00000007eef00000, 0x00000007eef00000, 0x00000007ef000000|  0%| F|  |TAMS 0x00000007eef00000, 0x00000007eef00000| Untracked 
|1728|0x00000007ef000000, 0x00000007ef000000, 0x00000007ef100000|  0%| F|  |TAMS 0x00000007ef000000, 0x00000007ef000000| Untracked 
|1729|0x00000007ef100000, 0x00000007ef100000, 0x00000007ef200000|  0%| F|  |TAMS 0x00000007ef100000, 0x00000007ef100000| Untracked 
|1730|0x00000007ef200000, 0x00000007ef200000, 0x00000007ef300000|  0%| F|  |TAMS 0x00000007ef200000, 0x00000007ef200000| Untracked 
|1731|0x00000007ef300000, 0x00000007ef300000, 0x00000007ef400000|  0%| F|  |TAMS 0x00000007ef300000, 0x00000007ef300000| Untracked 
|1732|0x00000007ef400000, 0x00000007ef400000, 0x00000007ef500000|  0%| F|  |TAMS 0x00000007ef400000, 0x00000007ef400000| Untracked 
|1733|0x00000007ef500000, 0x00000007ef500000, 0x00000007ef600000|  0%| F|  |TAMS 0x00000007ef500000, 0x00000007ef500000| Untracked 
|1734|0x00000007ef600000, 0x00000007ef600000, 0x00000007ef700000|  0%| F|  |TAMS 0x00000007ef600000, 0x00000007ef600000| Untracked 
|1735|0x00000007ef700000, 0x00000007ef700000, 0x00000007ef800000|  0%| F|  |TAMS 0x00000007ef700000, 0x00000007ef700000| Untracked 
|1736|0x00000007ef800000, 0x00000007ef800000, 0x00000007ef900000|  0%| F|  |TAMS 0x00000007ef800000, 0x00000007ef800000| Untracked 
|1737|0x00000007ef900000, 0x00000007ef900000, 0x00000007efa00000|  0%| F|  |TAMS 0x00000007ef900000, 0x00000007ef900000| Untracked 
|1738|0x00000007efa00000, 0x00000007efa00000, 0x00000007efb00000|  0%| F|  |TAMS 0x00000007efa00000, 0x00000007efa00000| Untracked 
|1739|0x00000007efb00000, 0x00000007efb00000, 0x00000007efc00000|  0%| F|  |TAMS 0x00000007efb00000, 0x00000007efb00000| Untracked 
|1740|0x00000007efc00000, 0x00000007efc00000, 0x00000007efd00000|  0%| F|  |TAMS 0x00000007efc00000, 0x00000007efc00000| Untracked 
|1741|0x00000007efd00000, 0x00000007efd00000, 0x00000007efe00000|  0%| F|  |TAMS 0x00000007efd00000, 0x00000007efd00000| Untracked 
|1742|0x00000007efe00000, 0x00000007efe00000, 0x00000007eff00000|  0%| F|  |TAMS 0x00000007efe00000, 0x00000007efe00000| Untracked 
|1743|0x00000007eff00000, 0x00000007eff00000, 0x00000007f0000000|  0%| F|  |TAMS 0x00000007eff00000, 0x00000007eff00000| Untracked 
|1744|0x00000007f0000000, 0x00000007f0000000, 0x00000007f0100000|  0%| F|  |TAMS 0x00000007f0000000, 0x00000007f0000000| Untracked 
|1745|0x00000007f0100000, 0x00000007f0100000, 0x00000007f0200000|  0%| F|  |TAMS 0x00000007f0100000, 0x00000007f0100000| Untracked 
|1746|0x00000007f0200000, 0x00000007f0200000, 0x00000007f0300000|  0%| F|  |TAMS 0x00000007f0200000, 0x00000007f0200000| Untracked 
|1747|0x00000007f0300000, 0x00000007f0300000, 0x00000007f0400000|  0%| F|  |TAMS 0x00000007f0300000, 0x00000007f0300000| Untracked 
|1748|0x00000007f0400000, 0x00000007f0400000, 0x00000007f0500000|  0%| F|  |TAMS 0x00000007f0400000, 0x00000007f0400000| Untracked 
|1749|0x00000007f0500000, 0x00000007f0500000, 0x00000007f0600000|  0%| F|  |TAMS 0x00000007f0500000, 0x00000007f0500000| Untracked 
|1750|0x00000007f0600000, 0x00000007f0600000, 0x00000007f0700000|  0%| F|  |TAMS 0x00000007f0600000, 0x00000007f0600000| Untracked 
|1751|0x00000007f0700000, 0x00000007f0700000, 0x00000007f0800000|  0%| F|  |TAMS 0x00000007f0700000, 0x00000007f0700000| Untracked 
|1752|0x00000007f0800000, 0x00000007f0800000, 0x00000007f0900000|  0%| F|  |TAMS 0x00000007f0800000, 0x00000007f0800000| Untracked 
|1753|0x00000007f0900000, 0x00000007f0900000, 0x00000007f0a00000|  0%| F|  |TAMS 0x00000007f0900000, 0x00000007f0900000| Untracked 
|1754|0x00000007f0a00000, 0x00000007f0a00000, 0x00000007f0b00000|  0%| F|  |TAMS 0x00000007f0a00000, 0x00000007f0a00000| Untracked 
|1755|0x00000007f0b00000, 0x00000007f0b00000, 0x00000007f0c00000|  0%| F|  |TAMS 0x00000007f0b00000, 0x00000007f0b00000| Untracked 
|1756|0x00000007f0c00000, 0x00000007f0c00000, 0x00000007f0d00000|  0%| F|  |TAMS 0x00000007f0c00000, 0x00000007f0c00000| Untracked 
|1757|0x00000007f0d00000, 0x00000007f0d00000, 0x00000007f0e00000|  0%| F|  |TAMS 0x00000007f0d00000, 0x00000007f0d00000| Untracked 
|1758|0x00000007f0e00000, 0x00000007f0e00000, 0x00000007f0f00000|  0%| F|  |TAMS 0x00000007f0e00000, 0x00000007f0e00000| Untracked 
|1759|0x00000007f0f00000, 0x00000007f0f00000, 0x00000007f1000000|  0%| F|  |TAMS 0x00000007f0f00000, 0x00000007f0f00000| Untracked 
|1760|0x00000007f1000000, 0x00000007f1000000, 0x00000007f1100000|  0%| F|  |TAMS 0x00000007f1000000, 0x00000007f1000000| Untracked 
|1761|0x00000007f1100000, 0x00000007f1100000, 0x00000007f1200000|  0%| F|  |TAMS 0x00000007f1100000, 0x00000007f1100000| Untracked 
|1762|0x00000007f1200000, 0x00000007f1200000, 0x00000007f1300000|  0%| F|  |TAMS 0x00000007f1200000, 0x00000007f1200000| Untracked 
|1763|0x00000007f1300000, 0x00000007f1300000, 0x00000007f1400000|  0%| F|  |TAMS 0x00000007f1300000, 0x00000007f1300000| Untracked 
|1764|0x00000007f1400000, 0x00000007f1400000, 0x00000007f1500000|  0%| F|  |TAMS 0x00000007f1400000, 0x00000007f1400000| Untracked 
|1765|0x00000007f1500000, 0x00000007f1500000, 0x00000007f1600000|  0%| F|  |TAMS 0x00000007f1500000, 0x00000007f1500000| Untracked 
|1766|0x00000007f1600000, 0x00000007f1600000, 0x00000007f1700000|  0%| F|  |TAMS 0x00000007f1600000, 0x00000007f1600000| Untracked 
|1767|0x00000007f1700000, 0x00000007f1700000, 0x00000007f1800000|  0%| F|  |TAMS 0x00000007f1700000, 0x00000007f1700000| Untracked 
|1768|0x00000007f1800000, 0x00000007f1900000, 0x00000007f1900000|100%| E|  |TAMS 0x00000007f1800000, 0x00000007f1800000| Complete 
|1769|0x00000007f1900000, 0x00000007f1a00000, 0x00000007f1a00000|100%| E|CS|TAMS 0x00000007f1900000, 0x00000007f1900000| Complete 
|1770|0x00000007f1a00000, 0x00000007f1b00000, 0x00000007f1b00000|100%| E|CS|TAMS 0x00000007f1a00000, 0x00000007f1a00000| Complete 
|1771|0x00000007f1b00000, 0x00000007f1c00000, 0x00000007f1c00000|100%| E|CS|TAMS 0x00000007f1b00000, 0x00000007f1b00000| Complete 
|1772|0x00000007f1c00000, 0x00000007f1d00000, 0x00000007f1d00000|100%| E|CS|TAMS 0x00000007f1c00000, 0x00000007f1c00000| Complete 
|1773|0x00000007f1d00000, 0x00000007f1e00000, 0x00000007f1e00000|100%| E|CS|TAMS 0x00000007f1d00000, 0x00000007f1d00000| Complete 
|1774|0x00000007f1e00000, 0x00000007f1f00000, 0x00000007f1f00000|100%| E|CS|TAMS 0x00000007f1e00000, 0x00000007f1e00000| Complete 
|1775|0x00000007f1f00000, 0x00000007f2000000, 0x00000007f2000000|100%| E|CS|TAMS 0x00000007f1f00000, 0x00000007f1f00000| Complete 
|1776|0x00000007f2000000, 0x00000007f2100000, 0x00000007f2100000|100%| E|CS|TAMS 0x00000007f2000000, 0x00000007f2000000| Complete 
|1777|0x00000007f2100000, 0x00000007f2200000, 0x00000007f2200000|100%| E|CS|TAMS 0x00000007f2100000, 0x00000007f2100000| Complete 
|1778|0x00000007f2200000, 0x00000007f2300000, 0x00000007f2300000|100%| E|CS|TAMS 0x00000007f2200000, 0x00000007f2200000| Complete 
|1779|0x00000007f2300000, 0x00000007f2400000, 0x00000007f2400000|100%| E|CS|TAMS 0x00000007f2300000, 0x00000007f2300000| Complete 
|1780|0x00000007f2400000, 0x00000007f2500000, 0x00000007f2500000|100%| E|CS|TAMS 0x00000007f2400000, 0x00000007f2400000| Complete 
|1781|0x00000007f2500000, 0x00000007f2600000, 0x00000007f2600000|100%| E|CS|TAMS 0x00000007f2500000, 0x00000007f2500000| Complete 
|1782|0x00000007f2600000, 0x00000007f2700000, 0x00000007f2700000|100%| E|CS|TAMS 0x00000007f2600000, 0x00000007f2600000| Complete 
|1783|0x00000007f2700000, 0x00000007f2800000, 0x00000007f2800000|100%| E|CS|TAMS 0x00000007f2700000, 0x00000007f2700000| Complete 
|1784|0x00000007f2800000, 0x00000007f2900000, 0x00000007f2900000|100%| E|CS|TAMS 0x00000007f2800000, 0x00000007f2800000| Complete 
|1785|0x00000007f2900000, 0x00000007f2a00000, 0x00000007f2a00000|100%| E|CS|TAMS 0x00000007f2900000, 0x00000007f2900000| Complete 
|1786|0x00000007f2a00000, 0x00000007f2b00000, 0x00000007f2b00000|100%| E|CS|TAMS 0x00000007f2a00000, 0x00000007f2a00000| Complete 
|1787|0x00000007f2b00000, 0x00000007f2c00000, 0x00000007f2c00000|100%| E|CS|TAMS 0x00000007f2b00000, 0x00000007f2b00000| Complete 
|1788|0x00000007f2c00000, 0x00000007f2d00000, 0x00000007f2d00000|100%| E|CS|TAMS 0x00000007f2c00000, 0x00000007f2c00000| Complete 
|1789|0x00000007f2d00000, 0x00000007f2e00000, 0x00000007f2e00000|100%| E|CS|TAMS 0x00000007f2d00000, 0x00000007f2d00000| Complete 
|1790|0x00000007f2e00000, 0x00000007f2f00000, 0x00000007f2f00000|100%| E|CS|TAMS 0x00000007f2e00000, 0x00000007f2e00000| Complete 
|1791|0x00000007f2f00000, 0x00000007f3000000, 0x00000007f3000000|100%| E|CS|TAMS 0x00000007f2f00000, 0x00000007f2f00000| Complete 
|1792|0x00000007f3000000, 0x00000007f3100000, 0x00000007f3100000|100%| E|CS|TAMS 0x00000007f3000000, 0x00000007f3000000| Complete 
|1793|0x00000007f3100000, 0x00000007f3200000, 0x00000007f3200000|100%| E|CS|TAMS 0x00000007f3100000, 0x00000007f3100000| Complete 
|1794|0x00000007f3200000, 0x00000007f3300000, 0x00000007f3300000|100%| E|CS|TAMS 0x00000007f3200000, 0x00000007f3200000| Complete 
|1795|0x00000007f3300000, 0x00000007f3400000, 0x00000007f3400000|100%| E|CS|TAMS 0x00000007f3300000, 0x00000007f3300000| Complete 
|1796|0x00000007f3400000, 0x00000007f3500000, 0x00000007f3500000|100%| E|CS|TAMS 0x00000007f3400000, 0x00000007f3400000| Complete 
|1797|0x00000007f3500000, 0x00000007f3600000, 0x00000007f3600000|100%| E|CS|TAMS 0x00000007f3500000, 0x00000007f3500000| Complete 
|1798|0x00000007f3600000, 0x00000007f3700000, 0x00000007f3700000|100%| E|CS|TAMS 0x00000007f3600000, 0x00000007f3600000| Complete 
|1799|0x00000007f3700000, 0x00000007f3800000, 0x00000007f3800000|100%| E|CS|TAMS 0x00000007f3700000, 0x00000007f3700000| Complete 
|1800|0x00000007f3800000, 0x00000007f3900000, 0x00000007f3900000|100%| E|CS|TAMS 0x00000007f3800000, 0x00000007f3800000| Complete 
|1801|0x00000007f3900000, 0x00000007f3a00000, 0x00000007f3a00000|100%| E|CS|TAMS 0x00000007f3900000, 0x00000007f3900000| Complete 
|1802|0x00000007f3a00000, 0x00000007f3b00000, 0x00000007f3b00000|100%| E|CS|TAMS 0x00000007f3a00000, 0x00000007f3a00000| Complete 
|1803|0x00000007f3b00000, 0x00000007f3c00000, 0x00000007f3c00000|100%| E|CS|TAMS 0x00000007f3b00000, 0x00000007f3b00000| Complete 
|1804|0x00000007f3c00000, 0x00000007f3d00000, 0x00000007f3d00000|100%| E|CS|TAMS 0x00000007f3c00000, 0x00000007f3c00000| Complete 
|1805|0x00000007f3d00000, 0x00000007f3e00000, 0x00000007f3e00000|100%| E|CS|TAMS 0x00000007f3d00000, 0x00000007f3d00000| Complete 
|1806|0x00000007f3e00000, 0x00000007f3f00000, 0x00000007f3f00000|100%| E|CS|TAMS 0x00000007f3e00000, 0x00000007f3e00000| Complete 
|1807|0x00000007f3f00000, 0x00000007f4000000, 0x00000007f4000000|100%| E|CS|TAMS 0x00000007f3f00000, 0x00000007f3f00000| Complete 
|1808|0x00000007f4000000, 0x00000007f4100000, 0x00000007f4100000|100%| E|CS|TAMS 0x00000007f4000000, 0x00000007f4000000| Complete 
|1809|0x00000007f4100000, 0x00000007f4200000, 0x00000007f4200000|100%| E|CS|TAMS 0x00000007f4100000, 0x00000007f4100000| Complete 
|1810|0x00000007f4200000, 0x00000007f4300000, 0x00000007f4300000|100%| E|CS|TAMS 0x00000007f4200000, 0x00000007f4200000| Complete 
|1811|0x00000007f4300000, 0x00000007f4400000, 0x00000007f4400000|100%| E|CS|TAMS 0x00000007f4300000, 0x00000007f4300000| Complete 
|1812|0x00000007f4400000, 0x00000007f4500000, 0x00000007f4500000|100%| E|CS|TAMS 0x00000007f4400000, 0x00000007f4400000| Complete 
|1813|0x00000007f4500000, 0x00000007f4600000, 0x00000007f4600000|100%| E|CS|TAMS 0x00000007f4500000, 0x00000007f4500000| Complete 
|1814|0x00000007f4600000, 0x00000007f4700000, 0x00000007f4700000|100%| E|CS|TAMS 0x00000007f4600000, 0x00000007f4600000| Complete 
|1815|0x00000007f4700000, 0x00000007f4800000, 0x00000007f4800000|100%| E|CS|TAMS 0x00000007f4700000, 0x00000007f4700000| Complete 
|1816|0x00000007f4800000, 0x00000007f4900000, 0x00000007f4900000|100%| E|CS|TAMS 0x00000007f4800000, 0x00000007f4800000| Complete 
|1817|0x00000007f4900000, 0x00000007f4a00000, 0x00000007f4a00000|100%| E|CS|TAMS 0x00000007f4900000, 0x00000007f4900000| Complete 
|1818|0x00000007f4a00000, 0x00000007f4b00000, 0x00000007f4b00000|100%| E|CS|TAMS 0x00000007f4a00000, 0x00000007f4a00000| Complete 
|1819|0x00000007f4b00000, 0x00000007f4c00000, 0x00000007f4c00000|100%| E|CS|TAMS 0x00000007f4b00000, 0x00000007f4b00000| Complete 
|1820|0x00000007f4c00000, 0x00000007f4d00000, 0x00000007f4d00000|100%| E|CS|TAMS 0x00000007f4c00000, 0x00000007f4c00000| Complete 
|1821|0x00000007f4d00000, 0x00000007f4e00000, 0x00000007f4e00000|100%| E|CS|TAMS 0x00000007f4d00000, 0x00000007f4d00000| Complete 
|1822|0x00000007f4e00000, 0x00000007f4f00000, 0x00000007f4f00000|100%| E|CS|TAMS 0x00000007f4e00000, 0x00000007f4e00000| Complete 
|1823|0x00000007f4f00000, 0x00000007f5000000, 0x00000007f5000000|100%| E|CS|TAMS 0x00000007f4f00000, 0x00000007f4f00000| Complete 
|1824|0x00000007f5000000, 0x00000007f5100000, 0x00000007f5100000|100%| E|CS|TAMS 0x00000007f5000000, 0x00000007f5000000| Complete 
|1825|0x00000007f5100000, 0x00000007f5200000, 0x00000007f5200000|100%| E|CS|TAMS 0x00000007f5100000, 0x00000007f5100000| Complete 
|1826|0x00000007f5200000, 0x00000007f5300000, 0x00000007f5300000|100%| E|CS|TAMS 0x00000007f5200000, 0x00000007f5200000| Complete 
|1827|0x00000007f5300000, 0x00000007f5400000, 0x00000007f5400000|100%| E|CS|TAMS 0x00000007f5300000, 0x00000007f5300000| Complete 
|1828|0x00000007f5400000, 0x00000007f5500000, 0x00000007f5500000|100%| E|CS|TAMS 0x00000007f5400000, 0x00000007f5400000| Complete 
|1829|0x00000007f5500000, 0x00000007f5600000, 0x00000007f5600000|100%| E|CS|TAMS 0x00000007f5500000, 0x00000007f5500000| Complete 
|1830|0x00000007f5600000, 0x00000007f5700000, 0x00000007f5700000|100%| E|CS|TAMS 0x00000007f5600000, 0x00000007f5600000| Complete 
|1831|0x00000007f5700000, 0x00000007f5800000, 0x00000007f5800000|100%| E|CS|TAMS 0x00000007f5700000, 0x00000007f5700000| Complete 
|1832|0x00000007f5800000, 0x00000007f5900000, 0x00000007f5900000|100%| E|CS|TAMS 0x00000007f5800000, 0x00000007f5800000| Complete 
|1833|0x00000007f5900000, 0x00000007f5a00000, 0x00000007f5a00000|100%| E|CS|TAMS 0x00000007f5900000, 0x00000007f5900000| Complete 
|1834|0x00000007f5a00000, 0x00000007f5b00000, 0x00000007f5b00000|100%| E|CS|TAMS 0x00000007f5a00000, 0x00000007f5a00000| Complete 
|1835|0x00000007f5b00000, 0x00000007f5c00000, 0x00000007f5c00000|100%| E|CS|TAMS 0x00000007f5b00000, 0x00000007f5b00000| Complete 
|1836|0x00000007f5c00000, 0x00000007f5d00000, 0x00000007f5d00000|100%| E|CS|TAMS 0x00000007f5c00000, 0x00000007f5c00000| Complete 
|1837|0x00000007f5d00000, 0x00000007f5e00000, 0x00000007f5e00000|100%| E|CS|TAMS 0x00000007f5d00000, 0x00000007f5d00000| Complete 
|1838|0x00000007f5e00000, 0x00000007f5f00000, 0x00000007f5f00000|100%| E|CS|TAMS 0x00000007f5e00000, 0x00000007f5e00000| Complete 
|1839|0x00000007f5f00000, 0x00000007f6000000, 0x00000007f6000000|100%| E|CS|TAMS 0x00000007f5f00000, 0x00000007f5f00000| Complete 
|1840|0x00000007f6000000, 0x00000007f6100000, 0x00000007f6100000|100%| E|CS|TAMS 0x00000007f6000000, 0x00000007f6000000| Complete 
|1841|0x00000007f6100000, 0x00000007f6200000, 0x00000007f6200000|100%| E|CS|TAMS 0x00000007f6100000, 0x00000007f6100000| Complete 
|1842|0x00000007f6200000, 0x00000007f6300000, 0x00000007f6300000|100%| E|CS|TAMS 0x00000007f6200000, 0x00000007f6200000| Complete 
|1843|0x00000007f6300000, 0x00000007f6400000, 0x00000007f6400000|100%| E|CS|TAMS 0x00000007f6300000, 0x00000007f6300000| Complete 
|1844|0x00000007f6400000, 0x00000007f6500000, 0x00000007f6500000|100%| E|CS|TAMS 0x00000007f6400000, 0x00000007f6400000| Complete 
|1845|0x00000007f6500000, 0x00000007f6600000, 0x00000007f6600000|100%| E|CS|TAMS 0x00000007f6500000, 0x00000007f6500000| Complete 
|1846|0x00000007f6600000, 0x00000007f6700000, 0x00000007f6700000|100%| E|CS|TAMS 0x00000007f6600000, 0x00000007f6600000| Complete 
|1847|0x00000007f6700000, 0x00000007f6800000, 0x00000007f6800000|100%| E|CS|TAMS 0x00000007f6700000, 0x00000007f6700000| Complete 
|1848|0x00000007f6800000, 0x00000007f6900000, 0x00000007f6900000|100%| E|CS|TAMS 0x00000007f6800000, 0x00000007f6800000| Complete 
|1849|0x00000007f6900000, 0x00000007f6a00000, 0x00000007f6a00000|100%| E|CS|TAMS 0x00000007f6900000, 0x00000007f6900000| Complete 
|1850|0x00000007f6a00000, 0x00000007f6b00000, 0x00000007f6b00000|100%| E|CS|TAMS 0x00000007f6a00000, 0x00000007f6a00000| Complete 
|1851|0x00000007f6b00000, 0x00000007f6c00000, 0x00000007f6c00000|100%| E|CS|TAMS 0x00000007f6b00000, 0x00000007f6b00000| Complete 
|1852|0x00000007f6c00000, 0x00000007f6d00000, 0x00000007f6d00000|100%| E|CS|TAMS 0x00000007f6c00000, 0x00000007f6c00000| Complete 
|1853|0x00000007f6d00000, 0x00000007f6e00000, 0x00000007f6e00000|100%| E|CS|TAMS 0x00000007f6d00000, 0x00000007f6d00000| Complete 
|1854|0x00000007f6e00000, 0x00000007f6f00000, 0x00000007f6f00000|100%| E|CS|TAMS 0x00000007f6e00000, 0x00000007f6e00000| Complete 
|1855|0x00000007f6f00000, 0x00000007f7000000, 0x00000007f7000000|100%| E|CS|TAMS 0x00000007f6f00000, 0x00000007f6f00000| Complete 
|1856|0x00000007f7000000, 0x00000007f7100000, 0x00000007f7100000|100%| E|CS|TAMS 0x00000007f7000000, 0x00000007f7000000| Complete 
|1857|0x00000007f7100000, 0x00000007f7200000, 0x00000007f7200000|100%| E|CS|TAMS 0x00000007f7100000, 0x00000007f7100000| Complete 
|1858|0x00000007f7200000, 0x00000007f7300000, 0x00000007f7300000|100%| E|CS|TAMS 0x00000007f7200000, 0x00000007f7200000| Complete 
|1859|0x00000007f7300000, 0x00000007f7400000, 0x00000007f7400000|100%| E|CS|TAMS 0x00000007f7300000, 0x00000007f7300000| Complete 
|1860|0x00000007f7400000, 0x00000007f7500000, 0x00000007f7500000|100%| E|CS|TAMS 0x00000007f7400000, 0x00000007f7400000| Complete 
|1861|0x00000007f7500000, 0x00000007f7600000, 0x00000007f7600000|100%| E|CS|TAMS 0x00000007f7500000, 0x00000007f7500000| Complete 
|1862|0x00000007f7600000, 0x00000007f7700000, 0x00000007f7700000|100%| E|CS|TAMS 0x00000007f7600000, 0x00000007f7600000| Complete 
|1863|0x00000007f7700000, 0x00000007f7800000, 0x00000007f7800000|100%| E|CS|TAMS 0x00000007f7700000, 0x00000007f7700000| Complete 
|1864|0x00000007f7800000, 0x00000007f7900000, 0x00000007f7900000|100%| E|CS|TAMS 0x00000007f7800000, 0x00000007f7800000| Complete 
|1865|0x00000007f7900000, 0x00000007f7a00000, 0x00000007f7a00000|100%| E|CS|TAMS 0x00000007f7900000, 0x00000007f7900000| Complete 
|1866|0x00000007f7a00000, 0x00000007f7b00000, 0x00000007f7b00000|100%| E|CS|TAMS 0x00000007f7a00000, 0x00000007f7a00000| Complete 
|1867|0x00000007f7b00000, 0x00000007f7c00000, 0x00000007f7c00000|100%| E|CS|TAMS 0x00000007f7b00000, 0x00000007f7b00000| Complete 
|1868|0x00000007f7c00000, 0x00000007f7d00000, 0x00000007f7d00000|100%| E|CS|TAMS 0x00000007f7c00000, 0x00000007f7c00000| Complete 
|1869|0x00000007f7d00000, 0x00000007f7e00000, 0x00000007f7e00000|100%| E|CS|TAMS 0x00000007f7d00000, 0x00000007f7d00000| Complete 
|1870|0x00000007f7e00000, 0x00000007f7f00000, 0x00000007f7f00000|100%| E|CS|TAMS 0x00000007f7e00000, 0x00000007f7e00000| Complete 
|1871|0x00000007f7f00000, 0x00000007f8000000, 0x00000007f8000000|100%| E|CS|TAMS 0x00000007f7f00000, 0x00000007f7f00000| Complete 
|1872|0x00000007f8000000, 0x00000007f8100000, 0x00000007f8100000|100%| E|CS|TAMS 0x00000007f8000000, 0x00000007f8000000| Complete 
|1873|0x00000007f8100000, 0x00000007f8200000, 0x00000007f8200000|100%| E|CS|TAMS 0x00000007f8100000, 0x00000007f8100000| Complete 
|1874|0x00000007f8200000, 0x00000007f8300000, 0x00000007f8300000|100%| E|CS|TAMS 0x00000007f8200000, 0x00000007f8200000| Complete 
|1875|0x00000007f8300000, 0x00000007f8400000, 0x00000007f8400000|100%| E|CS|TAMS 0x00000007f8300000, 0x00000007f8300000| Complete 
|1876|0x00000007f8400000, 0x00000007f8500000, 0x00000007f8500000|100%| E|CS|TAMS 0x00000007f8400000, 0x00000007f8400000| Complete 
|1877|0x00000007f8500000, 0x00000007f8600000, 0x00000007f8600000|100%| E|CS|TAMS 0x00000007f8500000, 0x00000007f8500000| Complete 
|1878|0x00000007f8600000, 0x00000007f8700000, 0x00000007f8700000|100%| E|CS|TAMS 0x00000007f8600000, 0x00000007f8600000| Complete 
|1879|0x00000007f8700000, 0x00000007f8800000, 0x00000007f8800000|100%| E|CS|TAMS 0x00000007f8700000, 0x00000007f8700000| Complete 
|1880|0x00000007f8800000, 0x00000007f8900000, 0x00000007f8900000|100%| E|CS|TAMS 0x00000007f8800000, 0x00000007f8800000| Complete 
|1881|0x00000007f8900000, 0x00000007f8a00000, 0x00000007f8a00000|100%| E|CS|TAMS 0x00000007f8900000, 0x00000007f8900000| Complete 
|1882|0x00000007f8a00000, 0x00000007f8b00000, 0x00000007f8b00000|100%| E|CS|TAMS 0x00000007f8a00000, 0x00000007f8a00000| Complete 
|1883|0x00000007f8b00000, 0x00000007f8c00000, 0x00000007f8c00000|100%| E|CS|TAMS 0x00000007f8b00000, 0x00000007f8b00000| Complete 
|1884|0x00000007f8c00000, 0x00000007f8d00000, 0x00000007f8d00000|100%| E|CS|TAMS 0x00000007f8c00000, 0x00000007f8c00000| Complete 
|1885|0x00000007f8d00000, 0x00000007f8e00000, 0x00000007f8e00000|100%| E|CS|TAMS 0x00000007f8d00000, 0x00000007f8d00000| Complete 
|1886|0x00000007f8e00000, 0x00000007f8f00000, 0x00000007f8f00000|100%| E|CS|TAMS 0x00000007f8e00000, 0x00000007f8e00000| Complete 
|1887|0x00000007f8f00000, 0x00000007f9000000, 0x00000007f9000000|100%| E|CS|TAMS 0x00000007f8f00000, 0x00000007f8f00000| Complete 
|1888|0x00000007f9000000, 0x00000007f9100000, 0x00000007f9100000|100%| E|CS|TAMS 0x00000007f9000000, 0x00000007f9000000| Complete 
|1889|0x00000007f9100000, 0x00000007f9200000, 0x00000007f9200000|100%| E|CS|TAMS 0x00000007f9100000, 0x00000007f9100000| Complete 
|1890|0x00000007f9200000, 0x00000007f9300000, 0x00000007f9300000|100%| E|CS|TAMS 0x00000007f9200000, 0x00000007f9200000| Complete 
|1891|0x00000007f9300000, 0x00000007f9400000, 0x00000007f9400000|100%| E|CS|TAMS 0x00000007f9300000, 0x00000007f9300000| Complete 
|1892|0x00000007f9400000, 0x00000007f9500000, 0x00000007f9500000|100%| E|CS|TAMS 0x00000007f9400000, 0x00000007f9400000| Complete 
|1893|0x00000007f9500000, 0x00000007f9600000, 0x00000007f9600000|100%| E|CS|TAMS 0x00000007f9500000, 0x00000007f9500000| Complete 
|1894|0x00000007f9600000, 0x00000007f9700000, 0x00000007f9700000|100%| E|CS|TAMS 0x00000007f9600000, 0x00000007f9600000| Complete 
|1895|0x00000007f9700000, 0x00000007f9800000, 0x00000007f9800000|100%| E|CS|TAMS 0x00000007f9700000, 0x00000007f9700000| Complete 
|1896|0x00000007f9800000, 0x00000007f9900000, 0x00000007f9900000|100%| E|CS|TAMS 0x00000007f9800000, 0x00000007f9800000| Complete 
|1897|0x00000007f9900000, 0x00000007f9a00000, 0x00000007f9a00000|100%| E|CS|TAMS 0x00000007f9900000, 0x00000007f9900000| Complete 
|1898|0x00000007f9a00000, 0x00000007f9b00000, 0x00000007f9b00000|100%| E|CS|TAMS 0x00000007f9a00000, 0x00000007f9a00000| Complete 
|1899|0x00000007f9b00000, 0x00000007f9c00000, 0x00000007f9c00000|100%| E|CS|TAMS 0x00000007f9b00000, 0x00000007f9b00000| Complete 
|1900|0x00000007f9c00000, 0x00000007f9d00000, 0x00000007f9d00000|100%| E|CS|TAMS 0x00000007f9c00000, 0x00000007f9c00000| Complete 
|1901|0x00000007f9d00000, 0x00000007f9e00000, 0x00000007f9e00000|100%| E|CS|TAMS 0x00000007f9d00000, 0x00000007f9d00000| Complete 
|1902|0x00000007f9e00000, 0x00000007f9f00000, 0x00000007f9f00000|100%| E|CS|TAMS 0x00000007f9e00000, 0x00000007f9e00000| Complete 
|1903|0x00000007f9f00000, 0x00000007fa000000, 0x00000007fa000000|100%| E|CS|TAMS 0x00000007f9f00000, 0x00000007f9f00000| Complete 
|1904|0x00000007fa000000, 0x00000007fa100000, 0x00000007fa100000|100%| E|CS|TAMS 0x00000007fa000000, 0x00000007fa000000| Complete 
|1905|0x00000007fa100000, 0x00000007fa200000, 0x00000007fa200000|100%| E|CS|TAMS 0x00000007fa100000, 0x00000007fa100000| Complete 
|1906|0x00000007fa200000, 0x00000007fa300000, 0x00000007fa300000|100%| E|CS|TAMS 0x00000007fa200000, 0x00000007fa200000| Complete 
|1907|0x00000007fa300000, 0x00000007fa400000, 0x00000007fa400000|100%| E|CS|TAMS 0x00000007fa300000, 0x00000007fa300000| Complete 
|1908|0x00000007fa400000, 0x00000007fa500000, 0x00000007fa500000|100%| E|CS|TAMS 0x00000007fa400000, 0x00000007fa400000| Complete 
|1909|0x00000007fa500000, 0x00000007fa600000, 0x00000007fa600000|100%| E|CS|TAMS 0x00000007fa500000, 0x00000007fa500000| Complete 
|1910|0x00000007fa600000, 0x00000007fa700000, 0x00000007fa700000|100%| E|CS|TAMS 0x00000007fa600000, 0x00000007fa600000| Complete 
|1911|0x00000007fa700000, 0x00000007fa800000, 0x00000007fa800000|100%| E|CS|TAMS 0x00000007fa700000, 0x00000007fa700000| Complete 
|1912|0x00000007fa800000, 0x00000007fa900000, 0x00000007fa900000|100%| E|CS|TAMS 0x00000007fa800000, 0x00000007fa800000| Complete 
|1913|0x00000007fa900000, 0x00000007faa00000, 0x00000007faa00000|100%| E|CS|TAMS 0x00000007fa900000, 0x00000007fa900000| Complete 
|1914|0x00000007faa00000, 0x00000007fab00000, 0x00000007fab00000|100%| E|CS|TAMS 0x00000007faa00000, 0x00000007faa00000| Complete 
|1915|0x00000007fab00000, 0x00000007fac00000, 0x00000007fac00000|100%| E|CS|TAMS 0x00000007fab00000, 0x00000007fab00000| Complete 
|1916|0x00000007fac00000, 0x00000007fad00000, 0x00000007fad00000|100%| E|CS|TAMS 0x00000007fac00000, 0x00000007fac00000| Complete 
|1917|0x00000007fad00000, 0x00000007fae00000, 0x00000007fae00000|100%| E|CS|TAMS 0x00000007fad00000, 0x00000007fad00000| Complete 
|1918|0x00000007fae00000, 0x00000007faf00000, 0x00000007faf00000|100%| E|CS|TAMS 0x00000007fae00000, 0x00000007fae00000| Complete 
|1919|0x00000007faf00000, 0x00000007fb000000, 0x00000007fb000000|100%| E|CS|TAMS 0x00000007faf00000, 0x00000007faf00000| Complete 
|1920|0x00000007fb000000, 0x00000007fb100000, 0x00000007fb100000|100%| E|CS|TAMS 0x00000007fb000000, 0x00000007fb000000| Complete 
|1921|0x00000007fb100000, 0x00000007fb200000, 0x00000007fb200000|100%| E|CS|TAMS 0x00000007fb100000, 0x00000007fb100000| Complete 
|1922|0x00000007fb200000, 0x00000007fb300000, 0x00000007fb300000|100%| E|CS|TAMS 0x00000007fb200000, 0x00000007fb200000| Complete 
|1923|0x00000007fb300000, 0x00000007fb400000, 0x00000007fb400000|100%| E|CS|TAMS 0x00000007fb300000, 0x00000007fb300000| Complete 
|1924|0x00000007fb400000, 0x00000007fb500000, 0x00000007fb500000|100%| E|CS|TAMS 0x00000007fb400000, 0x00000007fb400000| Complete 
|1925|0x00000007fb500000, 0x00000007fb600000, 0x00000007fb600000|100%| E|CS|TAMS 0x00000007fb500000, 0x00000007fb500000| Complete 
|1926|0x00000007fb600000, 0x00000007fb700000, 0x00000007fb700000|100%| E|CS|TAMS 0x00000007fb600000, 0x00000007fb600000| Complete 
|1927|0x00000007fb700000, 0x00000007fb800000, 0x00000007fb800000|100%| E|CS|TAMS 0x00000007fb700000, 0x00000007fb700000| Complete 
|1928|0x00000007fb800000, 0x00000007fb900000, 0x00000007fb900000|100%| E|CS|TAMS 0x00000007fb800000, 0x00000007fb800000| Complete 
|1929|0x00000007fb900000, 0x00000007fba00000, 0x00000007fba00000|100%| E|CS|TAMS 0x00000007fb900000, 0x00000007fb900000| Complete 
|1930|0x00000007fba00000, 0x00000007fbb00000, 0x00000007fbb00000|100%| E|CS|TAMS 0x00000007fba00000, 0x00000007fba00000| Complete 
|1931|0x00000007fbb00000, 0x00000007fbc00000, 0x00000007fbc00000|100%| E|CS|TAMS 0x00000007fbb00000, 0x00000007fbb00000| Complete 
|1932|0x00000007fbc00000, 0x00000007fbd00000, 0x00000007fbd00000|100%| E|CS|TAMS 0x00000007fbc00000, 0x00000007fbc00000| Complete 
|1933|0x00000007fbd00000, 0x00000007fbe00000, 0x00000007fbe00000|100%| E|CS|TAMS 0x00000007fbd00000, 0x00000007fbd00000| Complete 
|1934|0x00000007fbe00000, 0x00000007fbf00000, 0x00000007fbf00000|100%| E|CS|TAMS 0x00000007fbe00000, 0x00000007fbe00000| Complete 
|1935|0x00000007fbf00000, 0x00000007fc000000, 0x00000007fc000000|100%| E|CS|TAMS 0x00000007fbf00000, 0x00000007fbf00000| Complete 
|1936|0x00000007fc000000, 0x00000007fc100000, 0x00000007fc100000|100%| E|CS|TAMS 0x00000007fc000000, 0x00000007fc000000| Complete 
|1937|0x00000007fc100000, 0x00000007fc200000, 0x00000007fc200000|100%| E|CS|TAMS 0x00000007fc100000, 0x00000007fc100000| Complete 
|1938|0x00000007fc200000, 0x00000007fc300000, 0x00000007fc300000|100%| E|CS|TAMS 0x00000007fc200000, 0x00000007fc200000| Complete 
|1939|0x00000007fc300000, 0x00000007fc400000, 0x00000007fc400000|100%| E|CS|TAMS 0x00000007fc300000, 0x00000007fc300000| Complete 
|1940|0x00000007fc400000, 0x00000007fc500000, 0x00000007fc500000|100%| E|CS|TAMS 0x00000007fc400000, 0x00000007fc400000| Complete 
|1941|0x00000007fc500000, 0x00000007fc600000, 0x00000007fc600000|100%| E|CS|TAMS 0x00000007fc500000, 0x00000007fc500000| Complete 
|1942|0x00000007fc600000, 0x00000007fc700000, 0x00000007fc700000|100%| E|CS|TAMS 0x00000007fc600000, 0x00000007fc600000| Complete 
|1943|0x00000007fc700000, 0x00000007fc800000, 0x00000007fc800000|100%| E|CS|TAMS 0x00000007fc700000, 0x00000007fc700000| Complete 
|1944|0x00000007fc800000, 0x00000007fc900000, 0x00000007fc900000|100%| E|CS|TAMS 0x00000007fc800000, 0x00000007fc800000| Complete 
|1945|0x00000007fc900000, 0x00000007fca00000, 0x00000007fca00000|100%| E|CS|TAMS 0x00000007fc900000, 0x00000007fc900000| Complete 
|1946|0x00000007fca00000, 0x00000007fcb00000, 0x00000007fcb00000|100%| E|CS|TAMS 0x00000007fca00000, 0x00000007fca00000| Complete 
|1947|0x00000007fcb00000, 0x00000007fcc00000, 0x00000007fcc00000|100%| E|CS|TAMS 0x00000007fcb00000, 0x00000007fcb00000| Complete 
|1948|0x00000007fcc00000, 0x00000007fcd00000, 0x00000007fcd00000|100%| E|CS|TAMS 0x00000007fcc00000, 0x00000007fcc00000| Complete 
|1949|0x00000007fcd00000, 0x00000007fce00000, 0x00000007fce00000|100%| E|CS|TAMS 0x00000007fcd00000, 0x00000007fcd00000| Complete 
|1950|0x00000007fce00000, 0x00000007fcf00000, 0x00000007fcf00000|100%| E|CS|TAMS 0x00000007fce00000, 0x00000007fce00000| Complete 
|1951|0x00000007fcf00000, 0x00000007fd000000, 0x00000007fd000000|100%| E|CS|TAMS 0x00000007fcf00000, 0x00000007fcf00000| Complete 
|1952|0x00000007fd000000, 0x00000007fd100000, 0x00000007fd100000|100%| E|CS|TAMS 0x00000007fd000000, 0x00000007fd000000| Complete 
|1953|0x00000007fd100000, 0x00000007fd200000, 0x00000007fd200000|100%| E|CS|TAMS 0x00000007fd100000, 0x00000007fd100000| Complete 
|1954|0x00000007fd200000, 0x00000007fd300000, 0x00000007fd300000|100%| E|CS|TAMS 0x00000007fd200000, 0x00000007fd200000| Complete 
|1955|0x00000007fd300000, 0x00000007fd400000, 0x00000007fd400000|100%| E|CS|TAMS 0x00000007fd300000, 0x00000007fd300000| Complete 
|1956|0x00000007fd400000, 0x00000007fd500000, 0x00000007fd500000|100%| E|CS|TAMS 0x00000007fd400000, 0x00000007fd400000| Complete 
|1957|0x00000007fd500000, 0x00000007fd600000, 0x00000007fd600000|100%| E|CS|TAMS 0x00000007fd500000, 0x00000007fd500000| Complete 
|1958|0x00000007fd600000, 0x00000007fd700000, 0x00000007fd700000|100%| E|CS|TAMS 0x00000007fd600000, 0x00000007fd600000| Complete 
|1959|0x00000007fd700000, 0x00000007fd800000, 0x00000007fd800000|100%| E|CS|TAMS 0x00000007fd700000, 0x00000007fd700000| Complete 
|1960|0x00000007fd800000, 0x00000007fd900000, 0x00000007fd900000|100%| E|CS|TAMS 0x00000007fd800000, 0x00000007fd800000| Complete 
|1961|0x00000007fd900000, 0x00000007fda00000, 0x00000007fda00000|100%| E|CS|TAMS 0x00000007fd900000, 0x00000007fd900000| Complete 
|1962|0x00000007fda00000, 0x00000007fdb00000, 0x00000007fdb00000|100%| E|CS|TAMS 0x00000007fda00000, 0x00000007fda00000| Complete 
|1963|0x00000007fdb00000, 0x00000007fdc00000, 0x00000007fdc00000|100%| E|CS|TAMS 0x00000007fdb00000, 0x00000007fdb00000| Complete 
|1964|0x00000007fdc00000, 0x00000007fdd00000, 0x00000007fdd00000|100%| E|CS|TAMS 0x00000007fdc00000, 0x00000007fdc00000| Complete 
|1965|0x00000007fdd00000, 0x00000007fde00000, 0x00000007fde00000|100%| E|CS|TAMS 0x00000007fdd00000, 0x00000007fdd00000| Complete 
|1966|0x00000007fde00000, 0x00000007fdf00000, 0x00000007fdf00000|100%| E|CS|TAMS 0x00000007fde00000, 0x00000007fde00000| Complete 
|1967|0x00000007fdf00000, 0x00000007fe000000, 0x00000007fe000000|100%| E|CS|TAMS 0x00000007fdf00000, 0x00000007fdf00000| Complete 
|1968|0x00000007fe000000, 0x00000007fe100000, 0x00000007fe100000|100%| E|CS|TAMS 0x00000007fe000000, 0x00000007fe000000| Complete 
|1969|0x00000007fe100000, 0x00000007fe200000, 0x00000007fe200000|100%| E|CS|TAMS 0x00000007fe100000, 0x00000007fe100000| Complete 
|1970|0x00000007fe200000, 0x00000007fe300000, 0x00000007fe300000|100%| E|CS|TAMS 0x00000007fe200000, 0x00000007fe200000| Complete 
|1971|0x00000007fe300000, 0x00000007fe400000, 0x00000007fe400000|100%| E|CS|TAMS 0x00000007fe300000, 0x00000007fe300000| Complete 
|1972|0x00000007fe400000, 0x00000007fe500000, 0x00000007fe500000|100%| E|CS|TAMS 0x00000007fe400000, 0x00000007fe400000| Complete 
|1973|0x00000007fe500000, 0x00000007fe600000, 0x00000007fe600000|100%| E|CS|TAMS 0x00000007fe500000, 0x00000007fe500000| Complete 
|1974|0x00000007fe600000, 0x00000007fe700000, 0x00000007fe700000|100%| E|CS|TAMS 0x00000007fe600000, 0x00000007fe600000| Complete 
|1975|0x00000007fe700000, 0x00000007fe800000, 0x00000007fe800000|100%| E|CS|TAMS 0x00000007fe700000, 0x00000007fe700000| Complete 
|1976|0x00000007fe800000, 0x00000007fe900000, 0x00000007fe900000|100%| E|CS|TAMS 0x00000007fe800000, 0x00000007fe800000| Complete 
|1977|0x00000007fe900000, 0x00000007fea00000, 0x00000007fea00000|100%| E|CS|TAMS 0x00000007fe900000, 0x00000007fe900000| Complete 
|1978|0x00000007fea00000, 0x00000007feb00000, 0x00000007feb00000|100%| E|CS|TAMS 0x00000007fea00000, 0x00000007fea00000| Complete 
|1979|0x00000007feb00000, 0x00000007fec00000, 0x00000007fec00000|100%| E|CS|TAMS 0x00000007feb00000, 0x00000007feb00000| Complete 
|1980|0x00000007fec00000, 0x00000007fed00000, 0x00000007fed00000|100%| E|CS|TAMS 0x00000007fec00000, 0x00000007fec00000| Complete 
|1981|0x00000007fed00000, 0x00000007fee00000, 0x00000007fee00000|100%| E|CS|TAMS 0x00000007fed00000, 0x00000007fed00000| Complete 
|1982|0x00000007fee00000, 0x00000007fef00000, 0x00000007fef00000|100%| E|CS|TAMS 0x00000007fee00000, 0x00000007fee00000| Complete 
|1983|0x00000007fef00000, 0x00000007ff000000, 0x00000007ff000000|100%| E|CS|TAMS 0x00000007fef00000, 0x00000007fef00000| Complete 
|1984|0x00000007ff000000, 0x00000007ff100000, 0x00000007ff100000|100%| E|CS|TAMS 0x00000007ff000000, 0x00000007ff000000| Complete 
|1985|0x00000007ff100000, 0x00000007ff200000, 0x00000007ff200000|100%| O|  |TAMS 0x00000007ff200000, 0x00000007ff100000| Updating 
|1986|0x00000007ff200000, 0x00000007ff300000, 0x00000007ff300000|100%| O|  |TAMS 0x00000007ff300000, 0x00000007ff200000| Untracked 
|1987|0x00000007ff300000, 0x00000007ff400000, 0x00000007ff400000|100%| O|  |TAMS 0x00000007ff400000, 0x00000007ff300000| Untracked 
|1988|0x00000007ff400000, 0x00000007ff500000, 0x00000007ff500000|100%| O|  |TAMS 0x00000007ff500000, 0x00000007ff400000| Untracked 
|1989|0x00000007ff500000, 0x00000007ff600000, 0x00000007ff600000|100%| O|  |TAMS 0x00000007ff600000, 0x00000007ff500000| Untracked 
|1990|0x00000007ff600000, 0x00000007ff700000, 0x00000007ff700000|100%| O|  |TAMS 0x00000007ff700000, 0x00000007ff600000| Untracked 
|1991|0x00000007ff700000, 0x00000007ff800000, 0x00000007ff800000|100%| O|  |TAMS 0x00000007ff800000, 0x00000007ff700000| Untracked 
|1992|0x00000007ff800000, 0x00000007ff900000, 0x00000007ff900000|100%| O|  |TAMS 0x00000007ff900000, 0x00000007ff800000| Untracked 
|1993|0x00000007ff900000, 0x00000007ffa00000, 0x00000007ffa00000|100%| O|  |TAMS 0x00000007ffa00000, 0x00000007ff900000| Untracked 
|1994|0x00000007ffa00000, 0x00000007ffb00000, 0x00000007ffb00000|100%| O|  |TAMS 0x00000007ffb00000, 0x00000007ffa00000| Untracked 
|1995|0x00000007ffb00000, 0x00000007ffc00000, 0x00000007ffc00000|100%| O|  |TAMS 0x00000007ffc00000, 0x00000007ffb00000| Untracked 
|1996|0x00000007ffc00000, 0x00000007ffd00000, 0x00000007ffd00000|100%| O|  |TAMS 0x00000007ffd00000, 0x00000007ffc00000| Untracked 
|1997|0x00000007ffd00000, 0x00000007ffe00000, 0x00000007ffe00000|100%| O|  |TAMS 0x00000007ffe00000, 0x00000007ffd00000| Untracked 
|1998|0x00000007ffe00000, 0x00000007ffe74000, 0x00000007fff00000| 45%|OA|  |TAMS 0x00000007ffe74000, 0x00000007ffe00000| Untracked 
|1999|0x00000007fff00000, 0x00000007fff74000, 0x0000000800000000| 45%|CA|  |TAMS 0x00000007fff74000, 0x00000007fff00000| Untracked 

Card table byte_map: [0x000000010086c000,0x0000000100c54000] _byte_map_base: 0x00000000fcc54000

Marking Bits (Prev, Next): (CMBitMap*) 0x000000012602fc50, (CMBitMap*) 0x000000012602fc10
 Prev Bits: [0x000000010bc0c000, 0x000000010db4c000)
 Next Bits: [0x0000000109ccc000, 0x000000010bc0c000)

Polling page: 0x0000000100194000

Metaspace:

Usage:
  Non-class:    148.02 MB used.
      Class:     22.65 MB used.
       Both:    170.68 MB used.

Virtual space:
  Non-class space:      192.00 MB reserved,     148.75 MB ( 77%) committed,  3 nodes.
      Class space:        1.00 GB reserved,      23.44 MB (  2%) committed,  1 nodes.
             Both:        1.19 GB reserved,     172.19 MB ( 14%) committed. 

Chunk freelists:
   Non-Class:  10.85 MB
       Class:  8.39 MB
        Both:  19.24 MB

MaxMetaspaceSize: unlimited
CompressedClassSpaceSize: 1.00 GB
Initial GC threshold: 21.00 MB
Current GC threshold: 287.00 MB
CDS: on
MetaspaceReclaimPolicy: balanced
 - commit_granule_bytes: 65536.
 - commit_granule_words: 8192.
 - virtual_space_node_default_size: 8388608.
 - enlarge_chunks_in_place: 1.
 - new_chunks_are_fully_committed: 0.
 - uncommit_free_chunks: 1.
 - use_allocation_guard: 0.
 - handle_deallocations: 1.


Internal statistics:

num_allocs_failed_limit: 15.
num_arena_births: 2862.
num_arena_deaths: 274.
num_vsnodes_births: 4.
num_vsnodes_deaths: 0.
num_space_committed: 2753.
num_space_uncommitted: 0.
num_chunks_returned_to_freelist: 416.
num_chunks_taken_from_freelist: 10826.
num_chunk_merges: 159.
num_chunk_splits: 6790.
num_chunks_enlarged: 4163.
num_inconsistent_stats: 0.

CodeHeap 'non-profiled nmethods': size=120032Kb used=21666Kb max_used=22967Kb free=98365Kb
 bounds [0x000000013fac8000, 0x0000000141168000, 0x0000000147000000]
CodeHeap 'profiled nmethods': size=120016Kb used=64268Kb max_used=64268Kb free=55747Kb
 bounds [0x0000000138000000, 0x000000013bed0000, 0x000000013f534000]
CodeHeap 'non-nmethods': size=5712Kb used=2214Kb max_used=2382Kb free=3497Kb
 bounds [0x000000013f534000, 0x000000013f7a4000, 0x000000013fac8000]
 total_blobs=31741 nmethods=30466 adapters=1187
 compilation: enabled
              stopped_count=0, restarted_count=0
 full_count=0

Compilation events (20 events):
Event: 101.481 Thread 0x0000000126046200 nmethod 55065 0x0000000140e6c210 code [0x0000000140e6c440, 0x0000000140e6cce0]
Event: 101.481 Thread 0x0000000126046200 54933       4       org.jetbrains.org.objectweb.asm.SymbolTable::addConstantUtf8 (98 bytes)
Event: 101.482 Thread 0x000000012681d800 56369   !   2       org.jetbrains.kotlin.gradle.internal.kapt.incremental.ClasspathAnalyzerKt::visitJar (250 bytes)
Event: 101.483 Thread 0x000000012681d800 nmethod 56369 0x000000013bebbd90 code [0x000000013bebc180, 0x000000013bebcf28]
Event: 101.505 Thread 0x0000000126046200 nmethod 54933 0x0000000140cde910 code [0x0000000140cdec40, 0x0000000140ce08c0]
Event: 101.505 Thread 0x0000000126046200 56375       4       org.jetbrains.org.objectweb.asm.ClassReader::readMethod (1061 bytes)
Event: 101.506 Thread 0x000000012681d800 56388       1       org.gradle.internal.snapshot.impl.NullValueSnapshot::isolate (2 bytes)
Event: 101.507 Thread 0x000000012681d800 nmethod 56388 0x0000000140cde610 code [0x0000000140cde780, 0x0000000140cde858]
Event: 101.539 Thread 0x000000012681d800 56424       2       org.jetbrains.org.objectweb.asm.Type::getClassName (173 bytes)
Event: 101.540 Thread 0x000000012681d800 nmethod 56424 0x000000013bebdb10 code [0x000000013bebde40, 0x000000013bebe808]
Event: 101.549 Thread 0x000000012681d800 56438       2       org.jetbrains.org.objectweb.asm.MethodWriter::visitAnnotationDefault (29 bytes)
Event: 101.549 Thread 0x000000012681d800 nmethod 56438 0x000000013bebed90 code [0x000000013bebef40, 0x000000013bebf288]
Event: 101.647 Thread 0x0000000126046200 nmethod 56375 0x00000001410d1b10 code [0x00000001410d2980, 0x00000001410dc4a0]
Event: 101.647 Thread 0x0000000126046200 56421       4       java.util.zip.ZipFile$Source::initCEN (612 bytes)
Event: 101.688 Thread 0x0000000126046200 nmethod 56421 0x0000000140d04190 code [0x0000000140d04880, 0x0000000140d08810]
Event: 101.688 Thread 0x0000000126046200 56575       4       com.android.tools.r8.internal.AA::a (911 bytes)
Event: 101.771 Thread 0x0000000126046200 nmethod 56575 0x0000000140f1a790 code [0x0000000140f1b480, 0x0000000140f21450]
Event: 101.772 Thread 0x0000000126046200 56307       4       com.android.tools.r8.internal.IR::a (297 bytes)
Event: 101.784 Thread 0x0000000126046200 nmethod 56307 0x0000000140b3f690 code [0x0000000140b3f940, 0x0000000140b408d0]
Event: 101.784 Thread 0x0000000126046200 54943       4       org.jetbrains.org.objectweb.asm.ClassReader::readElementValue (1237 bytes)

GC Heap History (20 events):
Event: 98.801 GC heap before
{Heap before GC invocations=373 (full 0):
 garbage-first heap   total 2048000K, used 1810639K [0x0000000783000000, 0x0000000800000000)
  region size 1024K, 1052 young (1077248K), 19 survivors (19456K)
 Metaspace       used 174525K, committed 176064K, reserved 1245184K
  class space    used 23169K, committed 24000K, reserved 1048576K
}
Event: 98.807 GC heap after
{Heap after GC invocations=374 (full 0):
 garbage-first heap   total 2048000K, used 760759K [0x0000000783000000, 0x0000000800000000)
  region size 1024K, 27 young (27648K), 27 survivors (27648K)
 Metaspace       used 174525K, committed 176064K, reserved 1245184K
  class space    used 23169K, committed 24000K, reserved 1048576K
}
Event: 98.839 GC heap before
{Heap before GC invocations=374 (full 0):
 garbage-first heap   total 2048000K, used 834487K [0x0000000783000000, 0x0000000800000000)
  region size 1024K, 100 young (102400K), 27 survivors (27648K)
 Metaspace       used 174525K, committed 176064K, reserved 1245184K
  class space    used 23169K, committed 24000K, reserved 1048576K
}
Event: 98.859 GC heap after
{Heap after GC invocations=375 (full 0):
 garbage-first heap   total 2048000K, used 749979K [0x0000000783000000, 0x0000000800000000)
  region size 1024K, 5 young (5120K), 5 survivors (5120K)
 Metaspace       used 174525K, committed 176064K, reserved 1245184K
  class space    used 23169K, committed 24000K, reserved 1048576K
}
Event: 99.216 GC heap before
{Heap before GC invocations=375 (full 0):
 garbage-first heap   total 2048000K, used 1802651K [0x0000000783000000, 0x0000000800000000)
  region size 1024K, 1034 young (1058816K), 5 survivors (5120K)
 Metaspace       used 174534K, committed 176128K, reserved 1245184K
  class space    used 23169K, committed 24000K, reserved 1048576K
}
Event: 99.220 GC heap after
{Heap after GC invocations=376 (full 0):
 garbage-first heap   total 2048000K, used 757817K [0x0000000783000000, 0x0000000800000000)
  region size 1024K, 13 young (13312K), 13 survivors (13312K)
 Metaspace       used 174534K, committed 176128K, reserved 1245184K
  class space    used 23169K, committed 24000K, reserved 1048576K
}
Event: 99.656 GC heap before
{Heap before GC invocations=376 (full 0):
 garbage-first heap   total 2048000K, used 1803321K [0x0000000783000000, 0x0000000800000000)
  region size 1024K, 1034 young (1058816K), 13 survivors (13312K)
 Metaspace       used 174541K, committed 176128K, reserved 1245184K
  class space    used 23169K, committed 24000K, reserved 1048576K
}
Event: 99.661 GC heap after
{Heap after GC invocations=377 (full 0):
 garbage-first heap   total 2048000K, used 759707K [0x0000000783000000, 0x0000000800000000)
  region size 1024K, 18 young (18432K), 18 survivors (18432K)
 Metaspace       used 174541K, committed 176128K, reserved 1245184K
  class space    used 23169K, committed 24000K, reserved 1048576K
}
Event: 100.333 GC heap before
{Heap before GC invocations=377 (full 0):
 garbage-first heap   total 2048000K, used 1808283K [0x0000000783000000, 0x0000000800000000)
  region size 1024K, 1042 young (1067008K), 18 survivors (18432K)
 Metaspace       used 174541K, committed 176128K, reserved 1245184K
  class space    used 23169K, committed 24000K, reserved 1048576K
}
Event: 100.338 GC heap after
{Heap after GC invocations=378 (full 0):
 garbage-first heap   total 2048000K, used 765520K [0x0000000783000000, 0x0000000800000000)
  region size 1024K, 24 young (24576K), 24 survivors (24576K)
 Metaspace       used 174541K, committed 176128K, reserved 1245184K
  class space    used 23169K, committed 24000K, reserved 1048576K
}
Event: 101.009 GC heap before
{Heap before GC invocations=379 (full 0):
 garbage-first heap   total 2048000K, used 1812048K [0x0000000783000000, 0x0000000800000000)
  region size 1024K, 1046 young (1071104K), 24 survivors (24576K)
 Metaspace       used 174760K, committed 176320K, reserved 1245184K
  class space    used 23198K, committed 24000K, reserved 1048576K
}
Event: 101.014 GC heap after
{Heap after GC invocations=380 (full 0):
 garbage-first heap   total 2048000K, used 766769K [0x0000000783000000, 0x0000000800000000)
  region size 1024K, 24 young (24576K), 24 survivors (24576K)
 Metaspace       used 174760K, committed 176320K, reserved 1245184K
  class space    used 23198K, committed 24000K, reserved 1048576K
}
Event: 101.080 GC heap before
{Heap before GC invocations=380 (full 0):
 garbage-first heap   total 2048000K, used 843569K [0x0000000783000000, 0x0000000800000000)
  region size 1024K, 100 young (102400K), 24 survivors (24576K)
 Metaspace       used 174760K, committed 176320K, reserved 1245184K
  class space    used 23198K, committed 24000K, reserved 1048576K
}
Event: 101.095 GC heap after
{Heap after GC invocations=381 (full 0):
 garbage-first heap   total 2048000K, used 747843K [0x0000000783000000, 0x0000000800000000)
  region size 1024K, 8 young (8192K), 8 survivors (8192K)
 Metaspace       used 174760K, committed 176320K, reserved 1245184K
  class space    used 23198K, committed 24000K, reserved 1048576K
}
Event: 101.468 GC heap before
{Heap before GC invocations=381 (full 0):
 garbage-first heap   total 2048000K, used 1812803K [0x0000000783000000, 0x0000000800000000)
  region size 1024K, 1049 young (1074176K), 8 survivors (8192K)
 Metaspace       used 174772K, committed 176320K, reserved 1245184K
  class space    used 23198K, committed 24000K, reserved 1048576K
}
Event: 101.475 GC heap after
{Heap after GC invocations=382 (full 0):
 garbage-first heap   total 2048000K, used 752858K [0x0000000783000000, 0x0000000800000000)
  region size 1024K, 13 young (13312K), 13 survivors (13312K)
 Metaspace       used 174772K, committed 176320K, reserved 1245184K
  class space    used 23198K, committed 24000K, reserved 1048576K
}
Event: 101.509 GC heap before
{Heap before GC invocations=382 (full 0):
 garbage-first heap   total 2048000K, used 915674K [0x0000000783000000, 0x0000000800000000)
  region size 1024K, 174 young (178176K), 13 survivors (13312K)
 Metaspace       used 174773K, committed 176320K, reserved 1245184K
  class space    used 23198K, committed 24000K, reserved 1048576K
}
Event: 101.512 GC heap after
{Heap after GC invocations=383 (full 0):
 garbage-first heap   total 2048000K, used 750696K [0x0000000783000000, 0x0000000800000000)
  region size 1024K, 11 young (11264K), 11 survivors (11264K)
 Metaspace       used 174773K, committed 176320K, reserved 1245184K
  class space    used 23198K, committed 24000K, reserved 1048576K
}
Event: 101.785 GC heap before
{Heap before GC invocations=383 (full 0):
 garbage-first heap   total 2048000K, used 1815656K [0x0000000783000000, 0x0000000800000000)
  region size 1024K, 1052 young (1077248K), 11 survivors (11264K)
 Metaspace       used 174773K, committed 176320K, reserved 1245184K
  class space    used 23198K, committed 24000K, reserved 1048576K
}
Event: 101.790 GC heap after
{Heap after GC invocations=384 (full 0):
 garbage-first heap   total 2048000K, used 756106K [0x0000000783000000, 0x0000000800000000)
  region size 1024K, 18 young (18432K), 18 survivors (18432K)
 Metaspace       used 174773K, committed 176320K, reserved 1245184K
  class space    used 23198K, committed 24000K, reserved 1048576K
}

Dll operation events (16 events):
Event: 0.007 Loaded shared library /Users/tanpt/Library/Java/JavaVirtualMachines/ms-17.0.14/Contents/Home/lib/libjava.dylib
Event: 0.038 Loaded shared library /Users/tanpt/Library/Java/JavaVirtualMachines/ms-17.0.14/Contents/Home/lib/libzip.dylib
Event: 0.039 Loaded shared library /Users/tanpt/Library/Java/JavaVirtualMachines/ms-17.0.14/Contents/Home/lib/libinstrument.dylib
Event: 0.045 Loaded shared library /Users/tanpt/Library/Java/JavaVirtualMachines/ms-17.0.14/Contents/Home/lib/libnio.dylib
Event: 0.047 Loaded shared library /Users/tanpt/Library/Java/JavaVirtualMachines/ms-17.0.14/Contents/Home/lib/libzip.dylib
Event: 0.129 Loaded shared library /Users/tanpt/Library/Java/JavaVirtualMachines/ms-17.0.14/Contents/Home/lib/libjimage.dylib
Event: 0.195 Loaded shared library /Users/tanpt/Library/Java/JavaVirtualMachines/ms-17.0.14/Contents/Home/lib/libverify.dylib
Event: 0.243 Loaded shared library /Users/tanpt/Library/Java/JavaVirtualMachines/ms-17.0.14/Contents/Home/lib/libnet.dylib
Event: 0.248 Loaded shared library /Users/tanpt/.gradle/native/c067742578af261105cb4f569cf0c3c89f3d7b1fecec35dd04571415982c5e48/osx-aarch64/libnative-platform.dylib
Event: 0.250 Loaded shared library /Users/tanpt/.gradle/native/100fb08df4bc3b14c8652ba06237920a3bd2aa13389f12d3474272988ae205f9/osx-aarch64/libnative-platform-file-events.dylib
Event: 0.582 Loaded shared library /Users/tanpt/Library/Java/JavaVirtualMachines/ms-17.0.14/Contents/Home/lib/libmanagement.dylib
Event: 0.585 Loaded shared library /Users/tanpt/Library/Java/JavaVirtualMachines/ms-17.0.14/Contents/Home/lib/libmanagement_ext.dylib
Event: 0.635 Loaded shared library /Users/tanpt/Library/Java/JavaVirtualMachines/ms-17.0.14/Contents/Home/lib/libextnet.dylib
Event: 64.765 Loaded shared library /Users/tanpt/Library/Java/JavaVirtualMachines/ms-17.0.14/Contents/Home/lib/libawt.dylib
Event: 64.781 Loaded shared library /Users/tanpt/Library/Java/JavaVirtualMachines/ms-17.0.14/Contents/Home/lib/libawt_lwawt.dylib
Event: 64.802 Loaded shared library /Users/tanpt/Library/Java/JavaVirtualMachines/ms-17.0.14/Contents/Home/lib/libfontmanager.dylib

Deoptimization events (20 events):
Event: 101.800 Thread 0x000000012703ea00 DEOPT PACKING pc=0x000000013bebb890 sp=0x0000000322f0ac00
Event: 101.800 Thread 0x000000012703ea00 DEOPT UNPACKING pc=0x000000013f57b77c sp=0x0000000322f0a890 mode 0
Event: 101.801 Thread 0x000000012703ea00 DEOPT PACKING pc=0x000000013bebb890 sp=0x0000000322f0ac00
Event: 101.801 Thread 0x000000012703ea00 DEOPT UNPACKING pc=0x000000013f57b77c sp=0x0000000322f0a890 mode 0
Event: 101.802 Thread 0x000000012703ea00 DEOPT PACKING pc=0x000000013bebb890 sp=0x0000000322f0ac00
Event: 101.802 Thread 0x000000012703ea00 DEOPT UNPACKING pc=0x000000013f57b77c sp=0x0000000322f0a890 mode 0
Event: 101.803 Thread 0x000000012703ea00 DEOPT PACKING pc=0x000000013bebb890 sp=0x0000000322f0ac00
Event: 101.803 Thread 0x000000012703ea00 DEOPT UNPACKING pc=0x000000013f57b77c sp=0x0000000322f0a890 mode 0
Event: 101.804 Thread 0x000000012703ea00 DEOPT PACKING pc=0x000000013bebb890 sp=0x0000000322f0ac00
Event: 101.804 Thread 0x000000012703ea00 DEOPT UNPACKING pc=0x000000013f57b77c sp=0x0000000322f0a890 mode 0
Event: 101.805 Thread 0x000000012703ea00 DEOPT PACKING pc=0x000000013bebb890 sp=0x0000000322f0ac00
Event: 101.805 Thread 0x000000012703ea00 DEOPT UNPACKING pc=0x000000013f57b77c sp=0x0000000322f0a890 mode 0
Event: 101.806 Thread 0x000000012703ea00 DEOPT PACKING pc=0x000000013bebb890 sp=0x0000000322f0ac00
Event: 101.806 Thread 0x000000012703ea00 DEOPT UNPACKING pc=0x000000013f57b77c sp=0x0000000322f0a890 mode 0
Event: 101.808 Thread 0x000000012703ea00 DEOPT PACKING pc=0x000000013bebb890 sp=0x0000000322f0ac00
Event: 101.808 Thread 0x000000012703ea00 DEOPT UNPACKING pc=0x000000013f57b77c sp=0x0000000322f0a890 mode 0
Event: 101.809 Thread 0x000000012703ea00 DEOPT PACKING pc=0x000000013bebb890 sp=0x0000000322f0ac00
Event: 101.809 Thread 0x000000012703ea00 DEOPT UNPACKING pc=0x000000013f57b77c sp=0x0000000322f0a890 mode 0
Event: 101.810 Thread 0x000000012703ea00 DEOPT PACKING pc=0x000000013bebb890 sp=0x0000000322f0ac00
Event: 101.810 Thread 0x000000012703ea00 DEOPT UNPACKING pc=0x000000013f57b77c sp=0x0000000322f0a890 mode 0

Classes loaded (20 events):
Event: 70.163 Loading class java/util/stream/SliceOps
Event: 70.163 Loading class java/util/stream/SliceOps done
Event: 70.163 Loading class java/util/stream/SliceOps$1
Event: 70.163 Loading class java/util/stream/SliceOps$1 done
Event: 70.167 Loading class java/util/stream/SliceOps$1$1
Event: 70.167 Loading class java/util/stream/SliceOps$1$1 done
Event: 70.172 Loading class java/util/PriorityQueue
Event: 70.172 Loading class java/util/PriorityQueue done
Event: 70.176 Loading class java/util/IdentityHashMap$ValueIterator
Event: 70.176 Loading class java/util/IdentityHashMap$ValueIterator done
Event: 70.568 Loading class java/nio/ShortBuffer
Event: 70.568 Loading class java/nio/ShortBuffer done
Event: 70.585 Loading class java/nio/ByteBufferAsShortBufferL
Event: 70.585 Loading class java/nio/ByteBufferAsShortBufferL done
Event: 70.645 Loading class java/util/zip/Adler32
Event: 70.645 Loading class java/util/zip/Adler32 done
Event: 70.659 Loading class java/nio/file/Files$2
Event: 70.659 Loading class java/nio/file/Files$2 done
Event: 100.594 Loading class jdk/internal/reflect/UnsafeQualifiedStaticIntegerFieldAccessorImpl
Event: 100.594 Loading class jdk/internal/reflect/UnsafeQualifiedStaticIntegerFieldAccessorImpl done

Classes unloaded (20 events):
Event: 86.391 Thread 0x000000010fc06dc0 Unloading class 0x000000e002324400 'java/lang/invoke/LambdaForm$MH+0x000000e002324400'
Event: 86.391 Thread 0x000000010fc06dc0 Unloading class 0x000000e002323400 'java/lang/invoke/LambdaForm$MH+0x000000e002323400'
Event: 86.391 Thread 0x000000010fc06dc0 Unloading class 0x000000e002323000 'java/lang/invoke/LambdaForm$MH+0x000000e002323000'
Event: 86.391 Thread 0x000000010fc06dc0 Unloading class 0x000000e002322c00 'java/lang/invoke/LambdaForm$MH+0x000000e002322c00'
Event: 86.391 Thread 0x000000010fc06dc0 Unloading class 0x000000e002322800 'java/lang/invoke/LambdaForm$MH+0x000000e002322800'
Event: 86.391 Thread 0x000000010fc06dc0 Unloading class 0x000000e002322000 'java/lang/invoke/LambdaForm$MH+0x000000e002322000'
Event: 86.391 Thread 0x000000010fc06dc0 Unloading class 0x000000e002321800 'java/lang/invoke/LambdaForm$MH+0x000000e002321800'
Event: 86.391 Thread 0x000000010fc06dc0 Unloading class 0x000000e002321c00 'java/lang/invoke/LambdaForm$MH+0x000000e002321c00'
Event: 86.391 Thread 0x000000010fc06dc0 Unloading class 0x000000e002321400 'java/lang/invoke/LambdaForm$MH+0x000000e002321400'
Event: 86.391 Thread 0x000000010fc06dc0 Unloading class 0x000000e002320c00 'java/lang/invoke/LambdaForm$MH+0x000000e002320c00'
Event: 86.391 Thread 0x000000010fc06dc0 Unloading class 0x000000e002320800 'java/lang/invoke/LambdaForm$MH+0x000000e002320800'
Event: 86.391 Thread 0x000000010fc06dc0 Unloading class 0x000000e002320400 'java/lang/invoke/LambdaForm$MH+0x000000e002320400'
Event: 86.391 Thread 0x000000010fc06dc0 Unloading class 0x000000e002320000 'java/lang/invoke/LambdaForm$MH+0x000000e002320000'
Event: 86.391 Thread 0x000000010fc06dc0 Unloading class 0x000000e00231b800 'java/lang/invoke/LambdaForm$MH+0x000000e00231b800'
Event: 86.391 Thread 0x000000010fc06dc0 Unloading class 0x000000e00231b400 'java/lang/invoke/LambdaForm$MH+0x000000e00231b400'
Event: 86.391 Thread 0x000000010fc06dc0 Unloading class 0x000000e00231ac00 'java/lang/invoke/LambdaForm$MH+0x000000e00231ac00'
Event: 86.391 Thread 0x000000010fc06dc0 Unloading class 0x000000e00231b000 'java/lang/invoke/LambdaForm$MH+0x000000e00231b000'
Event: 86.391 Thread 0x000000010fc06dc0 Unloading class 0x000000e00231a800 'java/lang/invoke/LambdaForm$MH+0x000000e00231a800'
Event: 86.391 Thread 0x000000010fc06dc0 Unloading class 0x000000e00231a000 'java/lang/invoke/LambdaForm$MH+0x000000e00231a000'
Event: 86.391 Thread 0x000000010fc06dc0 Unloading class 0x000000e002319c00 'java/lang/invoke/LambdaForm$MH+0x000000e002319c00'

Classes redefined (0 events):
No events

Internal exceptions (20 events):
Event: 95.749 Thread 0x00000001151b2400 Exception <a 'sun/nio/fs/UnixException'{0x00000007e0103ac8}> (0x00000007e0103ac8) 
thrown [src/hotspot/share/prims/jni.cpp, line 516]
Event: 95.756 Thread 0x00000001163b1c00 Exception <a 'sun/nio/fs/UnixException'{0x00000007e079e618}> (0x00000007e079e618) 
thrown [src/hotspot/share/prims/jni.cpp, line 516]
Event: 95.760 Thread 0x0000000123673e00 Exception <a 'sun/nio/fs/UnixException'{0x00000007de83c780}> (0x00000007de83c780) 
thrown [src/hotspot/share/prims/jni.cpp, line 516]
Event: 95.762 Thread 0x0000000115195c00 Exception <a 'sun/nio/fs/UnixException'{0x00000007de25ec40}> (0x00000007de25ec40) 
thrown [src/hotspot/share/prims/jni.cpp, line 516]
Event: 95.763 Thread 0x00000001163b1c00 Exception <a 'sun/nio/fs/UnixException'{0x00000007de8f24b0}> (0x00000007de8f24b0) 
thrown [src/hotspot/share/prims/jni.cpp, line 516]
Event: 95.766 Thread 0x0000000123673e00 Exception <a 'sun/nio/fs/UnixException'{0x00000007dc9d9b30}> (0x00000007dc9d9b30) 
thrown [src/hotspot/share/prims/jni.cpp, line 516]
Event: 95.768 Thread 0x00000001163b1c00 Exception <a 'sun/nio/fs/UnixException'{0x00000007dc1100e8}> (0x00000007dc1100e8) 
thrown [src/hotspot/share/prims/jni.cpp, line 516]
Event: 95.779 Thread 0x0000000123673e00 Exception <a 'sun/nio/fs/UnixException'{0x00000007dbee0488}> (0x00000007dbee0488) 
thrown [src/hotspot/share/prims/jni.cpp, line 516]
Event: 95.788 Thread 0x00000001151b2400 Exception <a 'sun/nio/fs/UnixException'{0x00000007d71b46d0}> (0x00000007d71b46d0) 
thrown [src/hotspot/share/prims/jni.cpp, line 516]
Event: 95.795 Thread 0x0000000123673e00 Exception <a 'sun/nio/fs/UnixException'{0x00000007d6fee7b8}> (0x00000007d6fee7b8) 
thrown [src/hotspot/share/prims/jni.cpp, line 516]
Event: 95.801 Thread 0x0000000126bc0400 Exception <a 'sun/nio/fs/UnixException'{0x00000007d3d916b8}> (0x00000007d3d916b8) 
thrown [src/hotspot/share/prims/jni.cpp, line 516]
Event: 95.803 Thread 0x0000000115195c00 Exception <a 'sun/nio/fs/UnixException'{0x00000007d5a6af08}> (0x00000007d5a6af08) 
thrown [src/hotspot/share/prims/jni.cpp, line 516]
Event: 95.829 Thread 0x0000000126bc0400 Exception <a 'sun/nio/fs/UnixException'{0x00000007cd4167f8}> (0x00000007cd4167f8) 
thrown [src/hotspot/share/prims/jni.cpp, line 516]
Event: 95.834 Thread 0x0000000123880200 Exception <a 'sun/nio/fs/UnixException'{0x00000007cc990c98}> (0x00000007cc990c98) 
thrown [src/hotspot/share/prims/jni.cpp, line 516]
Event: 95.836 Thread 0x0000000126bc0400 Exception <a 'sun/nio/fs/UnixException'{0x00000007cbbaac58}> (0x00000007cbbaac58) 
thrown [src/hotspot/share/prims/jni.cpp, line 516]
Event: 95.836 Thread 0x0000000123673e00 Exception <a 'sun/nio/fs/UnixException'{0x00000007cb8fb090}> (0x00000007cb8fb090) 
thrown [src/hotspot/share/prims/jni.cpp, line 516]
Event: 95.854 Thread 0x00000001163b1c00 Exception <a 'sun/nio/fs/UnixException'{0x00000007c7639c20}> (0x00000007c7639c20) 
thrown [src/hotspot/share/prims/jni.cpp, line 516]
Event: 96.020 Thread 0x00000001151b2400 Exception <a 'sun/nio/fs/UnixException'{0x00000007e6d2da10}> (0x00000007e6d2da10) 
thrown [src/hotspot/share/prims/jni.cpp, line 516]
Event: 100.593 Thread 0x0000000115119200 Exception <a 'java/lang/NoSuchMethodError'{0x00000007e936a1c0}: static Lorg/jetbrains/kotlin/gradle/internal/kapt/incremental/ClasspathEntryData;.<clinit>()V> (0x00000007e936a1c0) 
thrown [src/hotspot/share/prims/jni.cpp, line 1112]
Event: 100.593 Thread 0x00000001271c5e00 Exception <a 'java/lang/NoSuchMethodError'{0x00000007e94981b8}: static Lorg/jetbrains/kotlin/gradle/internal/kapt/incremental/ClasspathEntryData;.<clinit>()V> (0x00000007e94981b8) 
thrown [src/hotspot/share/prims/jni.cpp, line 1112]

VM Operations (20 events):
Event: 99.656 Executing VM operation: G1CollectForAllocation
Event: 99.661 Executing VM operation: G1CollectForAllocation done
Event: 100.333 Executing VM operation: G1CollectForAllocation
Event: 100.338 Executing VM operation: G1CollectForAllocation done
Event: 100.571 Executing VM operation: G1PauseRemark
Event: 100.577 Executing VM operation: G1PauseRemark done
Event: 100.939 Executing VM operation: G1PauseCleanup
Event: 100.940 Executing VM operation: G1PauseCleanup done
Event: 101.009 Executing VM operation: G1CollectForAllocation
Event: 101.014 Executing VM operation: G1CollectForAllocation done
Event: 101.080 Executing VM operation: G1CollectForAllocation
Event: 101.095 Executing VM operation: G1CollectForAllocation done
Event: 101.465 Executing VM operation: G1CollectForAllocation
Event: 101.475 Executing VM operation: G1CollectForAllocation done
Event: 101.509 Executing VM operation: G1TryInitiateConcMark
Event: 101.512 Executing VM operation: G1TryInitiateConcMark done
Event: 101.754 Executing VM operation: G1PauseRemark
Event: 101.760 Executing VM operation: G1PauseRemark done
Event: 101.785 Executing VM operation: G1CollectForAllocation
Event: 101.790 Executing VM operation: G1CollectForAllocation done

Memory protections (20 events):
Event: 56.523 Protecting memory [0x0000000323748000,0x0000000323754000] with protection modes 0
Event: 56.523 Protecting memory [0x0000000323954000,0x0000000323960000] with protection modes 0
Event: 56.523 Protecting memory [0x0000000323b60000,0x0000000323b6c000] with protection modes 0
Event: 56.523 Protecting memory [0x0000000323d6c000,0x0000000323d78000] with protection modes 0
Event: 63.900 Protecting memory [0x0000000323f78000,0x0000000323f84000] with protection modes 0
Event: 63.901 Protecting memory [0x0000000324184000,0x0000000324190000] with protection modes 0
Event: 63.901 Protecting memory [0x0000000324390000,0x000000032439c000] with protection modes 0
Event: 63.901 Protecting memory [0x000000032459c000,0x00000003245a8000] with protection modes 0
Event: 63.901 Protecting memory [0x00000003247a8000,0x00000003247b4000] with protection modes 0
Event: 63.901 Protecting memory [0x00000003249b4000,0x00000003249c0000] with protection modes 0
Event: 63.902 Protecting memory [0x0000000324bc0000,0x0000000324bcc000] with protection modes 0
Event: 63.903 Protecting memory [0x0000000324dcc000,0x0000000324dd8000] with protection modes 0
Event: 63.903 Protecting memory [0x0000000324fd8000,0x0000000324fe4000] with protection modes 0
Event: 64.803 Protecting memory [0x000000016f504000,0x000000016f510000] with protection modes 0
Event: 64.814 Protecting memory [0x00000003251e4000,0x00000003251f0000] with protection modes 0
Event: 66.110 Protecting memory [0x00000003253f0000,0x00000003253fc000] with protection modes 0
Event: 69.405 Protecting memory [0x00000003255fc000,0x0000000325608000] with protection modes 0
Event: 71.405 Protecting memory [0x0000000320c4c000,0x0000000320c58000] with protection modes 3
Event: 71.623 Protecting memory [0x0000000305e2c000,0x0000000305e38000] with protection modes 3
Event: 74.707 Protecting memory [0x0000000173c0c000,0x0000000173c18000] with protection modes 3

Nmethod flushes (20 events):
Event: 98.158 Thread 0x000000012680ea00 flushing  nmethod 0x000000013bd11f10
Event: 98.158 Thread 0x000000012680ea00 flushing  nmethod 0x000000013bd13a10
Event: 98.158 Thread 0x000000012680ea00 flushing  nmethod 0x000000013bd15890
Event: 98.158 Thread 0x000000012680ea00 flushing  nmethod 0x000000013bd16910
Event: 98.158 Thread 0x000000012680ea00 flushing  nmethod 0x000000013bd17410
Event: 98.158 Thread 0x000000012680ea00 flushing  nmethod 0x000000013bd18990
Event: 98.158 Thread 0x000000012680ea00 flushing  nmethod 0x000000013bd19190
Event: 98.158 Thread 0x000000012680ea00 flushing  nmethod 0x000000013bd28990
Event: 98.158 Thread 0x000000012680ea00 flushing  nmethod 0x000000013bd29510
Event: 98.158 Thread 0x000000012680ea00 flushing  nmethod 0x000000013bd2ac10
Event: 98.158 Thread 0x000000012680ea00 flushing  nmethod 0x000000013bd2bc10
Event: 98.158 Thread 0x000000012680ea00 flushing  nmethod 0x000000013bd2ef90
Event: 98.158 Thread 0x000000012680ea00 flushing  nmethod 0x000000013bd38210
Event: 98.158 Thread 0x000000012680ea00 flushing  nmethod 0x000000013bd3ab90
Event: 98.158 Thread 0x000000012680ea00 flushing  nmethod 0x000000013bd3b010
Event: 98.158 Thread 0x000000012680ea00 flushing  nmethod 0x000000013bd3b690
Event: 98.158 Thread 0x000000012680ea00 flushing  nmethod 0x000000013bd3c890
Event: 98.158 Thread 0x000000012680ea00 flushing  nmethod 0x000000013bd3cb90
Event: 98.158 Thread 0x000000012680ea00 flushing  nmethod 0x000000013bd3d790
Event: 98.158 Thread 0x000000012680ea00 flushing  nmethod 0x000000013bd3df90

Events (20 events):
Event: 56.523 Thread 0x0000000123880800 Thread added: 0x00000001150cd600
Event: 56.523 Thread 0x0000000123880800 Thread added: 0x0000000115119200
Event: 56.523 Thread 0x0000000123880800 Thread added: 0x0000000127268400
Event: 56.523 Thread 0x0000000123880800 Thread added: 0x00000001270f3e00
Event: 63.900 Thread 0x000000012379c800 Thread added: 0x0000000127068c00
Event: 63.901 Thread 0x000000012379c800 Thread added: 0x00000001272ce400
Event: 63.901 Thread 0x000000012379c800 Thread added: 0x0000000126bb8600
Event: 63.901 Thread 0x000000012379c800 Thread added: 0x0000000126bb8c00
Event: 63.901 Thread 0x000000012379c800 Thread added: 0x0000000127063400
Event: 63.901 Thread 0x000000012379c800 Thread added: 0x0000000115b31000
Event: 63.901 Thread 0x000000012379c800 Thread added: 0x0000000127067400
Event: 63.902 Thread 0x000000012379c800 Thread added: 0x00000001177fe000
Event: 63.903 Thread 0x000000012379c800 Thread added: 0x00000001271b0400
Event: 64.803 Thread 0x0000000123987200 Thread added: 0x0000000123987200
Event: 64.814 Thread 0x00000001272ca400 Thread added: 0x0000000114b28200
Event: 66.110 Thread 0x000000011442f000 Thread added: 0x00000001271b0a00
Event: 69.405 Thread 0x0000000114574e00 Thread added: 0x0000000114bb5800
Event: 71.405 Thread 0x00000001145cf800 Thread exited: 0x00000001145cf800
Event: 71.623 Thread 0x00000001230a9400 Thread exited: 0x00000001230a9400
Event: 74.707 Thread 0x0000000126bbd600 Thread exited: 0x0000000126bbd600


Dynamic libraries:
0x0000000100140000 	/Users/tanpt/Library/Java/JavaVirtualMachines/ms-17.0.14/Contents/Home/lib/libjli.dylib
0x00000001aba33000 	/System/Library/Frameworks/Cocoa.framework/Versions/A/Cocoa
0x0000000193c8a000 	/System/Library/Frameworks/AppKit.framework/Versions/C/AppKit
0x0000000196e94000 	/System/Library/Frameworks/CoreData.framework/Versions/A/CoreData
0x00000001912e4000 	/System/Library/Frameworks/Foundation.framework/Versions/C/Foundation
0x000000019db09000 	/usr/lib/libSystem.B.dylib
0x000000019505f000 	/System/Library/PrivateFrameworks/UIFoundation.framework/Versions/A/UIFoundation
0x0000000233f0f000 	/System/Library/PrivateFrameworks/CollectionViewCore.framework/Versions/A/CollectionViewCore
0x00000001a4d0a000 	/System/Library/PrivateFrameworks/RemoteViewServices.framework/Versions/A/RemoteViewServices
0x000000019b7ca000 	/System/Library/PrivateFrameworks/XCTTargetBootstrap.framework/Versions/A/XCTTargetBootstrap
0x00000001a01d8000 	/System/Library/PrivateFrameworks/InternationalSupport.framework/Versions/A/InternationalSupport
0x00000001a0237000 	/System/Library/PrivateFrameworks/UserActivity.framework/Versions/A/UserActivity
0x000000025da29000 	/System/Library/PrivateFrameworks/UIIntelligenceSupport.framework/Versions/A/UIIntelligenceSupport
0x000000026253d000 	/System/Library/PrivateFrameworks/WritingTools.framework/Versions/A/WritingTools
0x000000026157d000 	/System/Library/PrivateFrameworks/WindowManagement.framework/Versions/A/WindowManagement
0x0000000190f3f000 	/System/Library/Frameworks/SystemConfiguration.framework/Versions/A/SystemConfiguration
0x000000019f62c000 	/usr/lib/libspindump.dylib
0x0000000195209000 	/System/Library/Frameworks/UniformTypeIdentifiers.framework/Versions/A/UniformTypeIdentifiers
0x000000019cf22000 	/usr/lib/libbsm.0.dylib
0x00000001992a4000 	/usr/lib/libapp_launch_measurement.dylib
0x00000001986af000 	/System/Library/PrivateFrameworks/CoreAnalytics.framework/Versions/A/CoreAnalytics
0x00000001992a8000 	/System/Library/PrivateFrameworks/CoreAutoLayout.framework/Versions/A/CoreAutoLayout
0x000000019ae16000 	/System/Library/Frameworks/Metal.framework/Versions/A/Metal
0x000000019c003000 	/usr/lib/liblangid.dylib
0x000000019b7d0000 	/System/Library/PrivateFrameworks/CoreSVG.framework/Versions/A/CoreSVG
0x0000000195c1d000 	/System/Library/PrivateFrameworks/SkyLight.framework/Versions/A/SkyLight
0x0000000196131000 	/System/Library/Frameworks/CoreGraphics.framework/Versions/A/CoreGraphics
0x00000001a53cd000 	/System/Library/Frameworks/Accelerate.framework/Versions/A/Accelerate
0x000000019f463000 	/System/Library/PrivateFrameworks/IconServices.framework/Versions/A/IconServices
0x000000019adf3000 	/System/Library/Frameworks/IOSurface.framework/Versions/A/IOSurface
0x00000001986de000 	/usr/lib/libDiagnosticMessagesClient.dylib
0x000000019da4c000 	/usr/lib/libz.1.dylib
0x00000001a9174000 	/System/Library/Frameworks/ApplicationServices.framework/Versions/A/ApplicationServices
0x000000019b7b5000 	/System/Library/PrivateFrameworks/DFRFoundation.framework/Versions/A/DFRFoundation
0x00000001934f4000 	/usr/lib/libicucore.A.dylib
0x00000001a1341000 	/System/Library/Frameworks/AudioToolbox.framework/Versions/A/AudioToolbox
0x00000001a01e8000 	/System/Library/PrivateFrameworks/DataDetectorsCore.framework/Versions/A/DataDetectorsCore
0x00000001baeaa000 	/System/Library/PrivateFrameworks/TextInput.framework/Versions/A/TextInput
0x0000000195b65000 	/usr/lib/libMobileGestalt.dylib
0x000000019b4ad000 	/System/Library/Frameworks/Carbon.framework/Versions/A/Frameworks/HIToolbox.framework/Versions/A/HIToolbox
0x0000000198bab000 	/System/Library/Frameworks/QuartzCore.framework/Versions/A/QuartzCore
0x000000019310b000 	/System/Library/Frameworks/Security.framework/Versions/A/Security
0x00000001a4d44000 	/System/Library/Frameworks/Carbon.framework/Versions/A/Frameworks/SpeechRecognition.framework/Versions/A/SpeechRecognition
0x0000000198fbe000 	/System/Library/PrivateFrameworks/CoreUI.framework/Versions/A/CoreUI
0x00000001929ce000 	/System/Library/Frameworks/CoreAudio.framework/Versions/A/CoreAudio
0x00000001987c9000 	/System/Library/Frameworks/DiskArbitration.framework/Versions/A/DiskArbitration
0x000000019fa99000 	/System/Library/PrivateFrameworks/MultitouchSupport.framework/Versions/A/MultitouchSupport
0x0000000195b63000 	/usr/lib/libenergytrace.dylib
0x00000001afcf9000 	/System/Library/PrivateFrameworks/RenderBox.framework/Versions/A/RenderBox
0x0000000193b3a000 	/System/Library/Frameworks/IOKit.framework/Versions/A/IOKit
0x00000001a5127000 	/System/Library/Frameworks/CoreServices.framework/Versions/A/CoreServices
0x0000000199235000 	/System/Library/PrivateFrameworks/PerformanceAnalysis.framework/Versions/A/PerformanceAnalysis
0x00000001eb505000 	/System/Library/Frameworks/OpenGL.framework/Versions/A/OpenGL
0x00000001992f2000 	/usr/lib/libxml2.2.dylib
0x000000019ce0b000 	/System/Library/PrivateFrameworks/MobileKeyBag.framework/Versions/A/MobileKeyBag
0x000000018fcc0000 	/usr/lib/libobjc.A.dylib
0x000000018ffb0000 	/usr/lib/libc++.1.dylib
0x00000001a50a9000 	/System/Library/Frameworks/Accessibility.framework/Versions/A/Accessibility
0x000000019683a000 	/System/Library/Frameworks/ColorSync.framework/Versions/A/ColorSync
0x0000000190104000 	/System/Library/Frameworks/CoreFoundation.framework/Versions/A/CoreFoundation
0x000000019bb87000 	/System/Library/Frameworks/CoreImage.framework/Versions/A/CoreImage
0x00000001927c0000 	/System/Library/Frameworks/CoreText.framework/Versions/A/CoreText
0x00000001ec9fe000 	/System/Library/Frameworks/CoreTransferable.framework/Versions/A/CoreTransferable
0x00000001ecf92000 	/System/Library/Frameworks/DeveloperToolsSupport.framework/Versions/A/DeveloperToolsSupport
0x000000019b80c000 	/System/Library/Frameworks/ImageIO.framework/Versions/A/ImageIO
0x000000022bc57000 	/System/Library/Frameworks/Symbols.framework/Versions/A/Symbols
0x000000019db0e000 	/System/Library/PrivateFrameworks/SoftLinking.framework/Versions/A/SoftLinking
0x00000001cc867000 	/usr/lib/swift/libswiftAccelerate.dylib
0x00000001a0ca2000 	/usr/lib/swift/libswiftCore.dylib
0x00000001b77b8000 	/usr/lib/swift/libswiftCoreFoundation.dylib
0x00000001b7815000 	/usr/lib/swift/libswiftCoreImage.dylib
0x00000001b502f000 	/usr/lib/swift/libswiftDarwin.dylib
0x00000001a6b0d000 	/usr/lib/swift/libswiftDispatch.dylib
0x00000001b7816000 	/usr/lib/swift/libswiftIOKit.dylib
0x00000001c3b16000 	/usr/lib/swift/libswiftMetal.dylib
0x00000001d1af2000 	/usr/lib/swift/libswiftOSLog.dylib
0x00000001a96cf000 	/usr/lib/swift/libswiftObjectiveC.dylib
0x00000002696dc000 	/usr/lib/swift/libswiftObservation.dylib
0x00000001c83de000 	/usr/lib/swift/libswiftQuartzCore.dylib
0x00000001cc858000 	/usr/lib/swift/libswiftUniformTypeIdentifiers.dylib
0x00000001b77ca000 	/usr/lib/swift/libswiftXPC.dylib
0x00000002697d2000 	/usr/lib/swift/libswift_Builtin_float.dylib
0x00000002697d7000 	/usr/lib/swift/libswift_Concurrency.dylib
0x000000026993f000 	/usr/lib/swift/libswift_StringProcessing.dylib
0x00000002699f2000 	/usr/lib/swift/libswift_errno.dylib
0x00000002699f4000 	/usr/lib/swift/libswift_math.dylib
0x00000002699f7000 	/usr/lib/swift/libswift_signal.dylib
0x00000002699f8000 	/usr/lib/swift/libswift_stdio.dylib
0x00000002699f9000 	/usr/lib/swift/libswift_time.dylib
0x00000001a96d3000 	/usr/lib/swift/libswiftos.dylib
0x00000001bae05000 	/usr/lib/swift/libswiftsimd.dylib
0x00000002699fa000 	/usr/lib/swift/libswiftsys_time.dylib
0x00000002699fb000 	/usr/lib/swift/libswiftunistd.dylib
0x000000019dcba000 	/usr/lib/libcompression.dylib
0x00000001a0130000 	/System/Library/PrivateFrameworks/TextureIO.framework/Versions/A/TextureIO
0x000000019f0fa000 	/usr/lib/libate.dylib
0x000000019db03000 	/usr/lib/system/libcache.dylib
0x000000019dabc000 	/usr/lib/system/libcommonCrypto.dylib
0x000000019dae9000 	/usr/lib/system/libcompiler_rt.dylib
0x000000019dade000 	/usr/lib/system/libcopyfile.dylib
0x000000018fe00000 	/usr/lib/system/libcorecrypto.dylib
0x000000018fee4000 	/usr/lib/system/libdispatch.dylib
0x00000001900a1000 	/usr/lib/system/libdyld.dylib
0x000000019daf9000 	/usr/lib/system/libkeymgr.dylib
0x000000019da9a000 	/usr/lib/system/libmacho.dylib
0x000000019cefb000 	/usr/lib/system/libquarantine.dylib
0x000000019daf6000 	/usr/lib/system/libremovefile.dylib
0x0000000195bde000 	/usr/lib/system/libsystem_asl.dylib
0x000000018fd95000 	/usr/lib/system/libsystem_blocks.dylib
0x000000018ff2e000 	/usr/lib/system/libsystem_c.dylib
0x000000019daed000 	/usr/lib/system/libsystem_collections.dylib
0x000000019bff0000 	/usr/lib/system/libsystem_configuration.dylib
0x000000019adc4000 	/usr/lib/system/libsystem_containermanager.dylib
0x000000019d603000 	/usr/lib/system/libsystem_coreservices.dylib
0x00000001937b8000 	/usr/lib/system/libsystem_darwin.dylib
0x0000000269b44000 	/usr/lib/system/libsystem_darwindirectory.dylib
0x000000019dafa000 	/usr/lib/system/libsystem_dnssd.dylib
0x0000000269b48000 	/usr/lib/system/libsystem_eligibility.dylib
0x000000018ff2b000 	/usr/lib/system/libsystem_featureflags.dylib
0x00000001900d4000 	/usr/lib/system/libsystem_info.dylib
0x000000019da5b000 	/usr/lib/system/libsystem_m.dylib
0x000000018fea3000 	/usr/lib/system/libsystem_malloc.dylib
0x0000000195b48000 	/usr/lib/system/libsystem_networkextension.dylib
0x0000000193c1b000 	/usr/lib/system/libsystem_notify.dylib
0x000000019bff5000 	/usr/lib/system/libsystem_sandbox.dylib
0x0000000269b4f000 	/usr/lib/system/libsystem_sanitizers.dylib
0x000000019daf2000 	/usr/lib/system/libsystem_secinit.dylib
0x0000000190059000 	/usr/lib/system/libsystem_kernel.dylib
0x00000001900cc000 	/usr/lib/system/libsystem_platform.dylib
0x0000000190094000 	/usr/lib/system/libsystem_pthread.dylib
0x00000001976b5000 	/usr/lib/system/libsystem_symptoms.dylib
0x000000018fde4000 	/usr/lib/system/libsystem_trace.dylib
0x000000019daca000 	/usr/lib/system/libunwind.dylib
0x000000018fd99000 	/usr/lib/system/libxpc.dylib
0x000000019003e000 	/usr/lib/libc++abi.dylib
0x000000019dad6000 	/usr/lib/liboah.dylib
0x0000000193ab9000 	/System/Library/PrivateFrameworks/CoreServicesInternal.framework/Versions/A/CoreServicesInternal
0x000000019db0b000 	/usr/lib/libfakelink.dylib
0x00000001a8c28000 	/System/Library/PrivateFrameworks/DiskImages.framework/Versions/A/DiskImages
0x00000001b4b65000 	/System/Library/Frameworks/NetFS.framework/Versions/A/NetFS
0x0000000195782000 	/System/Library/Frameworks/CFNetwork.framework/Versions/A/CFNetwork
0x000000019926c000 	/System/Library/Frameworks/CoreServices.framework/Versions/A/Frameworks/FSEvents.framework/Versions/A/FSEvents
0x00000001937c3000 	/System/Library/Frameworks/CoreServices.framework/Versions/A/Frameworks/CarbonCore.framework/Versions/A/CarbonCore
0x0000000198740000 	/System/Library/Frameworks/CoreServices.framework/Versions/A/Frameworks/Metadata.framework/Versions/A/Metadata
0x000000019d60a000 	/System/Library/Frameworks/CoreServices.framework/Versions/A/Frameworks/OSServices.framework/Versions/A/OSServices
0x000000019dbe9000 	/System/Library/Frameworks/CoreServices.framework/Versions/A/Frameworks/SearchKit.framework/Versions/A/SearchKit
0x0000000197630000 	/System/Library/Frameworks/CoreServices.framework/Versions/A/Frameworks/AE.framework/Versions/A/AE
0x00000001905fb000 	/System/Library/Frameworks/CoreServices.framework/Versions/A/Frameworks/LaunchServices.framework/Versions/A/LaunchServices
0x000000019ef4d000 	/System/Library/Frameworks/CoreServices.framework/Versions/A/Frameworks/DictionaryServices.framework/Versions/A/DictionaryServices
0x000000019927a000 	/System/Library/Frameworks/CoreServices.framework/Versions/A/Frameworks/SharedFileList.framework/Versions/A/SharedFileList
0x000000019dc84000 	/usr/lib/libapple_nghttp2.dylib
0x0000000197298000 	/usr/lib/libsqlite3.dylib
0x00000001a19ab000 	/System/Library/Frameworks/GSS.framework/Versions/A/GSS
0x00000001975c9000 	/System/Library/PrivateFrameworks/RunningBoardServices.framework/Versions/A/RunningBoardServices
0x00000001976be000 	/System/Library/Frameworks/Network.framework/Versions/A/Network
0x000000019da9f000 	/usr/lib/system/libkxld.dylib
0x0000000268b13000 	/usr/lib/libCoreEntitlements.dylib
0x0000000248dff000 	/System/Library/PrivateFrameworks/MessageSecurity.framework/Versions/A/MessageSecurity
0x000000019727e000 	/System/Library/PrivateFrameworks/ProtocolBuffer.framework/Versions/A/ProtocolBuffer
0x000000019d5eb000 	/System/Library/PrivateFrameworks/AppleFSCompression.framework/Versions/A/AppleFSCompression
0x000000019cf0a000 	/usr/lib/libcoretls.dylib
0x000000019efc3000 	/usr/lib/libcoretls_cfhelpers.dylib
0x000000019dcb4000 	/usr/lib/libpam.2.dylib
0x000000019f036000 	/usr/lib/libxar.1.dylib
0x000000019db60000 	/usr/lib/libarchive.2.dylib
0x00000001a3049000 	/System/Library/Frameworks/Combine.framework/Versions/A/Combine
0x0000000233f33000 	/System/Library/PrivateFrameworks/CollectionsInternal.framework/Versions/A/CollectionsInternal
0x0000000250048000 	/System/Library/PrivateFrameworks/ReflectionInternal.framework/Versions/A/ReflectionInternal
0x0000000250bd0000 	/System/Library/PrivateFrameworks/RuntimeInternal.framework/Versions/A/RuntimeInternal
0x0000000269759000 	/usr/lib/swift/libswiftSystem.dylib
0x000000019bffe000 	/System/Library/PrivateFrameworks/AppleSystemInfo.framework/Versions/A/AppleSystemInfo
0x00000001b76aa000 	/System/Library/PrivateFrameworks/LoggingSupport.framework/Versions/A/LoggingSupport
0x000000019947c000 	/System/Library/PrivateFrameworks/UserManagement.framework/Versions/A/UserManagement
0x00000001956b7000 	/usr/lib/libboringssl.dylib
0x00000001976a4000 	/usr/lib/libdns_services.dylib
0x00000001b68ca000 	/usr/lib/libquic.dylib
0x00000001a0c32000 	/usr/lib/libusrtcp.dylib
0x00000002696a4000 	/usr/lib/swift/libswiftDistributed.dylib
0x0000000195781000 	/usr/lib/libnetwork.dylib
0x000000019dc5e000 	/System/Library/PrivateFrameworks/AppleSauce.framework/Versions/A/AppleSauce
0x0000000190ddd000 	/System/Library/PrivateFrameworks/Lexicon.framework/Versions/A/Lexicon
0x0000000242cd6000 	/System/Library/PrivateFrameworks/IO80211.framework/Versions/A/IO80211
0x00000001a6daa000 	/System/Library/PrivateFrameworks/FrontBoardServices.framework/Versions/A/FrontBoardServices
0x000000019ce32000 	/System/Library/Frameworks/SecurityFoundation.framework/Versions/A/SecurityFoundation
0x000000019c125000 	/System/Library/PrivateFrameworks/LinguisticData.framework/Versions/A/LinguisticData
0x000000019cc0d000 	/System/Library/PrivateFrameworks/IOMobileFramebuffer.framework/Versions/A/IOMobileFramebuffer
0x00000001974e4000 	/System/Library/PrivateFrameworks/BaseBoard.framework/Versions/A/BaseBoard
0x00000001a6e76000 	/System/Library/PrivateFrameworks/BoardServices.framework/Versions/A/BoardServices
0x000000019ce24000 	/System/Library/PrivateFrameworks/AssertionServices.framework/Versions/A/AssertionServices
0x00000001a8a64000 	/System/Library/PrivateFrameworks/BackBoardServices.framework/Versions/A/BackBoardServices
0x000000019b220000 	/System/Library/PrivateFrameworks/FontServices.framework/libFontParser.dylib
0x0000000195bf7000 	/System/Library/PrivateFrameworks/TCC.framework/Versions/A/TCC
0x00000001ac398000 	/System/Library/PrivateFrameworks/IOSurfaceAccelerator.framework/Versions/A/IOSurfaceAccelerator
0x000000019fa97000 	/System/Library/PrivateFrameworks/WatchdogClient.framework/Versions/A/WatchdogClient
0x00000001922f1000 	/System/Library/Frameworks/CoreDisplay.framework/Versions/A/CoreDisplay
0x000000019b0b7000 	/System/Library/Frameworks/CoreMedia.framework/Versions/A/CoreMedia
0x000000019ae0c000 	/System/Library/PrivateFrameworks/IOAccelerator.framework/Versions/A/IOAccelerator
0x00000001993dc000 	/System/Library/Frameworks/CoreVideo.framework/Versions/A/CoreVideo
0x000000019dcb2000 	/System/Library/Frameworks/MetalPerformanceShaders.framework/Versions/A/MetalPerformanceShaders
0x000000024f5da000 	/System/Library/PrivateFrameworks/ProDisplayLibrary.framework/Versions/A/ProDisplayLibrary
0x000000019fade000 	/System/Library/Frameworks/VideoToolbox.framework/Versions/A/VideoToolbox
0x000000019bffc000 	/System/Library/PrivateFrameworks/AggregateDictionary.framework/Versions/A/AggregateDictionary
0x000000019efc5000 	/System/Library/PrivateFrameworks/APFS.framework/Versions/A/APFS
0x000000023098e000 	/System/Library/PrivateFrameworks/AppleKeyStore.framework/Versions/A/AppleKeyStore
0x000000019f045000 	/usr/lib/libutil.dylib
0x000000019efa4000 	/usr/lib/liblzma.5.dylib
0x00000001987d2000 	/System/Library/Frameworks/Accelerate.framework/Versions/A/Frameworks/vImage.framework/Versions/A/vImage
0x00000001a5102000 	/System/Library/Frameworks/Accelerate.framework/Versions/A/Frameworks/vecLib.framework/Versions/A/vecLib
0x000000019f07d000 	/System/Library/Frameworks/Accelerate.framework/Versions/A/Frameworks/vecLib.framework/Versions/A/libvMisc.dylib
0x0000000190a4d000 	/System/Library/Frameworks/Accelerate.framework/Versions/A/Frameworks/vecLib.framework/Versions/A/libBLAS.dylib
0x00000001a1588000 	/System/Library/Frameworks/ApplicationServices.framework/Versions/A/Frameworks/ATS.framework/Versions/A/ATS
0x00000001969f0000 	/System/Library/Frameworks/ApplicationServices.framework/Versions/A/Frameworks/HIServices.framework/Versions/A/HIServices
0x00000001a00b8000 	/System/Library/Frameworks/ApplicationServices.framework/Versions/A/Frameworks/PrintCore.framework/Versions/A/PrintCore
0x00000001a1974000 	/System/Library/Frameworks/ApplicationServices.framework/Versions/A/Frameworks/QD.framework/Versions/A/QD
0x00000001a196b000 	/System/Library/Frameworks/ApplicationServices.framework/Versions/A/Frameworks/ColorSyncLegacy.framework/Versions/A/ColorSyncLegacy
0x00000001a155a000 	/System/Library/Frameworks/ApplicationServices.framework/Versions/A/Frameworks/SpeechSynthesis.framework/Versions/A/SpeechSynthesis
0x000000023a824000 	/System/Library/PrivateFrameworks/FontServices.framework/Versions/A/FontServices
0x000000019f5d6000 	/System/Library/PrivateFrameworks/OTSVG.framework/Versions/A/OTSVG
0x0000000198f6c000 	/System/Library/Frameworks/ApplicationServices.framework/Versions/A/Frameworks/ATS.framework/Versions/A/Resources/libFontRegistry.dylib
0x000000019f620000 	/System/Library/PrivateFrameworks/FontServices.framework/libhvf.dylib
0x000000024ba1b000 	/System/Library/PrivateFrameworks/ParsingInternal.framework/Versions/A/ParsingInternal
0x00000002696fb000 	/usr/lib/swift/libswiftRegexBuilder.dylib
0x0000000269898000 	/usr/lib/swift/libswift_RegexParser.dylib
0x000000019f95e000 	/System/Library/PrivateFrameworks/AppleJPEG.framework/Versions/A/AppleJPEG
0x000000019f3f2000 	/usr/lib/libexpat.1.dylib
0x000000019ff8d000 	/System/Library/Frameworks/ImageIO.framework/Versions/A/Resources/libPng.dylib
0x000000019ffb8000 	/System/Library/Frameworks/ImageIO.framework/Versions/A/Resources/libTIFF.dylib
0x00000001a00a3000 	/System/Library/Frameworks/ImageIO.framework/Versions/A/Resources/libGIF.dylib
0x000000019f9a4000 	/System/Library/Frameworks/ImageIO.framework/Versions/A/Resources/libJP2.dylib
0x00000001a0049000 	/System/Library/Frameworks/ImageIO.framework/Versions/A/Resources/libJPEG.dylib
0x00000001a0040000 	/System/Library/Frameworks/ImageIO.framework/Versions/A/Resources/libRadiance.dylib
0x000000023f3cc000 	/System/Library/PrivateFrameworks/GPUCompiler.framework/Versions/32023/Libraries/libllvm-flatbuffers.dylib
0x000000023a8ea000 	/System/Library/PrivateFrameworks/FramePacing.framework/Versions/A/FramePacing
0x00000001eb4f7000 	/System/Library/Frameworks/OpenGL.framework/Versions/A/Libraries/libCoreFSCache.dylib
0x000000023b4a9000 	/System/Library/PrivateFrameworks/GPUCompiler.framework/Versions/32023/Libraries/libGPUCompilerUtils.dylib
0x000000023a825000 	/System/Library/PrivateFrameworks/FontServices.framework/libXTFontStaticRegistryData.dylib
0x00000001aa80a000 	/System/Library/PrivateFrameworks/ASEProcessing.framework/Versions/A/ASEProcessing
0x00000001d516b000 	/System/Library/PrivateFrameworks/Symbolication.framework/Versions/A/Symbolication
0x000000024e8a0000 	/System/Library/PrivateFrameworks/PhotosensitivityProcessing.framework/Versions/A/PhotosensitivityProcessing
0x000000019f5ca000 	/System/Library/PrivateFrameworks/GraphVisualizer.framework/Versions/A/GraphVisualizer
0x00000001eb557000 	/System/Library/Frameworks/OpenGL.framework/Versions/A/Libraries/libGLU.dylib
0x00000001eb519000 	/System/Library/Frameworks/OpenGL.framework/Versions/A/Libraries/libGFXShared.dylib
0x00000001eb6ea000 	/System/Library/Frameworks/OpenGL.framework/Versions/A/Libraries/libGL.dylib
0x00000001eb522000 	/System/Library/Frameworks/OpenGL.framework/Versions/A/Libraries/libGLImage.dylib
0x00000001eb516000 	/System/Library/Frameworks/OpenGL.framework/Versions/A/Libraries/libCVMSPluginSupport.dylib
0x0000000268cb6000 	/usr/lib/libRosetta.dylib
0x00000001eb4ff000 	/System/Library/Frameworks/OpenGL.framework/Versions/A/Libraries/libCoreVMClient.dylib
0x000000019bf3f000 	/System/Library/Frameworks/MetalPerformanceShaders.framework/Versions/A/Frameworks/MPSCore.framework/Versions/A/MPSCore
0x000000019d557000 	/System/Library/Frameworks/MetalPerformanceShaders.framework/Versions/A/Frameworks/MPSImage.framework/Versions/A/MPSImage
0x000000019cfa3000 	/System/Library/Frameworks/MetalPerformanceShaders.framework/Versions/A/Frameworks/MPSNeuralNetwork.framework/Versions/A/MPSNeuralNetwork
0x000000019d3d9000 	/System/Library/Frameworks/MetalPerformanceShaders.framework/Versions/A/Frameworks/MPSMatrix.framework/Versions/A/MPSMatrix
0x000000019d1f1000 	/System/Library/Frameworks/MetalPerformanceShaders.framework/Versions/A/Frameworks/MPSRayIntersector.framework/Versions/A/MPSRayIntersector
0x000000019d40b000 	/System/Library/Frameworks/MetalPerformanceShaders.framework/Versions/A/Frameworks/MPSNDArray.framework/Versions/A/MPSNDArray
0x00000001eeb54000 	/System/Library/Frameworks/MetalPerformanceShaders.framework/Versions/A/Frameworks/MPSFunctions.framework/Versions/A/MPSFunctions
0x00000001eeb38000 	/System/Library/Frameworks/MetalPerformanceShaders.framework/Versions/A/Frameworks/MPSBenchmarkLoop.framework/Versions/A/MPSBenchmarkLoop
0x00000001908d1000 	/System/Library/PrivateFrameworks/MetalTools.framework/Versions/A/MetalTools
0x00000001bc13c000 	/System/Library/PrivateFrameworks/IOAccelMemoryInfo.framework/Versions/A/IOAccelMemoryInfo
0x00000001c87d7000 	/System/Library/PrivateFrameworks/kperf.framework/Versions/A/kperf
0x00000001b778f000 	/System/Library/PrivateFrameworks/GPURawCounter.framework/Versions/A/GPURawCounter
0x00000001a72be000 	/System/Library/PrivateFrameworks/CoreSymbolication.framework/Versions/A/CoreSymbolication
0x00000001b7728000 	/System/Library/PrivateFrameworks/MallocStackLogging.framework/Versions/A/MallocStackLogging
0x000000019f194000 	/System/Library/PrivateFrameworks/CrashReporterSupport.framework/Versions/A/CrashReporterSupport
0x00000001a7278000 	/System/Library/PrivateFrameworks/DebugSymbols.framework/Versions/A/DebugSymbols
0x00000001c7a89000 	/System/Library/PrivateFrameworks/OSAnalytics.framework/Versions/A/OSAnalytics
0x00000001a0074000 	/System/Library/Frameworks/ApplicationServices.framework/Versions/A/Frameworks/ATSUI.framework/Versions/A/ATSUI
0x00000001a18fe000 	/usr/lib/libcups.2.dylib
0x00000001a1999000 	/System/Library/Frameworks/Kerberos.framework/Versions/A/Kerberos
0x00000001a1607000 	/usr/lib/libresolv.9.dylib
0x000000019db45000 	/usr/lib/libiconv.2.dylib
0x000000019f632000 	/System/Library/PrivateFrameworks/Heimdal.framework/Versions/A/Heimdal
0x00000001a962a000 	/System/Library/Frameworks/Kerberos.framework/Versions/A/Libraries/libHeimdalProxy.dylib
0x000000019f40d000 	/usr/lib/libheimdal-asn1.dylib
0x000000019923f000 	/System/Library/Frameworks/OpenDirectory.framework/Versions/A/OpenDirectory
0x00000001a1a06000 	/System/Library/PrivateFrameworks/CommonAuth.framework/Versions/A/CommonAuth
0x000000019924d000 	/System/Library/Frameworks/OpenDirectory.framework/Versions/A/Frameworks/CFOpenDirectory.framework/Versions/A/CFOpenDirectory
0x000000019da99000 	/usr/lib/libcharset.1.dylib
0x00000001eba76000 	/System/Library/Frameworks/AVFAudio.framework/Versions/A/AVFAudio
0x00000001b1b4c000 	/System/Library/PrivateFrameworks/AXCoreUtilities.framework/Versions/A/AXCoreUtilities
0x0000000245bcd000 	/System/Library/PrivateFrameworks/IsolatedCoreAudioClient.framework/Versions/A/IsolatedCoreAudioClient
0x00000001a1541000 	/usr/lib/libAudioStatistics.dylib
0x000000019b08f000 	/System/Library/PrivateFrameworks/caulk.framework/Versions/A/caulk
0x0000000192412000 	/System/Library/PrivateFrameworks/AudioToolboxCore.framework/Versions/A/AudioToolboxCore
0x00000001ab86c000 	/System/Library/Frameworks/CoreMIDI.framework/Versions/A/CoreMIDI
0x00000001a14e4000 	/System/Library/PrivateFrameworks/AudioSession.framework/Versions/A/AudioSession
0x00000001a2dde000 	/System/Library/Frameworks/IOBluetooth.framework/Versions/A/IOBluetooth
0x000000019f4f3000 	/System/Library/PrivateFrameworks/MediaExperience.framework/Versions/A/MediaExperience
0x000000025bddc000 	/System/Library/PrivateFrameworks/Tightbeam.framework/Versions/A/Tightbeam
0x00000001ccf1d000 	/System/Library/PrivateFrameworks/AFKUser.framework/Versions/A/AFKUser
0x000000019f616000 	/System/Library/PrivateFrameworks/AppServerSupport.framework/Versions/A/AppServerSupport
0x00000001a197e000 	/System/Library/PrivateFrameworks/perfdata.framework/Versions/A/perfdata
0x00000001b69c1000 	/System/Library/PrivateFrameworks/SystemPolicy.framework/Versions/A/SystemPolicy
0x00000001a181d000 	/usr/lib/libSMC.dylib
0x000000019ff57000 	/usr/lib/libAudioToolboxUtility.dylib
0x00000001a198b000 	/usr/lib/libperfcheck.dylib
0x0000000230f10000 	/System/Library/PrivateFrameworks/AudioAnalytics.framework/Versions/A/AudioAnalytics
0x00000001dfdbd000 	/System/Library/PrivateFrameworks/FeatureFlags.framework/Versions/A/FeatureFlags
0x00000001d8bba000 	/System/Library/Frameworks/OSLog.framework/Versions/A/OSLog
0x000000019d5f7000 	/usr/lib/libbz2.1.0.dylib
0x00000001b775a000 	/usr/lib/libmis.dylib
0x00000001a12f8000 	/System/Library/PrivateFrameworks/AudioSession.framework/libSessionUtility.dylib
0x00000001a00a9000 	/System/Library/PrivateFrameworks/CMCaptureCore.framework/Versions/A/CMCaptureCore
0x00000001ed0df000 	/System/Library/Frameworks/ExtensionFoundation.framework/Versions/A/ExtensionFoundation
0x00000001a73d2000 	/System/Library/PrivateFrameworks/CoreTime.framework/Versions/A/CoreTime
0x000000019f2ef000 	/System/Library/PrivateFrameworks/PlugInKit.framework/Versions/A/PlugInKit
0x00000001a6015000 	/System/Library/PrivateFrameworks/PowerLog.framework/Versions/A/PowerLog
0x00000001a5f27000 	/System/Library/Frameworks/CoreBluetooth.framework/Versions/A/CoreBluetooth
0x00000001a962b000 	/System/Library/Frameworks/AudioUnit.framework/Versions/A/AudioUnit
0x000000019cc9c000 	/System/Library/PrivateFrameworks/CoreUtils.framework/Versions/A/CoreUtils
0x000000023788d000 	/System/Library/PrivateFrameworks/CoreUtilsExtras.framework/Versions/A/CoreUtilsExtras
0x00000001a541c000 	/System/Library/Frameworks/MediaAccessibility.framework/Versions/A/MediaAccessibility
0x00000001bf8ae000 	/System/Library/PrivateFrameworks/AttributeGraph.framework/Versions/A/AttributeGraph
0x0000000268958000 	/usr/lib/libAXSafeCategoryBundle.dylib
0x00000001b1c06000 	/usr/lib/libAccessibility.dylib
0x000000019cae7000 	/System/Library/Frameworks/Accelerate.framework/Versions/A/Frameworks/vecLib.framework/Versions/A/libvDSP.dylib
0x000000019dd90000 	/System/Library/Frameworks/Accelerate.framework/Versions/A/Frameworks/vecLib.framework/Versions/A/libLAPACK.dylib
0x000000019cf8e000 	/System/Library/Frameworks/Accelerate.framework/Versions/A/Frameworks/vecLib.framework/Versions/A/libLinearAlgebra.dylib
0x000000019dc9f000 	/System/Library/Frameworks/Accelerate.framework/Versions/A/Frameworks/vecLib.framework/Versions/A/libSparseBLAS.dylib
0x000000019dd8b000 	/System/Library/Frameworks/Accelerate.framework/Versions/A/Frameworks/vecLib.framework/Versions/A/libQuadrature.dylib
0x000000019c12c000 	/System/Library/Frameworks/Accelerate.framework/Versions/A/Frameworks/vecLib.framework/Versions/A/libBNNS.dylib
0x0000000190ede000 	/System/Library/Frameworks/Accelerate.framework/Versions/A/Frameworks/vecLib.framework/Versions/A/libSparse.dylib
0x000000024707f000 	/System/Library/PrivateFrameworks/MIL.framework/Versions/A/MIL
0x00000001a003b000 	/System/Library/PrivateFrameworks/GPUWrangler.framework/Versions/A/GPUWrangler
0x00000001a001b000 	/System/Library/PrivateFrameworks/IOPresentment.framework/Versions/A/IOPresentment
0x00000001a0043000 	/System/Library/PrivateFrameworks/DSExternalDisplay.framework/Versions/A/DSExternalDisplay
0x00000001d8fba000 	/System/Library/PrivateFrameworks/HIDDisplay.framework/Versions/A/HIDDisplay
0x00000001b096c000 	/System/Library/PrivateFrameworks/HID.framework/Versions/A/HID
0x000000025f24f000 	/System/Library/PrivateFrameworks/VideoToolboxParavirtualizationSupport.framework/Versions/A/VideoToolboxParavirtualizationSupport
0x000000019f3a8000 	/System/Library/PrivateFrameworks/AppleVA.framework/Versions/A/AppleVA
0x00000001a6f20000 	/System/Library/PrivateFrameworks/GraphicsServices.framework/Versions/A/GraphicsServices
0x00000001a1b6a000 	/System/Library/PrivateFrameworks/CorePhoneNumbers.framework/Versions/A/CorePhoneNumbers
0x00000001a6105000 	/System/Library/PrivateFrameworks/MediaKit.framework/Versions/A/MediaKit
0x00000001a6050000 	/System/Library/Frameworks/DiscRecording.framework/Versions/A/DiscRecording
0x000000019c005000 	/System/Library/PrivateFrameworks/CoreNLP.framework/Versions/A/CoreNLP
0x000000019cf34000 	/usr/lib/libmecab.dylib
0x0000000190fd3000 	/usr/lib/libCRFSuite.dylib
0x000000019cf8b000 	/usr/lib/libgermantok.dylib
0x000000019dc55000 	/usr/lib/libThaiTokenizer.dylib
0x00000001a195e000 	/System/Library/PrivateFrameworks/NetAuth.framework/Versions/A/NetAuth
0x000000019943d000 	/System/Library/PrivateFrameworks/login.framework/Versions/A/Frameworks/loginsupport.framework/Versions/A/loginsupport
0x000000019f418000 	/System/Library/PrivateFrameworks/IconFoundation.framework/Versions/A/IconFoundation
0x000000019f18b000 	/usr/lib/libIOReport.dylib
0x000000019cefe000 	/usr/lib/libCheckFix.dylib
0x00000001986e0000 	/System/Library/PrivateFrameworks/MetadataUtilities.framework/Versions/A/MetadataUtilities
0x000000024331f000 	/System/Library/PrivateFrameworks/InstalledContentLibrary.framework/Versions/A/InstalledContentLibrary
0x0000000193af9000 	/System/Library/PrivateFrameworks/CoreServicesStore.framework/Versions/A/CoreServicesStore
0x0000000230b88000 	/System/Library/PrivateFrameworks/AppleMobileFileIntegrity.framework/Versions/A/AppleMobileFileIntegrity
0x00000001c88d3000 	/System/Library/PrivateFrameworks/MobileSystemServices.framework/Versions/A/MobileSystemServices
0x00000001e84d1000 	/System/Library/PrivateFrameworks/ConfigProfileHelper.framework/Versions/A/ConfigProfileHelper
0x000000019f049000 	/usr/lib/libxslt.1.dylib
0x000000019cec0000 	/System/Library/PrivateFrameworks/BackgroundTaskManagement.framework/Versions/A/BackgroundTaskManagement
0x0000000268cfc000 	/usr/lib/libTLE.dylib
0x00000001a8dea000 	/usr/lib/libcurl.4.dylib
0x0000000268f34000 	/usr/lib/libcrypto.46.dylib
0x0000000269480000 	/usr/lib/libssl.48.dylib
0x00000001a8abe000 	/System/Library/Frameworks/LDAP.framework/Versions/A/LDAP
0x00000001a8afa000 	/System/Library/PrivateFrameworks/TrustEvaluationAgent.framework/Versions/A/TrustEvaluationAgent
0x00000001a1620000 	/usr/lib/libsasl2.2.dylib
0x00000001a4d32000 	/System/Library/PrivateFrameworks/SpeechRecognitionCore.framework/Versions/A/SpeechRecognitionCore
0x00000001011b0000 	/Users/tanpt/Library/Java/JavaVirtualMachines/ms-17.0.14/Contents/Home/lib/server/libjvm.dylib
0x00000001001ac000 	/Users/tanpt/Library/Java/JavaVirtualMachines/ms-17.0.14/Contents/Home/lib/libjimage.dylib
0x00000001001e0000 	/Users/tanpt/Library/Java/JavaVirtualMachines/ms-17.0.14/Contents/Home/lib/libinstrument.dylib
0x0000000100234000 	/Users/tanpt/Library/Java/JavaVirtualMachines/ms-17.0.14/Contents/Home/lib/libjava.dylib
0x00000001010c0000 	/Users/tanpt/Library/Java/JavaVirtualMachines/ms-17.0.14/Contents/Home/lib/libzip.dylib
0x00000001010ec000 	/Users/tanpt/Library/Java/JavaVirtualMachines/ms-17.0.14/Contents/Home/lib/libnio.dylib
0x0000000101110000 	/Users/tanpt/Library/Java/JavaVirtualMachines/ms-17.0.14/Contents/Home/lib/libnet.dylib
0x0000000101138000 	/Users/tanpt/Library/Java/JavaVirtualMachines/ms-17.0.14/Contents/Home/lib/libverify.dylib
0x0000000100210000 	/Users/tanpt/.gradle/native/c067742578af261105cb4f569cf0c3c89f3d7b1fecec35dd04571415982c5e48/osx-aarch64/libnative-platform.dylib
0x0000000116900000 	/Users/tanpt/.gradle/native/100fb08df4bc3b14c8652ba06237920a3bd2aa13389f12d3474272988ae205f9/osx-aarch64/libnative-platform-file-events.dylib
0x0000000101170000 	/Users/tanpt/Library/Java/JavaVirtualMachines/ms-17.0.14/Contents/Home/lib/libmanagement.dylib
0x0000000101188000 	/Users/tanpt/Library/Java/JavaVirtualMachines/ms-17.0.14/Contents/Home/lib/libmanagement_ext.dylib
0x000000010fb4c000 	/Users/tanpt/Library/Java/JavaVirtualMachines/ms-17.0.14/Contents/Home/lib/libextnet.dylib
0x0000000116f00000 	/Users/tanpt/Library/Java/JavaVirtualMachines/ms-17.0.14/Contents/Home/lib/libawt.dylib
0x0000000116974000 	/Users/tanpt/Library/Java/JavaVirtualMachines/ms-17.0.14/Contents/Home/lib/libmlib_image.dylib
0x00000001edee0000 	/System/Library/Frameworks/JavaRuntimeSupport.framework/Versions/A/JavaRuntimeSupport
0x00000001b6403000 	/System/Library/Frameworks/Carbon.framework/Versions/A/Carbon
0x00000001adbb5000 	/System/Library/Frameworks/Carbon.framework/Versions/A/Frameworks/CommonPanels.framework/Versions/A/CommonPanels
0x00000001a8dd5000 	/System/Library/Frameworks/Carbon.framework/Versions/A/Frameworks/Help.framework/Versions/A/Help
0x00000001adbb9000 	/System/Library/Frameworks/Carbon.framework/Versions/A/Frameworks/ImageCapture.framework/Versions/A/ImageCapture
0x00000001adb94000 	/System/Library/Frameworks/Carbon.framework/Versions/A/Frameworks/OpenScripting.framework/Versions/A/OpenScripting
0x00000001adbb4000 	/System/Library/Frameworks/Carbon.framework/Versions/A/Frameworks/Ink.framework/Versions/A/Ink
0x00000001adbb1000 	/System/Library/Frameworks/Carbon.framework/Versions/A/Frameworks/SecurityHI.framework/Versions/A/SecurityHI
0x0000000124124000 	/Users/tanpt/Library/Java/JavaVirtualMachines/ms-17.0.14/Contents/Home/lib/libawt_lwawt.dylib
0x000000010fb98000 	/Users/tanpt/Library/Java/JavaVirtualMachines/ms-17.0.14/Contents/Home/lib/libosxapp.dylib
0x00000001b5092000 	/System/Library/Frameworks/ExceptionHandling.framework/Versions/A/ExceptionHandling
0x000000012437c000 	/Users/tanpt/Library/Java/JavaVirtualMachines/ms-17.0.14/Contents/Home/lib/libfontmanager.dylib
0x000000012424c000 	/Users/tanpt/Library/Java/JavaVirtualMachines/ms-17.0.14/Contents/Home/lib/libfreetype.dylib


VM Arguments:
jvm_args: --add-opens=java.base/java.lang=ALL-UNNAMED --add-opens=java.base/java.lang.invoke=ALL-UNNAMED --add-opens=java.base/java.util=ALL-UNNAMED --add-opens=java.prefs/java.util.prefs=ALL-UNNAMED --add-exports=jdk.compiler/com.sun.tools.javac.api=ALL-UNNAMED --add-exports=jdk.compiler/com.sun.tools.javac.util=ALL-UNNAMED --add-opens=java.base/java.util=ALL-UNNAMED --add-opens=java.prefs/java.util.prefs=ALL-UNNAMED --add-opens=java.base/java.nio.charset=ALL-UNNAMED --add-opens=java.base/java.net=ALL-UNNAMED --add-opens=java.base/java.util.concurrent.atomic=ALL-UNNAMED --add-opens=java.xml/javax.xml.namespace=ALL-UNNAMED -Xmx2000m -Dfile.encoding=UTF-8 -Duser.country=VN -Duser.language=en -Duser.variant -javaagent:/Users/tanpt/.gradle/wrapper/dists/gradle-8.11.1-bin/bpt9gzteqjrbo1mjrsomdt32c/gradle-8.11.1/lib/agents/gradle-instrumentation-agent-8.11.1.jar 
java_command: org.gradle.launcher.daemon.bootstrap.GradleDaemon 8.11.1
java_class_path (initial): /Users/tanpt/.gradle/wrapper/dists/gradle-8.11.1-bin/bpt9gzteqjrbo1mjrsomdt32c/gradle-8.11.1/lib/gradle-daemon-main-8.11.1.jar
Launcher Type: SUN_STANDARD

[Global flags]
     intx CICompilerCount                          = 4                                         {product} {ergonomic}
     uint ConcGCThreads                            = 2                                         {product} {ergonomic}
     uint G1ConcRefinementThreads                  = 9                                         {product} {ergonomic}
   size_t G1HeapRegionSize                         = 1048576                                   {product} {ergonomic}
    uintx GCDrainStackTargetSize                   = 64                                        {product} {ergonomic}
   size_t InitialHeapSize                          = 268435456                                 {product} {ergonomic}
   size_t MarkStackSize                            = 4194304                                   {product} {ergonomic}
   size_t MaxHeapSize                              = 2097152000                                {product} {command line}
   size_t MaxNewSize                               = 1258291200                                {product} {ergonomic}
   size_t MinHeapDeltaBytes                        = 1048576                                   {product} {ergonomic}
   size_t MinHeapSize                              = 8388608                                   {product} {ergonomic}
    uintx NonNMethodCodeHeapSize                   = 5839564                                {pd product} {ergonomic}
    uintx NonProfiledCodeHeapSize                  = 122909338                              {pd product} {ergonomic}
    uintx ProfiledCodeHeapSize                     = 122909338                              {pd product} {ergonomic}
    uintx ReservedCodeCacheSize                    = 251658240                              {pd product} {ergonomic}
     bool SegmentedCodeCache                       = true                                      {product} {ergonomic}
   size_t SoftMaxHeapSize                          = 2097152000                             {manageable} {ergonomic}
     bool UseCompressedClassPointers               = true                           {product lp64_product} {ergonomic}
     bool UseCompressedOops                        = true                           {product lp64_product} {ergonomic}
     bool UseG1GC                                  = true                                      {product} {ergonomic}
     bool UseNUMA                                  = false                                     {product} {ergonomic}
     bool UseNUMAInterleaving                      = false                                     {product} {ergonomic}

Logging:
Log output configuration:
 #0: stdout all=warning uptime,level,tags
 #1: stderr all=off uptime,level,tags

Environment Variables:
PATH=/opt/homebrew/bin:/usr/local/bin:/System/Cryptexes/App/usr/bin:/usr/bin:/bin:/usr/sbin:/sbin:/var/run/com.apple.security.cryptexd/codex.system/bootstrap/usr/local/bin:/var/run/com.apple.security.cryptexd/codex.system/bootstrap/usr/bin:/var/run/com.apple.security.cryptexd/codex.system/bootstrap/usr/appleinternal/bin:/Library/Apple/usr/bin
SHELL=/bin/zsh
LC_CTYPE=en_US.UTF-8
TMPDIR=/var/folders/68/1ckvs45d11j8tcd9mrhfch_00000gn/T/

Active Locale:
LC_ALL=C
LC_COLLATE=C
LC_CTYPE=C
LC_MESSAGES=C
LC_MONETARY=C
LC_NUMERIC=C
LC_TIME=C

Signal Handlers:
   SIGSEGV: crash_handler in libjvm.dylib, mask=11100110000111110111111111111111, flags=SA_RESTART|SA_SIGINFO, unblocked
    SIGBUS: crash_handler in libjvm.dylib, mask=11100110000111110111111111111111, flags=SA_RESTART|SA_SIGINFO, unblocked
    SIGFPE: crash_handler in libjvm.dylib, mask=11100110000111110111111111111111, flags=SA_RESTART|SA_SIGINFO, unblocked
   SIGPIPE: javaSignalHandler in libjvm.dylib, mask=11100110000111110111111111111111, flags=SA_RESTART|SA_SIGINFO, blocked
   SIGXFSZ: javaSignalHandler in libjvm.dylib, mask=11100110000111110111111111111111, flags=SA_RESTART|SA_SIGINFO, blocked
    SIGILL: crash_handler in libjvm.dylib, mask=11100110000111110111111111111111, flags=SA_RESTART|SA_SIGINFO, unblocked
   SIGUSR2: SR_handler in libjvm.dylib, mask=00000000000000000000000000000000, flags=SA_RESTART|SA_SIGINFO, blocked
    SIGHUP: UserHandler in libjvm.dylib, mask=11100110000111110111111111111111, flags=SA_RESTART|SA_SIGINFO, blocked
    SIGINT: UserHandler in libjvm.dylib, mask=11100110000111110111111111111111, flags=SA_RESTART|SA_SIGINFO, blocked
   SIGTERM: UserHandler in libjvm.dylib, mask=11100110000111110111111111111111, flags=SA_RESTART|SA_SIGINFO, blocked
   SIGQUIT: UserHandler in libjvm.dylib, mask=11100110000111110111111111111111, flags=SA_RESTART|SA_SIGINFO, blocked
   SIGTRAP: crash_handler in libjvm.dylib, mask=11100110000111110111111111111111, flags=SA_RESTART|SA_SIGINFO, unblocked


Periodic native trim disabled


---------------  S Y S T E M  ---------------

OS:
uname: Darwin 24.0.0 Darwin Kernel Version 24.0.0: Tue Sep 24 23:39:07 PDT 2024; root:xnu-11215.1.12~1/RELEASE_ARM64_T6000 arm64
OS uptime: 0 days 3:00 hours
rlimit (soft/hard): STACK 8176k/65520k , CORE 0k/infinity , NPROC 2666/4000 , NOFILE 1048576/infinity , AS infinity/infinity , CPU infinity/infinity , DATA infinity/infinity , FSIZE infinity/infinity , MEMLOCK infinity/infinity , RSS infinity/infinity
load average: 17.64 8.45 5.54

CPU: total 10 (initial active 10) 0x61:0x0:0x1b588bb3:0, fp, simd, crc, lse
machdep.cpu.brand_string:Apple M1 Pro
hw.cachelinesize:128
hw.l1icachesize:131072
hw.l1dcachesize:65536
hw.l2cachesize:4194304

Memory: 16k page, physical 16777216k(71328k free), swap 1048576k(425152k free)

vm_info: OpenJDK 64-Bit Server VM (17.0.14+7-LTS) for bsd-aarch64 JRE (17.0.14+7-LTS), built on Jan  8 2025 23:16:19 by "MicrosoftCorporation" with clang Apple LLVM 12.0.5 (clang-1205.0.22.9)

END.
